unique_id,text,language,avg_links_len,avg_max_depth,avg_verb_edges,lexical_density,n_tokens,question_type,complexity_score
en_content_152,What do I need to do?,en,-0.144,-1.199,0.333,0.333,2.079,0,1.402
en_polar_80,you live in NZ and you eat McDonalds ice cream?,en,-0.093,0.966,0.5,0.545,2.565,1,4.483
ar_content_3,فإذن أين يكمن الخلاف؟!,ar,-0.305,-3.095,0.6,0.6,2.079,0,-0.121
ko_polar_48,그런데 과연 기본 가격만으로 재정 조건을 충족시킬 수 있을까?,ko,0.335,-1.635,0.833,0.889,2.398,1,2.82
fi_content_18,Miksi meidän pitäisi sitten osata olla niin vapaita seksuaalisesti?,fi,0.004,-0.743,0.8,0.667,2.398,0,3.126
ko_content_84,그러면 소설 속에서 적극적 주인공이 필요없다면 어떻게 전형성을 통해 작품의 주제를 이끌어 낼 수 있을까?,ko,0.513,-0.467,0.0,0.8,2.833,0,3.679
ar_content_40,ما معنى هذا الكلام؟,ar,-0.722,-2.095,0.0,0.5,1.792,0,-0.525
ko_content_67,"그럼, 이 종자돈 300만 원을 어떻게 활용하면 좋을 것인가?",ko,-0.076,-0.467,0.0,0.556,2.485,0,2.498
en_polar_302,Do you have a tel # for Mike?,en,-0.479,-0.034,0.333,0.375,2.303,1,2.498
ko_content_140,그런데 이 여인이 존재라는 속성을 갖지 않는다면 어떻게 되겠습니까?,ko,-0.076,-1.467,0.208,0.667,2.398,0,1.73
ru_polar_12,Подскажите нужно ли обращаться за помощью?,ru,-0.764,0.397,0.2,0.667,2.079,1,2.579
en_polar_464,Should I just settle and book on line?,en,-0.622,-0.034,0.417,0.5,2.303,1,2.564
id_polar_251,"Engkau telah berzinah dengan banyak kekasih, dan mau kembali kepada-Ku?",id,0.002,-0.362,0.417,0.364,2.639,1,3.06
en_polar_472,and will these antibiotics help?,en,0.057,-1.034,0.333,0.4,1.946,1,1.702
fi_content_44,Miten sitä enää jaksaa?,fi,-0.121,-1.743,0.6,1.0,1.792,0,1.528
ja_polar_40,最高裁と大マスコミはネット表現の敵ですか?,ja,-0.484,-0.273,0.0,0.583,2.639,1,2.465
ja_content_22,"自分たちの会員であるホメオパシー信者の活動の中で人が一人亡くなっているのに,“HOMOEOPATHYYES”とは,日本ホメオパシー医学協会は,いったい,どういう神経をしているのでしょうか。",ja,0.709,3.61,0.233,0.575,3.871,0,8.998
ru_polar_64,Аоезда скорые или автобусы идут ли?,ru,-0.164,-0.603,0.4,0.667,2.079,1,2.379
ru_polar_191,Будем ли мы вместе несмотря на запрет?,ru,-0.164,-0.603,0.0,0.429,2.197,1,1.859
id_content_255,Yaksa: Siapakah yang benar-benar berbahagia?,id,0.122,-0.226,0.4,0.5,2.197,0,2.993
ar_content_11, ما هي التهم التي ستوجه إلى صدام حسين وأعضاء قيادته؟,ar,-0.389,-0.095,0.6,0.308,2.773,0,3.197
fi_content_61,"Jos roolit ovat toisinpäin, ajattelee ""Mitä vittua?""",fi,-0.287,-0.743,0.4,0.571,2.485,0,2.426
ru_polar_164,"Если мне будет мастурбировать чувак, пока я буду смотреть на нюдесы его девушки, будет ли он считаться куколдом?",ru,0.365,-0.603,0.8,0.389,3.091,1,4.042
ko_polar_71,그대가 왕인 나에게 복종하기를 거부하는 것은 그대가 자기자신을 너무 과신하고 있기 때문이 아니겠는가?,ko,0.043,1.365,0.278,0.692,2.708,1,5.086
ja_polar_63,またはそれは高価な基準または前払関税なのか？,ja,0.711,-0.273,0.0,0.286,2.773,1,3.497
en_content_262,What could be the issue and can I try some home remedies first?,en,0.156,-0.199,0.667,0.385,2.708,0,3.717
id_content_246,"Jadi Abah Buyut sendiri merupakan sebuah misteri terpisah, darimana beliau belajar Maenpo ini, apakah hasil perenungan sendiri atau ada yang mengajari?",id,0.17,2.774,0.44,0.591,3.258,0,7.233
ar_polar_15,وأبدى شيخ الأزهر دهشته ممن يقولون إنه لا يؤمن بالرأي الآخر وقال: إن بابي مفتوح يدخله العامل والشحات وإنني قلت لمكتبي: لا تمنعوا أحداً من الدخول، وقال ساخراً من هؤلاء: هل هناك حرية رأي أكثر من ذلك؟,ar,1.007,3.375,0.533,0.451,4.043,1,9.409
en_content_275,"My Snake's meal is TOO big, what can I do?",en,-0.244,-0.199,0.333,0.455,2.639,0,2.984
ar_content_9, ما هي طبيعة المحكمة الخاصة التي شكلها مجلس الحكم لمحاكمة صدام حسين وأعضاء النظام السابق؟,ar,-0.644,3.905,0.6,0.556,3.045,0,7.462
en_polar_503,would You like going for *coffee* with him?,en,0.092,-0.034,0.333,0.375,2.485,1,3.251
en_content_305,When you feed him how many pinkies do you feed him?,en,-0.344,-0.199,0.583,0.545,2.565,0,3.15
ru_polar_46,"И видел ли хоть кто-то, что кого-то не пускают из-за температуры?",ru,0.136,-0.603,0.8,0.273,2.639,1,3.245
ja_content_20,削除しないのはなぜだろう?,ja,0.273,-1.39,0.4,0.286,2.197,0,1.766
en_content_19,Who is artist Gunther Uecker;explain?,en,0.056,-1.199,0.0,0.667,2.197,0,1.721
en_content_46,how many ounces in a pint in ireland?,en,-0.344,-1.199,0.0,0.625,2.303,0,1.385
en_polar_442,Can rabbits and chickens live together?,en,0.007,-0.034,0.333,0.667,2.079,1,3.052
en_content_75,"so, enemy, what's your point?",en,1.256,-2.199,0.0,0.5,2.303,0,1.86
en_polar_370,The Canadian Regenesis actress Mayko Nguyen has Japanese connection or is it her fake name?,en,0.449,-0.034,0.5,0.667,2.833,1,4.415
id_polar_135,``Kalau begitu kamu memang bermaksud membohongiku?,id,-0.098,-1.362,0.5,0.571,2.303,1,1.914
en_polar_200,"Ben Taub hospital is located at 1504 Taub Loop, Houston, Texas, phone number: 713-793-2000.?",en,0.422,-0.034,0.667,0.714,2.996,1,4.765
fi_polar_0,Onko ammatillinen uskottavuuteni noin pientä..?,fi,-0.008,-0.664,0.0,0.8,2.079,1,2.207
ru_polar_121,"В интернете это написано, но правда ли это?",ru,-0.021,-0.603,0.6,0.375,2.398,1,2.749
id_polar_81,"Bukankah (keadaannya) sama kami dengan anda, tidak bisa jauh dari air?",id,0.235,-0.362,0.0,0.308,2.89,1,3.071
fi_content_88,"Kysyipä joku epähienotunteisesti, että miten lienee sosialidemokraattien laita?",fi,0.022,0.257,0.6,0.75,2.398,0,4.027
ar_content_45,"ترتيبات للقاء بين مبارك وشارون بعد ""تقارب"" مصري ـ إسرائيلي؟",ar,0.345,-1.095,0.0,0.455,2.773,0,2.478
id_content_216,Isteri yang cakap siapakah akan mendapatkannya?,id,0.265,-0.226,0.6,0.375,2.303,0,3.317
id_polar_34,Apakah layak sesuatu disebut pengasih akan tetapi sebenarnya merupakan penghukum atau penyiksa?,id,-0.182,0.638,0.667,0.615,2.708,1,4.446
fi_polar_80,Onko tosiaan näin?,fi,-0.508,-1.664,0.0,0.667,1.609,1,0.104
id_polar_111,Lalu berkatalah Yakub kepada Laban: ``Apakah yang kauperbuat terhadap aku ini?,id,-0.015,0.638,0.583,0.308,2.833,1,4.347
en_content_367,"What is the nearest National Park to Birmingham, UK?",en,-0.219,-0.199,0.0,0.556,2.485,0,2.623
fi_content_42,"On vain yksi, miksi?",fi,0.213,-0.743,0.4,0.75,1.946,0,2.566
fi_polar_64,Tuleeko hän varmasti?,fi,-0.508,-1.664,0.4,0.667,1.609,1,0.504
id_content_268,Di manakah harta raja itu sekarang?,id,-0.211,-1.226,0.0,0.429,2.197,0,1.189
ru_polar_20,Опасно ли если ребёнок откусил яблочного червя с яблоком?,ru,-0.164,-0.603,0.8,0.667,2.398,1,3.098
ja_polar_30,そんな夏にぴったり?,ja,-0.878,-1.273,0.0,0.5,1.792,1,0.141
ar_polar_2,رئيس الجمعية موافق وقسم هام من الاعضاء رافضون والاختلاف محوره هذه المرة قضية التطبيع وتداعياتها المعقدة المحمولة على اجنحة متعددة بين السياسي والثقافي والفكري والعلمي مشدودة الى الاشكال الحارق الوحيد: هل نقبل باسرائيل ام نصمد على خط القطيعة؟,ar,0.537,6.375,0.0,0.596,3.912,1,11.42
fi_content_55,"”Tietävätköhän Jumalat nyt, mitä ovat tekemässä?”",fi,0.279,-0.743,0.4,0.667,2.398,0,3.001
fi_content_30,"Mitä tapahtuu, jos itäeurooppalaiset ja keskieurooppalaiset vallan keskukset kerran siirtyvät?",fi,0.99,2.257,0.5,0.7,2.565,0,7.012
fi_polar_31,"Kääntäisikö Se mahtavan Ahterinsa Nielun kansalle, ja siunaisi sitä ruskealla sukkulalla ja kultaisella sateella, vai laskisiko Se alas kauhistuttavan Kätensä mukanaan sininen kaikentuhoava tulva?",fi,1.079,1.336,0.867,0.708,3.332,1,7.322
ar_content_14, ربما أم مؤكد؟,ar,-0.555,-3.095,0.0,0.333,1.792,0,-1.525
en_polar_582,Was the iPhone the first Smart Phone?,en,0.64,-1.034,0.0,0.571,2.197,1,2.374
ko_content_14,과연 이럴 때 우리 성도들은 어떻게 처신해야 좋겠습니까?,ko,0.084,-1.467,0.0,0.625,2.303,0,1.545
fi_content_23,- ... Mutta miten ne ei ole vieläkään saanut rakennettua sitä Lepuskin tornia?,fi,0.679,0.257,0.6,0.545,2.708,0,4.789
ko_content_144,고령화 사회가 도래하면 우리사회에는 어떤 문제가 발생할 것인가?,ko,-0.487,-0.467,0.333,0.625,2.303,0,2.307
fi_content_41,"Miten mies voisikaan tietää, ettei Pekulla enää edes ole puhelintaan?",fi,0.179,-0.743,0.6,0.636,2.639,0,3.311
ja_polar_35,未来の英雄?,ja,-0.712,-1.273,0.0,0.667,1.609,1,0.291
ko_content_197,우주에 관해서 우리는 무엇을 알고 있으며 또 어떻게 그것을 알게 되었을까?,ko,0.799,-1.467,0.056,0.364,2.565,0,2.317
ko_content_81,도대체 왜 고르비는 리슈꼬프와 빠블로프 등 매우 단견적인 인물들에 의해 경제정책을 입안하게 했는가?,ko,0.632,1.533,0.417,0.769,2.708,0,6.059
ru_polar_167,Можно ли прийти в турагентство и спросить набирают ли они группу для такого полета?,ru,-0.087,1.397,0.5,0.5,2.773,1,5.083
ja_content_26,一連の事態をどのように理解すればいいのでしょうか。,ja,-0.24,-0.39,1.0,0.286,2.773,0,3.429
ru_content_340,"Я ничего не понял, как понять, обучили меня смешарики чему-то?",ru,0.288,-0.955,0.5,0.5,2.639,0,2.972
id_polar_87,``Kang mas apa menangis?,id,-0.432,-1.362,0.333,1.0,1.946,1,1.485
en_polar_204,Just wanted to know were we stand on the ETA and PA for Argentina?,en,-0.347,1.966,0.389,0.571,2.773,1,5.352
en_content_38,Which Compact System Camera Should I Get...?,en,-0.511,-0.199,0.333,0.571,2.303,0,2.497
fi_polar_75,"Mistä tiedetään, paljonko työtä tietty kurssi on opiskelijalta vaatinut?",fi,0.742,0.336,0.5,0.778,2.485,1,4.841
ja_polar_16,知恵とアイディアを結集させたこの「推し面メーカー」は、最初から公開予定だったのだろうか。,ja,0.312,1.727,0.125,0.409,3.296,1,5.869
ru_content_377,И почему друзей разрешается иметь только до десяти тысяч включительно?,ru,0.066,0.045,0.417,0.6,2.485,0,3.613
ja_content_39,民間企業において宗教的信念に関する発言を妨げる危険のある制限は何であるか？,ja,-0.203,4.61,0.08,0.545,3.178,0,8.21
fi_content_103,Mikä siis avuksi?,fi,-0.621,-1.743,0.0,0.667,1.609,0,-0.088
en_content_362,What influenced Picasso's cubism style of painting?,en,-0.487,-0.199,0.333,0.625,2.303,0,2.575
id_polar_225,Adakah gelombang P?,id,-0.765,-1.362,0.333,0.75,1.792,1,0.748
ar_content_0,ويعود الصائم، بعد افطاره الشهي، الى حيث تستقبله، في كل الفضائيات العربية، مشاهد المآسي التي تجري في فلسطين، والمجازر التي يرتكبها العدو الصهيوني ضد شعبنا العربي المسلم في هذه الارض العربية المغتصبة والمدماة... فماذا يفعل؟,ar,1.373,4.905,0.6,0.535,3.97,0,11.383
ru_polar_155,Не нужно ли мне будет сидеть потом 2х недельный карантин дома?,ru,0.236,-0.603,0.6,0.545,2.565,1,3.343
ko_content_43,왜 노동자의 꾸가에서 노동자의 상태개선이 아니라 농민의 상태개선인가?,ko,0.084,-0.467,0.5,0.875,2.303,0,3.295
ko_polar_56,그렇다면 뻬레스트로이카의 어떠한 측면이 그 반동적 성격을 강화했으며 또 어떠한 측면이 고르비를 뿌치의 반동으로부터 구해낼 수 있었는가?,ko,1.085,-0.635,0.0,0.824,2.944,1,4.218
id_content_59,Mengapa Kanade ada lebih dulu di dunia Afterlife?,id,-0.163,-1.226,0.8,0.875,2.303,0,2.589
ja_polar_51,すごくそういうところを引っかかる感じですか?,ja,-0.462,0.727,0.375,0.667,2.398,1,3.705
ko_polar_28,그렇다면 사회주의적 생산에서는 어떠한 변화를 겪게 되는가?,ko,-0.04,-1.635,0.222,0.857,2.197,1,1.601
ar_content_26,"وماذا عن المكتبات؟. عن هذا السؤال اجاب ستيف ريجيو المسؤول عن مكتبة ""بارنيساندنوبل.كوم"" الاميركية على شبكة الانترنت بالقول ""خلال 20 عاما، ستدخل مكتبة ما وتلقم المؤلفات التى تريد على كتابك الالكتروني"".",ar,0.667,1.905,0.5,0.432,3.85,0,7.354
id_content_13,Kemana impian jiwa muda ini membawa mereka?,id,0.456,-0.226,0.6,0.714,2.197,0,3.741
id_content_256,(C) Di mana kita saat ini?,id,0.722,-0.226,0.0,0.333,2.303,0,3.132
ja_polar_43,一番希望するのは?,ja,-0.462,-2.273,0.75,0.4,1.946,1,0.361
id_polar_108,"Ia bertanya, “Bisakah kita membuat sebuah mobil mewah terbaik di dunia?” Pertanyaan Eiji ini membuat Toyota memulai sebuah proyek super - rahasia yang diberi kode F1 (“Flagship” (Unggulan) + “No. 1 vehicle” (Mobil No. 1)).",id,0.813,6.638,0.4,0.657,3.989,1,12.497
ar_content_32,اذاً، انتصرت السلطة او هكذا تعتقد. انتصرت على المعارضة؟ لا، بل هي على الدولة انتصرت. فمع انتهاء ما بدا فصلاً من معركتها مع المعارضة، بات جلياً ان مفهوم الدولة سقط، بل ان الممارسات الدؤوبة للسلطة ومحاسيبها قد اسقطته.,ar,2.224,2.905,0.45,0.523,3.97,0,10.072
ar_content_42,ماذا سيفعل عندما سيعود إليها باسم الانتقام؟,ar,-0.055,-1.095,0.5,0.364,2.565,0,2.279
fi_content_112,Mitä ihmettä tämä tarkoittaa?,fi,-0.454,-0.743,0.4,0.5,1.792,0,1.495
fi_content_99,"Ensinnäkin sen sijaan, että työntekijöitä komennettaisiin milloin mihinkin projektiin, saa usein kuulla kysymystä ”mitä haluaisit tehdä?”, ja työntekijän toiveita myös oikeasti kuunnellaan.",fi,1.356,2.257,0.533,0.727,3.401,0,8.274
fi_polar_112,"Voisitko itse paremmin, jos seksielämäsi jatkuisi?”",fi,0.392,-0.664,0.5,0.833,2.303,1,3.364
ru_polar_49,Легко ли найти жилье и работу?,ru,-0.764,0.397,0.2,0.667,2.079,1,2.579
id_content_117,Fadil bilang apa benar Kamila belum ditemukan?,id,-0.211,-0.226,0.2,0.857,2.197,0,2.817
ko_content_231,러시아 땅에 전기와 기계가 소나기처럼 퍼부어졌는데도 낙원의 여왕은 왜 오지 않았을까?,ko,-0.301,-0.467,0.5,0.818,2.565,0,3.115
ko_polar_18,그렇다고 멀쩡한 아내와 어린 두 아들을 권총으로 쏴 죽인 후에 자살을 해야 직성이 풀린단 말입니까?,ko,0.674,3.365,0.389,0.667,2.833,1,7.928
id_content_180,"Lalu, mengapa para pengembang menggunakan nama ``Catfiz''?",id,0.289,-1.226,0.8,0.714,2.485,0,3.062
ko_polar_191,과연 영국에는 패션이 없는가?,ko,-0.04,-2.635,0.0,1.0,1.792,1,0.117
en_polar_334,Would you recommend living in Limerick as a student?,en,-0.318,-0.034,0.333,0.444,2.398,1,2.823
fi_polar_57,Suostutteko keskustapuolueen uudeksi puheenjohtajaksi?,fi,-0.008,-0.664,0.2,1.0,1.792,1,2.32
ja_content_18,"信者の人権を守るために身体の自由をどの程度侵してもやむを得ないと言えるのか,という議論ではないでしょうか。",ja,0.058,2.61,0.5,0.375,3.555,0,7.098
ru_content_464,"В общем как вы считаете, это нормально?",ru,-0.212,-0.955,0.667,0.571,2.303,0,2.374
id_content_271,Bagaimanakah kisah selanjutnya?,id,-0.544,-1.226,0.0,0.75,1.792,0,0.772
en_content_204,"We have the technology; if you are going to spend billions of dollars touting ""FREEDOM"" why not spend those billions making all of us free?",en,0.614,2.801,0.472,0.52,3.401,0,7.808
en_polar_73,surprise romantic cheap date night san francisco?,en,-0.36,-1.034,0.0,1.0,2.197,1,1.803
id_polar_150,Mereka berkata kepada Nabi Yunus: ``Apakah kata-kata yang engkau ucapkan itu dan kedustaan apakah yang engkau anjurkan kepada kami tentang agama barumu itu?,id,0.182,2.638,0.556,0.385,3.401,1,7.162
id_polar_120,Kemudian muridnya itu bertanya: ``Didaerah mana Mama ingin mendirikan Pesantren itu?,id,0.538,-0.362,0.583,0.417,2.773,1,3.949
id_content_174,Bagaimana kalau pemberian lain sebagai hadiah untukmu?,id,-0.306,-0.226,0.0,0.5,2.303,0,2.271
ar_content_21, ما هو الوقت الذي ستستغرقه هذه المحاكمات؟,ar,-0.305,-2.095,0.6,0.333,2.485,0,1.018
en_polar_560,PS- Were you having phone system problems this morning?,en,0.057,-0.034,0.667,0.667,2.485,1,3.842
ar_polar_0,هل تتعمق الأزمة السياسية والاقتصادية في لبنان؟,ar,-0.379,-0.625,0.2,0.625,2.303,1,2.124
ar_polar_23,هل يسمح للعاملين بإبقاء أغراض دينية على مكاتبهم؟,ar,-0.393,-1.625,0.6,0.545,2.565,1,1.692
ja_content_33,幸いなことに、ソニー・オーストラリアにいた誰かは、「おい、ところで、君たちはこれに気づいたかい？」という様子だった、とポールは言った。,ja,1.665,1.61,0.15,0.314,3.807,0,7.546
id_content_79,"Apabila didengarnya segala kedursilaan yang dilakukan anak-anaknya, berkatalah ia kepada mereka: ``Mengapa kamu melakukan hal-hal yang begitu, sehingga kudengar dari segenap bangsa ini tentang perbuatan-perbuatanmu yang jahat itu?",id,0.435,2.774,0.68,0.394,3.664,0,7.947
ar_polar_6, هل ستكون أنت ضمن القضاة باعتبارك قاضياً وعضواً في مجلس الحكم؟,ar,0.121,-1.625,1.0,0.467,2.89,1,2.853
fi_content_80,Mitä se tähän kuuluu?,fi,-0.121,-1.743,0.6,0.25,1.792,0,0.778
ar_content_48,وهل سيمتد هذا التأثير على الاحتياطي النقدي الدولاري في البنك المركزي المصري؟,ar,-0.132,-1.095,0.6,0.571,2.773,0,2.717
id_content_48,"Berkata Ibrahim kepada Namrud itu: ``Jika demikian halnya, mengapa kamu sembah patung-patung itu, yang tidak dapat berkata, tidak dapat melihat dan tidak dapat mendengar, tidak dapat membawa manfaat atau menolak mudharat, bahkan tidak dapat menolong dirinya dari kehancuran dan kebinasaan?",id,1.073,3.774,0.625,0.405,3.932,0,9.809
ja_polar_39,値段の安さも含め、この周辺では一番では無いでしょうか。,ja,0.122,0.727,0.25,0.312,2.944,1,4.355
fi_polar_81,Onko lainan ottamiseen varaa?,fi,-0.341,0.336,0.2,1.0,1.792,1,2.987
fi_polar_125,Oletteko ehkä kotoisin Raumalta?,fi,-0.674,-1.664,0.0,0.75,1.792,1,0.204
id_content_132,"Sebuah pertanyaan, mengapa dipahatkan relief Garudeya?",id,-0.478,-1.226,0.6,0.833,2.197,0,1.926
ja_polar_15,直径30cmはあるかな?,ja,-0.712,-1.273,0.75,0.429,2.197,1,1.391
ru_content_388,У кого остались скрины этих видео или сами видео?,ru,-0.295,0.045,0.333,0.444,2.398,0,2.925
id_polar_206,"Lalu, ia juga mengasuh siaran kuis lain seperti Herkent u deze melodie?",id,-0.28,0.638,0.0,0.75,2.708,1,3.816
ru_polar_50,Нормально ли будет в нём спать без палатки?,ru,-0.307,-0.603,0.4,0.375,2.303,1,2.168
ko_content_28,나 자신의 가치관이 변화되지 않고 어떻게 타인의 가치관을 변화시킬 수 있겠습니까?,ko,-0.601,0.533,0.417,0.727,2.565,0,3.641
ar_content_46,"وأشار إلى أن ""عصبة الأمم المتحدة اعترفت قبل نحو 70 عاماً بملكية حائط البراق للمسلمين باعتباره وقفاً إسلامياً وجزءاً من الأقصى، ثم يأتي هؤلاء ليسلموه لليهود ويطلقون عليه زوراً وبهتاناً اسم حائط المبكى؟"".",ar,0.74,3.905,0.44,0.533,3.932,0,9.55
ru_content_605,Что это значит и почему это так?,ru,0.121,-0.955,0.5,0.429,2.197,0,2.292
ja_content_31,文書をどのようにファイルするか。,ja,-0.537,-1.39,0.6,0.375,2.303,0,1.351
ko_polar_50,이는 명백히 정부 전복행위인데 범죄가 아닌가?,ko,0.16,-1.635,0.0,0.667,2.079,1,1.271
fi_content_145,Miksi esitän näin paljon kysymyksiä nyt?,fi,-0.121,0.257,0.6,1.0,2.079,0,3.815
en_polar_422,Please help with my cats bladder issue?,en,0.378,-0.034,0.333,0.5,2.303,1,3.48
fi_content_95,"Mikä mieli, järki tai merkitys tällä hirvittävän kokoisella maailmankaikkeudella on?",fi,0.324,0.257,0.0,0.6,2.565,0,3.746
id_polar_106,Akankah Niki dan Gio dapat bersatu di tengah begitu banyak pertentangan diantara mereka?,id,0.517,-0.362,0.833,0.5,2.773,1,4.261
ar_content_13,ـ لأسباب أمنية سيتم التكتم على موقعها حتى يعلن عنها؟,ar,-0.222,-2.095,0.6,0.462,2.773,0,1.518
en_content_138,"Thinking about that, what's your title?",en,-0.344,-0.199,0.167,0.286,2.303,0,2.213
ru_content_339,"И да, почему длина стельки почти больше на 1 см чем длина стопы?",ru,0.871,-0.955,0.0,0.615,2.773,0,3.304
ar_content_10, إذن هي محكمة خاصة؟,ar,-0.722,-4.095,0.0,0.75,1.946,0,-2.121
id_polar_114,"Kemudian ia kembali bertanya, apakah mungkin membangkitkan Islam kembali?",id,0.013,-1.362,0.389,0.6,2.565,1,2.205
ko_polar_166,그런데 과연 약속했던 낙원은 건설되었던가?,ko,-0.29,-0.635,0.25,0.8,1.946,1,2.071
ko_content_171,우리가 의미하는 순수한 물질이란 무엇인가?,ko,-0.951,-0.467,0.111,0.8,1.946,0,1.439
ar_content_8,أليس هذا أفضل من أن نزرع القمح في رومانيا؟!,ar,-0.167,-2.095,0.8,0.3,2.565,0,1.403
ru_polar_7,"""От волка, что ли?""— Ирина округлила глаза.",ru,0.169,-1.603,0.4,0.571,2.639,1,2.176
ru_content_274,Или какая прическа мне подойдет?,ru,-0.045,-0.955,0.5,0.4,1.946,0,1.846
fi_content_5,"Mitä saadaan, kun purkitetaan sata naista?",fi,-0.521,0.257,0.4,0.5,2.197,0,2.833
id_content_116,- Apa yang Disebut Berpikir?,id,-0.544,-1.226,0.2,0.5,1.946,0,0.876
ru_polar_59,"Могут ли у меня отобрать гражданство, если буду более года отсутвовать?",ru,0.836,-0.603,0.467,0.545,2.639,1,3.884
en_polar_392,Do I need a protein skimmer or any other equipment?,en,-0.082,-0.034,0.333,0.5,2.485,1,3.202
en_content_94,Can you recommend where these companies each fit within the new organization?,en,0.02,-0.199,0.5,0.5,2.639,0,3.46
ar_content_16, متى سيحال صدام حسين وأعضاء نظامه إلى المحكمة؟,ar,-0.055,-1.095,0.8,0.364,2.639,0,2.653
fi_polar_74,"Eikö tahdossa löytää itse se tapa, jolla eläminen tekee kaikkein onnellisimmaksi, ole kunnianhimoa kerrakseen?",fi,2.223,2.336,0.4,0.714,2.89,1,8.563
ko_content_227,무엇을 하는 여자일까?,ko,-1.201,-1.467,0.167,0.667,1.609,0,-0.225
ja_polar_6,自分たちが所属する組織の構造や社会的布置を知ることができるのではないでしょうか。,ja,0.243,2.727,0.625,0.391,3.219,1,7.205
id_content_49,Mengapa Indonesia tidak mampu berbuat seperti negara-negara tesebut?,id,0.122,-1.226,0.8,0.5,2.303,0,2.499
fi_polar_18,"(DE) Arvoisa puhemies, voisitteko pyytää hakemaan teknikon?",fi,0.159,-0.664,0.4,0.857,2.485,1,3.237
fi_polar_103,Olisiko se toisen passaaminen osa sitä arkiromantiikkaa?,fi,-0.174,-0.664,0.0,0.429,2.197,1,1.788
ru_polar_22,Можно ли лечить пищевую аллергию?,ru,-0.664,-0.603,0.3,0.8,1.946,1,1.779
ar_content_36,"وانتهى مرشد ""الإخوان"" إلى القول ""علينا أن نسأل أنفسنا كم حققنا على مستوى النفس وعلى مستوى الأسرة وعلى مستوى المجتمع؟",ar,-0.014,2.905,0.4,0.32,3.401,0,7.012
fi_polar_15,Mutta uskaltaako se mennä yksin jossain metroasemalla poistamaan oksennukseensa sammuneen nistin?,fi,-0.208,2.336,0.4,0.727,2.565,1,5.82
fi_polar_113,Päästäänkö kolmanteen pilariin kuuluvaa tietosuojaa koskevasta puitepäätöksestä poliittiseen yhteisymmärrykseen tämän vuoden loppuun mennessä?,fi,0.492,4.336,0.267,0.846,2.708,1,8.649
ja_polar_60,お皿は全て重ねてたのですが、しばらくすると女性の従業員が来て、こちらのトロ刺身のお皿はお取りになられましたか?,ja,0.703,0.727,0.8,0.472,3.689,1,6.391
fi_content_109,Mikä mahtaa olla tilanne jälkimodernissa länsimaalaisessa yhteiskunnassa?,fi,0.379,-0.743,0.0,0.571,2.197,0,2.404
ar_content_17, ما هي آلية إحالتهم إلى المحكمة؟,ar,-0.555,-2.095,0.0,0.429,2.303,0,0.082
fi_content_126,Mikä on sitä arkiromantiikkaa sitten?,fi,0.129,-0.743,0.0,0.4,1.946,0,1.732
ko_polar_22,여러분이 지금까지 살아온 삶이 주는 자의 삶이었습니까?,ko,-0.54,-0.635,0.222,0.857,2.197,1,2.101
ar_polar_10, هل زرتم أنتم أو أي من القضاة صدام حسين أو أياً من أعضاء نظامه؟,ar,-0.736,3.375,0.4,0.4,2.89,1,6.329
ko_content_71,"고르비는 현재 어디에 있으며, 그에게 무슨 일이 있는가?",ko,-0.059,-0.467,0.0,0.75,2.398,0,2.622
id_content_157,Indy bertanya memang siapa yang sakit?,id,-0.478,-0.226,0.6,0.667,2.079,0,2.642
ja_content_15,「12星座別キーワード」では、あなたがどんな人か?,ja,0.243,-1.39,0.0,0.417,2.833,0,2.103
id_polar_19,Begitu mudahkah semua itu berdiri di kompleks Regina Pacis?,id,-0.543,-0.362,0.5,0.6,2.485,1,2.68
ja_polar_53,陳述書に“現在も通っている”と書いてあるが?,ja,0.372,-0.273,0.438,0.538,2.833,1,3.908
ru_content_486,Что вы думаете на счет моего мышления?,ru,-0.045,0.045,0.5,0.429,2.197,0,3.126
ko_polar_100,그러면 러셀이 이 역설을 만들어낸 이유는 무얼까?,ko,0.126,0.365,0.333,0.714,2.197,1,3.735
ja_polar_34,同日開会の都議会で、石原氏は施政方針演説に臨むが、一歩踏み込むか。,ja,0.01,0.727,0.875,0.632,3.135,1,5.379
ko_polar_119,"그런 점에서 1894 년 농민전쟁을 민주주의혁명을 완결시킬 변혁주체세력이 형성, 발전하는 단계의 시점이었다고 볼 수 있지 않을까?",ko,0.56,2.365,0.292,0.812,2.944,1,6.973
ja_polar_48,これでも関係がないと言えるのか?,ja,-0.101,-0.273,1.0,0.3,2.485,1,3.411
id_polar_139,Apa pengaruhnya terhadap konflik cinta segitiga Cinta-Dante-Cahaya?,id,-0.67,1.638,0.0,0.625,2.303,1,3.896
ko_polar_156,그렇지만 이제 그 정의를 꼭 말해야만 한다면 나 스스로가 생명에 대한 정의를 내리려고 노력해야 하지 않을까?,ko,0.826,0.365,0.417,0.562,2.89,1,5.06
en_content_154,What do you think?,en,-0.344,-2.199,0.333,0.25,1.792,0,-0.168
fi_polar_108,- Sinäkö kilpailisit ylimysten rikkauksien kanssa sienilläsi?,fi,-0.208,-0.664,0.6,0.667,2.197,1,2.592
ko_polar_72,그렇다면 일반적으로 도덕경의 주석자들은 무와 도를 동일시했던 것인가?,ko,0.674,-1.635,0.417,0.75,2.303,1,2.509
id_content_93,Berapakah harga emas 3 bulan mendatang?,id,-0.378,-1.226,0.0,0.571,2.197,0,1.164
fi_content_138,"Junan ovet piippaavat kuin aikapommi, tarkastaja on vihollinen Tikkurilassa, vaaraton Puistolassa, kuka tietää miksi?",fi,0.033,0.257,0.5,0.786,2.944,0,4.52
ru_polar_140,Вопрос такой: можно ли с ней не гулять?,ru,-0.164,0.397,0.4,0.375,2.398,1,3.406
en_content_287,Where in the states could I go?,en,0.156,-0.199,0.333,0.429,2.197,0,2.916
id_content_25,"Namun, apa saja yang ditata oleh pemerintah kolonial selanjutnya?",id,-0.378,0.774,0.4,0.667,2.485,0,3.948
ru_content_137,"Щемит сердце,частичное онемение левого мизинца,потоотделение при еде или движении,если лежу то сердце как бы стучит в голове -мне 49лет -куда обратиться и что это может быть?",ru,1.61,1.045,0.472,0.633,3.611,0,7.371
ja_polar_46,横浜市近辺で英会話を習いたいという人にはかなりいいのではないでしょうか?,ja,0.026,0.727,0.375,0.455,3.178,1,4.761
ko_polar_30,그것은 사회의 공적 기관으로서 사회로부터 발생하였으나 그 위에 올라서서 사회와는 더욱 더 멀어져 가는 권력이 아니던가?,ko,0.426,2.365,0.25,0.75,2.89,1,6.681
ru_content_432,Как мне с ней себя вести?,ru,0.555,-0.955,0.667,0.333,2.079,0,2.679
ja_polar_24,"きちんと説明し,堂々と市長として頑張ったらいいじゃないですか。",ja,0.655,-0.273,0.625,0.312,2.944,1,4.263
ko_polar_63,혹시 훔친 것이 아닐까?,ko,-0.374,-1.635,0.0,1.0,1.792,1,0.783
en_polar_453,"I've stayed in a more expensive hotel there, but you can check some travelguides or tripadvisor?",en,0.682,0.966,0.583,0.471,2.996,1,5.698
en_content_14,Which wonderful contact of mine is thumbs upping all my best answers ^^?,en,0.073,-0.199,0.667,0.462,2.708,0,3.711
ru_content_361,А сам ботинок из другого материала кто подскажет?,ru,-0.331,0.045,0.167,0.375,2.303,0,2.559
fi_polar_53,Onko Granfeltilta tilattu tutkimustulos vai tutkimustyö?,fi,-0.608,0.336,0.4,0.667,2.079,1,2.874
ru_polar_114,И могу ли я подать заявление в прокуратуру ?,ru,-0.593,0.397,0.5,0.5,2.303,1,3.107
ru_content_623,Прислужником кого был Саурон?,ru,-0.045,-1.955,0.0,0.5,1.792,0,0.292
en_polar_401,And do you get charged for it?,en,-0.027,-1.034,0.667,0.143,2.197,1,1.946
ar_polar_16,وقال للمذيع بلغة عتاب: هل فهمت كلامي ولا لسه؟,ar,0.138,-0.625,0.6,0.429,2.833,1,3.375
en_content_3,why do you think i should get one of those?,en,-0.566,0.801,0.417,0.3,2.485,0,3.437
ko_polar_133,고대인에게는 어떠한 즐거움이 있었을까?,ko,-0.374,-1.635,0.0,1.0,1.792,1,0.783
id_content_82,"Dan pada siapakah Siera akhirnya jatuh cinta, Tristan atau Rian?",id,0.222,0.774,1.0,0.545,2.639,0,5.18
ko_content_76,뿌치 지도부가 중앙아시아 출신의 이민족으로 탱크 주력군을 삼은 이유는 무엇일까?,ko,-0.424,1.533,0.333,1.0,2.485,0,4.927
id_polar_52,Apakah gelasnya setengah kosong atau setengah penuh?,id,-0.348,0.638,0.0,0.556,2.398,1,3.244
ru_content_52,Куда можно пойти в Сочи?,ru,-0.545,-0.955,0.25,0.8,1.946,0,1.496
ko_content_198,"우주는 어디서 왔으며, 어디로 가고 있는 것일까?",ko,-0.035,-1.467,0.25,0.714,2.303,0,1.765
en_content_171,"Where is the ""simple"" explanation of the transportation piece?",en,0.531,-0.199,0.0,0.556,2.565,0,3.453
ar_content_1,"فهلا اقلع المسلمون عن ""بدعة مآدب الافطار"" هذه، واكتفوا بالعادي من الافطار، ووفروا من اموالهم بعض الفرح للمليون جائع، في الضفة الغربية وغزة، أولئك الذين لم يعرفوا منذ اعوام للفرح طعما ولا للعيد بهجة؟",ar,1.2,1.905,0.55,0.432,3.951,0,8.038
ar_content_24, ومتى سيتم تسليمهم إليكم؟,ar,-0.198,-2.095,0.6,0.25,2.398,0,0.955
ar_content_34,وقال سليمان الجندي ـ صاحب شركة صرافة ـ من الأفضل إغلاق أبواب الشركات والبحث عن مجال آخر للعمل خاصة أن مجال الصرافة أصبح جريمة في نظر الحكومة وتتم محاصرته بكل هذه القوانين والقرارات التي تهدف لإغلاق المزيد من الشركات؟!,ar,-0.033,8.905,0.55,0.622,3.912,0,13.956
ar_content_27,ماذا حصل في الحزب الديموقراطي التقدمي؟,ar,-0.655,-3.095,0.4,0.667,2.079,0,-0.604
en_content_265,"I'm American and I am going to the UK for the first time, what should I expect?",en,0.833,-0.199,0.5,0.333,3.045,0,4.512
ko_polar_32,유럽에서는 민주주의 혁명의 시기에 사회주의를 수립하려는 수 많은 사회주의 운동 및 기도들이 있지 않았는가?,ko,0.729,2.365,0.333,0.857,2.773,1,7.057
ru_polar_61,Хватит ли мне 250 тысеч тенге переехать в вам?,ru,0.211,-0.603,0.5,0.444,2.398,1,2.95
ar_polar_4, هل سيكون القضاة عراقيين؟,ar,-0.593,-3.625,0.6,0.6,2.079,1,-0.939
ar_content_60,من يمكن أن يلوم من يتيح المجال لغليندا كي تؤدي بهذا الشكل الرائع؟,ar,-0.341,0.905,0.45,0.533,2.833,0,4.38
id_polar_25,Bau apakah yang tercium olehku?,id,-0.432,-0.362,0.333,0.429,2.197,1,2.165
ko_content_27,"그래도 세상 사람들보다 어디가 나아도 조금은 낫다는 기독교인들 가운데도 사람 구실을 못하고 사는 사람이 많으니, 세상 사람들은 오죽 하겠습니까?",ko,0.299,2.533,0.389,0.842,3.091,0,7.154
en_polar_601,they will talk to me if i am mexican?,en,0.057,-1.034,0.5,0.222,2.398,1,2.143
ja_polar_27,"彼が誠実であれ不誠実であれ,摂理を出た以上,摂理とからめる必要があるのでしょうか?",ja,0.561,1.727,0.4,0.522,3.296,1,6.506
id_polar_195,Akankah Heru tetap baik hati menghadapi mereka?,id,-0.241,-1.362,0.417,0.625,2.303,1,1.742
ja_content_24,霊はいつ肉体から離れていくのか?,ja,-0.06,-1.39,0.6,0.4,2.485,0,2.035
ja_content_11,このことに澤田氏はどう弁明するのだろうか?,ja,-0.394,-1.39,1.0,0.417,2.639,0,2.272
ja_polar_50,"抗議デモの継続を宣言した統一教会,日本でも韓国東亜日報の様に襲撃事件が起こる惧れはないのか?",ja,0.381,1.727,0.5,0.571,3.434,1,6.613
en_content_380,Erm ya How can I watch Fair City Online in England lols?,en,0.656,-1.199,0.0,0.5,2.639,0,2.596
ja_polar_23,調達先はUK拠点のDFJ EspritとフランスのSofinnovaだとか。,ja,-0.212,-0.273,0.0,0.533,2.833,1,2.881
ko_polar_60,저널리스트는 스포츠를 새로운 금전적 원천으로 개척하였는가?,ko,0.56,-1.635,0.5,1.0,2.079,1,2.504
en_polar_459,In the United States?,en,-0.193,-2.034,0.0,0.5,1.792,1,0.065
fi_content_131,Miten nainen voisi viljellä sitten sitä arkiromantiikkaa vähän enemmän?,fi,0.004,-0.743,1.0,0.778,2.398,0,3.437
ja_polar_66,労働者たちは、机の上に宗教関係の物を置くことが許容されているか？,ja,0.312,1.727,0.5,0.545,3.219,1,6.303
ru_content_473,"Во время первого раза почти все даже взрослые женщины обычно не испытывают оргазм, что уж говорить о 13 летней?",ru,0.177,0.045,0.667,0.579,3.091,0,4.559
ru_polar_2,"Ты помнишь ли, что я Еще живу в сем мире?",ru,0.058,-0.603,0.7,0.4,2.565,1,3.12
ko_polar_75,저 한마디 말씀해도 되겠습니까?,ko,-0.374,-1.635,0.333,0.5,1.792,1,0.616
ja_polar_5,ホームページもキレイな感じで女性向けなのかな?,ja,-0.212,-0.273,0.0,0.462,2.708,1,2.685
en_content_30,So does anyone know what the difference is?,en,-0.487,-0.199,0.5,0.375,2.303,0,2.492
ar_content_25, متى بدأت مهنتك كقاض؟,ar,-0.455,-3.095,0.6,0.5,2.197,0,-0.253
ar_polar_7, هل سيقف صدام حسين في قصف الاتهام؟,ar,-0.379,-2.625,0.6,0.25,2.398,1,0.244
ko_polar_148,언젠가는 시간이 거꾸로 흘러 결과가 원인에 앞서 일어나는 일이 있지 않을까?,ko,0.46,0.365,0.667,0.727,2.565,1,4.784
ru_content_270,Где близлежайший христианский православный храм?,ru,0.455,-0.955,0.0,1.0,1.946,0,2.446
id_polar_31,"Ketika ditangkap dan dihadirkannya dalam tenda sang Sheik, dan ditanyai soal namanya, ia menjawabnya dengan kalimat: ``Namaku?",id,0.652,1.638,0.542,0.476,3.296,1,6.604
fi_polar_26,Pitäisikö niistä olla jotenkin erityisen huolissaan juuri siksi?,fi,0.564,-0.664,0.0,0.625,2.303,1,2.828
ko_polar_21,도대체 이게 어찌된 일입니까?,ko,-0.707,-1.635,0.25,0.75,1.792,1,0.45
fi_polar_46,- Haluatteko tupakkia?,fi,-1.008,-1.664,0.2,1.0,1.609,1,0.137
id_content_21,"Bila kita menggunakan semua ini untuk melawan musuh, musuh mana yang tak akan kalah?",id,0.43,-0.226,0.6,0.357,2.833,0,3.994
id_content_149,Namun apa yang terjadi?,id,-0.544,-1.226,0.2,0.5,1.792,0,0.722
id_content_39,Berfirmanlah TUHAN kepada Samuel: ``Berapa lama lagi engkau berdukacita karena Saul?,id,0.668,-0.226,0.7,0.583,2.773,0,4.498
en_polar_173,Are either of you familiar with this project?,en,0.092,-0.034,0.0,0.25,2.303,1,2.611
id_polar_189,Bait kedua juga bertanya... dan adakah engkau percaya kepada Tuhan di atas sana?,id,-0.021,0.638,0.583,0.643,2.833,1,4.676
id_content_56,Apa arti globalisasi buat Lippo?,id,-0.128,-1.226,0.0,0.6,1.946,0,1.192
fi_polar_13,Tekeekö netti meistä tyhmiä?,fi,-0.008,-1.664,0.6,0.75,1.792,1,1.47
id_content_28,Apa saja 3 ranah berbeda warna itu?,id,-0.378,-0.226,0.0,0.571,2.197,0,2.164
ar_content_15, وهل ستكون المحكمة علنية؟,ar,-0.255,-3.095,0.6,0.5,2.197,0,-0.053
fi_content_136,Miten saamme kansalaiset hyväksymään Euroopan yhdentymishankkeen?,fi,-0.721,0.257,0.4,1.0,2.079,0,3.015
ar_content_5,قبل الإقدام على خطوات يعلن ـ هو نفسه ـ أنها تتناقض تماماً مع قرارات الشرعية الدولية والمبدأ الذي انطلقت منه مسيرة مدريد؟,ar,-0.142,0.905,0.667,0.5,3.332,0,5.262
fi_content_97,Mutta mitä ihmettä?,fi,-1.121,-1.743,0.0,0.333,1.609,0,-0.922
ru_polar_184,Имел ли кто-нибудь такое оружие (пусть даже травматическое)?,ru,0.55,-1.603,0.8,0.375,2.485,1,2.607
ru_content_507,Может кто знает что это за грибы?,ru,-0.545,0.045,0.25,0.429,2.197,0,2.376
id_polar_56,Akankah dia masih mengingat Ibu dan kampung halamannya?,id,-0.321,0.638,0.667,0.5,2.485,1,3.969
ru_content_652,"Знаете, где можно научиться мнемотехнике?",ru,-0.295,0.045,0.222,1.0,2.079,0,3.051
fi_polar_84,"− Kokevatko kreikkalaiset, että isot EU-valtiot tulevat ja pakottavat heidät tekemään muutoksia?",fi,-0.108,1.336,0.45,0.727,2.708,1,5.113
ja_polar_41,もっと良く撮れた写真はなかったのか?,ja,-0.656,0.727,0.25,0.5,2.485,1,3.306
en_polar_496,2. Have we kept up with partial water changes?,en,0.182,-1.034,0.667,0.444,2.485,1,2.744
id_content_269,Kan kamu yang bilang? - Bukankah kamu yang bilang demikian?,id,0.122,-0.226,0.3,0.2,2.639,0,3.035
fi_polar_38,"""Eikö ole kaunis päivä?""",fi,-0.674,-0.664,0.2,0.75,2.079,1,1.691
ja_content_35,また、オーストラリアの位置づけはどうなのか？,ja,-0.06,-0.39,0.0,0.4,2.565,0,2.515
en_content_25,"In the Episode ""So in Louvre Are We Two"", How many diffrent painting/scupltures are their and who are the artists?",en,0.037,0.801,0.667,0.5,3.296,0,5.301
ko_polar_157,"그렇다면 다른 커다란 실체, 즉 생태계나 가이아에 대해서는 어떠한가?",ko,0.96,1.365,0.0,0.667,2.485,1,5.477
id_content_131,Sampai kapankah Aladin sanggup mempertahankan lampu ajaib tersebut di tangannya?,id,-0.06,-1.226,1.0,0.583,2.639,0,2.936
en_content_90,What mosques exactly did they visit and who did they meet?,en,0.056,-1.199,0.5,0.364,2.565,0,2.286
ar_content_38,"تحت هذا العنوان نشرت جريدة ""الاتحاد"" تحقيقاً مطولاً جاء فيه: لماذا نشرت إسرائيل خارطة لدمشق ما أسمته مراكز ومكاتب لمنظمات فلسطينية في قلب العاصمة السورية؟",ar,0.945,0.905,0.6,0.633,3.555,0,6.638
id_content_114,Bagaimanakah cara Sultan dan Atikah mengatasi semua rintangan yang menghadang hubungan cinta mereka?,id,0.122,0.774,0.5,0.6,2.833,0,4.829
fi_content_27,"Tämä setti toimi, sillä siinä vaiheessa kun avaimet oli vaihdettu, uskalsin jo kysyä, että ”mitä sä musta ajattelit, kun ekan kerran näit?”.",fi,0.927,3.257,0.6,0.545,3.434,0,8.763
ar_content_56,من بوسعه إيقاف منتخب أستراليا هذا؟,ar,-0.77,-1.095,0.0,0.5,2.303,0,0.938
id_content_54,"Persoalan berikutnya, bagaimana menentukan mana pelaku dan mana korban?",id,-0.003,0.774,0.4,0.667,2.485,0,4.323
fi_polar_101,Olisiko se iltalenkin jälkeen peiton tuominen sohvalle yhdessä iltateen tai viinilasillisen kanssa?,fi,0.265,0.336,0.0,0.583,2.639,1,3.823
fi_polar_7,Osaako nainen lukea miehen käytöksestä tämän?,fi,-0.208,0.336,0.4,0.833,2.079,1,3.44
fi_content_47,”Kuka muka pakottaa?,fi,-0.621,-1.743,0.4,0.667,1.792,0,0.495
en_content_335,"After you are elected in 2004, what will your memoirs say about you, what will the title be, and what will the main theme say?",en,0.864,-0.199,0.722,0.28,3.401,0,5.068
ko_polar_146,"단지 이것만으로, 외세에 맞서 국가를 지키려 한 숭고한 민중 의지의 표상으로서 삼별초의 의의를 우리 2세들에게 가르칠 수 있겠는가?",ko,0.372,1.365,0.333,0.833,3.045,1,5.948
en_content_24,how do you mold silicone or rubber into a mermaid tail?,en,-0.044,-0.199,0.667,0.545,2.565,0,3.534
en_polar_278,Are we ready to execute?,en,-0.693,-1.034,0.167,0.4,1.946,1,0.786
ko_content_211,어떻게 생물들이 산소의 농도를 21 퍼센트로 유지시키고 기온을 섭씨 20 도로 조절할 수 있겠는가?,ko,1.029,-0.467,0.833,0.714,2.773,0,4.882
fi_polar_82,Entä: onko kookkaiden lainojen ottaminen epävakaina talousaikoina järkevää?,fi,1.135,0.336,0.0,0.875,2.398,1,4.744
fi_content_54,"Miksi Jumalat olisivat sinne matkalla, ellei se olisi paratiisi?”",fi,0.768,-0.743,0.0,0.5,2.639,0,3.164
ar_content_41,غير أن هذا ممكن، في أي بلد، إلا في مصر، التي يقال فيها الوزير، ولا يستقيل، دون أن يعرف أحد لماذا؟!,ar,0.263,0.905,0.667,0.435,3.434,0,5.704
ru_content_562,В чем причина может быть?,ru,-0.795,-0.955,0.25,0.6,1.946,0,1.046
ru_polar_39,Посадят ли его на самолёт? и что его ждёт по прилёту?,ru,0.436,-0.603,0.8,0.364,2.639,1,3.636
ko_content_143,대체 당신은 무엇이 해결되었다고 생각하지요?,ko,0.049,-1.467,0.333,0.6,1.946,0,1.461
ja_content_36,彼女の全エネルギーはどこから来ているのだろうか。もしくは、衝撃波を引き起こす力を以って打ちのめすことのできるあの声？,ja,0.717,1.61,0.267,0.464,3.466,0,6.524
fi_polar_48,Entä olinko jo ostanut jotain jouluruokia?,fi,-0.208,-0.664,0.6,0.667,2.079,1,2.474
en_content_270,what are some unique customs in ireland?,en,-0.511,-0.199,0.0,0.429,2.197,0,1.916
fi_content_52,"”Miksi Carla sitten sanoo, että se on maanpäällinen Helvetti?”",fi,0.629,-0.743,0.8,0.667,2.639,0,3.992
ko_content_210,어떻게 생물들이 산소의 농도를 정하기 위하여 회의를 개최할 수 있겠는가?,ko,0.132,0.533,0.5,0.8,2.485,0,4.45
id_polar_27,"Mayumi Thyme adalah karakter pendukung dalam Shuffle!, dan salah satu tokoh utama dalam Really?",id,0.132,-0.362,0.0,0.643,2.89,1,3.303
fi_polar_4,”Osaanko nauttia seksistä?”,fi,-1.008,-0.664,0.2,1.0,1.946,1,1.474
ja_content_0,犯人は一体誰なのか?,ja,-0.56,-1.39,0.0,0.286,2.197,0,0.533
en_content_310,What is the best time of year?,en,-0.511,-0.199,0.0,0.429,2.197,0,1.916
ja_polar_61,その時からのだから?,ja,-0.412,-1.273,0.0,0.167,2.079,1,0.561
id_polar_85,"``Apakah (Tuhan) berniat mencegah kejahatan, namun tidak dapat?",id,0.277,-1.362,0.389,0.667,2.708,1,2.679
ru_polar_76,Пальто предназначено на осеннюю погоду до -10 Выглядит ли оно красиво?,ru,0.199,-0.603,0.6,0.5,2.639,1,3.335
ko_content_116,"자, 당신은 인간으로서 이것에 어떻게 답할 것인가?",ko,0.632,-2.467,0.5,0.571,2.303,0,1.539
fi_polar_5,Osaavatko ihmiset lukea toistensa silmistä tällaista itseluottamusta?,fi,-0.174,0.336,0.4,0.857,2.197,1,3.616
ru_polar_144,Будет ли это работать?,ru,-0.164,-2.603,0.4,0.25,1.792,1,-0.325
id_content_221,"Jika aku tidak menangis untuknya, lalu siapa lagi?",id,0.122,-1.226,1.0,0.222,2.485,0,2.603
id_polar_98,Apa urusan NU?,id,-1.098,-1.362,0.0,0.667,1.609,1,-0.184
ar_polar_11,ما دام لا خلاف بين أميركا وسوريا حول لبنان هل يُعقل أن يراهن مسيحيون على واشنطن؟,ar,0.095,0.375,0.333,0.353,2.944,1,4.1
fi_content_128,Ja mikä olisi sitten sitä juhlaromantiikkaa?,fi,-0.321,-0.743,0.0,0.333,2.079,0,1.348
fi_polar_11,Sanoinko jo jotain tästä ravaamisesta? :D,fi,0.792,-0.664,0.8,0.5,2.079,1,3.507
ru_content_349,Что значит ДЕЛАТЬ ЭТО?,ru,-1.045,-0.955,0.25,0.5,1.792,0,0.542
ko_polar_102,또는 '나' 라고 부를 수 있는 것이 과연 존재하는가?,ko,1.21,1.365,0.333,0.667,2.565,1,6.14
en_polar_358,If you can?,en,-0.693,-2.034,0.0,0.0,1.609,1,-1.118
ru_content_621,Что помогло Гарри получить зелье Удачи?,ru,-0.845,0.045,0.333,0.833,2.079,0,2.445
ko_content_8,시간도 지킬 줄 모르는 사람이 어떻게 국민들과의 큰 약속을 지킬 수 있겠습니까?,ko,-0.474,1.533,0.333,1.0,2.639,0,5.031
ru_content_144,"Может быть есть какие-нибудь чаи или таблетки, которые вызывают аппетит?",ru,-0.268,0.045,0.208,0.7,2.565,0,3.25
en_content_61,Where can I go on a first date (adults)?,en,0.406,-1.199,0.667,0.556,2.565,0,2.995
ja_polar_58,企業経営者の、そして企業人一人ひとりの意識改革ではないだろうか。,ja,0.255,-1.273,0.0,0.5,2.944,1,2.426
ru_content_86,Но почему он не слышал ее раньше?,ru,0.121,-1.955,1.0,0.429,2.197,0,1.792
ru_content_579,Женщинам ? а тетки от 49 сидят как думаете? на них высок спрос....,ru,0.955,1.045,0.5,0.583,2.773,0,5.856
id_polar_57,Sejauh mana ilmu berupaya mencapai perubahan sosial?,id,-0.932,-0.362,0.333,0.714,2.197,1,1.95
en_polar_77,need help finding irish music?,en,-0.943,0.966,0.167,1.0,1.946,1,3.136
id_polar_40,``Apakah engkau memperhatikan hamba-Ku Ayub?,id,-0.598,-1.362,0.5,0.571,2.303,1,1.414
ru_polar_52,"Подскажите, будут ли проблемы с этим, или сейчас можно спокойно съездить туда-назад без всякий самоизоляций?",ru,0.236,0.397,0.533,0.562,3.045,1,4.773
ru_content_258,"Везде одна синтетика и понты, почему люди забывают классическую одежду?",ru,0.177,0.045,0.5,0.8,2.565,0,4.087
en_content_67,"""Can you name the general who is in charge of Pakistan?""",en,-0.444,0.801,0.333,0.364,2.708,0,3.762
en_polar_96,That he didn’t show up for duty in Alabama?,en,0.14,-1.034,1.0,0.3,2.485,1,2.891
ko_polar_110,그러나 우리 이집트와의 교류를 거치고 난 후에야 비로소 그리스 문명의 꽃이 피어나기 시작했다는 것을 생각해 본 적이 있습니까?,ko,0.43,6.365,0.238,0.889,2.996,1,10.918
ru_polar_136,"Если просто разбавить водой, останется ли цвет на одежде?",ru,-0.289,-1.603,0.7,0.556,2.485,1,1.849
en_content_297,where can I find the best tours to the Mekong Delta at reasonable prices?,en,0.348,-0.199,0.667,0.571,2.773,0,4.16
ru_polar_105,Могу ли я выходить на работу если результаты еще не пришли?,ru,0.736,-0.603,0.6,0.545,2.565,1,3.843
ja_polar_1,疲労回復では他に譲るか?,ja,-0.355,-1.273,0.75,0.5,2.303,1,1.925
ru_polar_187,Выпарится ли влага из всего этого при включении кабеля?,ru,0.336,-1.603,0.8,0.444,2.398,1,2.375
id_polar_76,"Sering orang bertanya, apa cita-cita Amek kelak?",id,-0.598,-0.362,0.5,0.857,2.303,1,2.7
id_content_160,``Mengapakah kamu tidak mau menyembah Allah SWT?,id,0.122,-1.226,0.8,0.5,2.398,0,2.594
ru_content_96,"- Значит, что же -- они нас даже и не заметили?",ru,1.205,-0.955,0.5,0.222,2.639,0,3.611
en_polar_147,Is that Microwave that you gave Dan really expensive?,en,0.682,-0.034,0.5,0.556,2.398,1,4.102
en_content_370,I have hundreds of VHS movies lying around... what should I do with them?,en,0.195,-0.199,0.389,0.5,2.833,0,3.718
ru_polar_188,И есть ли у вас знакомые?,ru,-0.164,-1.603,0.8,0.333,2.079,1,1.445
id_content_258,``Mengapa tidak memakai piano?,id,-0.544,-2.226,0.6,0.75,1.946,0,0.526
ar_content_33,فما الذي دفع بهما الى قول ما قالاه؟,ar,-0.555,0.905,0.3,0.273,2.565,0,3.488
en_polar_366,Travelers guide - For the young and unknowledgeable?,en,-0.336,-0.034,0.0,0.5,2.398,1,2.528
ko_polar_177,그러나 이것은 사람이면 당연한 일 아닌가?,ko,0.56,-0.635,0.0,0.5,2.079,1,2.504
id_polar_84,Apakah Azzam mampu menyelamatkan rumah tangga Husna dan Ilyas?,id,-0.432,0.638,0.5,0.7,2.485,1,3.891
ru_content_392,Кто на алиэкспрессе продаёт алмазную мозаику на подрамнике?,ru,-0.188,-0.955,0.667,0.625,2.303,0,2.452
ar_content_51,"وطالب الحزب بتنظيم مسابقة مصرية تتضمن الأسئلة التالية: ""كم عدد المدرسين المصريين الذين ساهموا في محو أمية الشعب الكويتي قبل اكتشاف النفط وبعده؟",ar,-0.017,2.905,0.4,0.667,3.434,0,7.389
id_polar_39,Apakah yang engkau serukan kepada kami?,id,-0.265,-0.362,0.5,0.143,2.197,1,2.213
ar_polar_3, هل حدد القانون عدد القضاة؟,ar,-0.843,-2.625,0.6,0.8,2.079,1,0.011
ko_content_10,"무슨 일이든지 시작하기는 쉽지만, 끝내기는 어렵기 때문에 용두사미라는 말이 종종 쓰이는 것 아니겠습니까?",ko,0.049,3.533,0.25,0.769,2.773,0,7.374
en_polar_245,Can we have a meeting this week (maybe Thursday at 3:30) to discuss this?,en,-0.04,1.966,0.333,0.429,2.89,1,5.578
ru_polar_34,"Скажите пожалуйста, стоит ли мне идти к врачу, и чем нужно это лечить?",ru,0.252,0.397,0.45,0.462,2.833,1,4.394
ja_polar_62,世界の最良の状態がもはや是認されていない時分に、彼らの聖職者たちは自身のマントに対して正しかったか？,ja,0.455,1.727,0.25,0.484,3.526,1,6.442
fi_content_34,"Miten komissio suhtautuu siihen, mitkä ovat sen näkemykset asiasta?",fi,-0.496,0.257,0.8,0.556,2.485,0,3.602
id_polar_219,Apakah hubungan Rado Habeahan dan Intan berlangsung dengan mulus?,id,0.346,0.638,0.667,0.7,2.485,1,4.836
ko_polar_140,그러면 임나에 대한 일본서기를 비롯한 많은 기록들은 모두 허구란 말인가?,ko,0.404,0.365,0.25,0.9,2.485,1,4.404
fi_content_64,tuu takas mikä sua vaivaa?,fi,-0.121,-0.743,0.4,0.6,1.946,0,2.082
en_polar_271,Is there anyone else in EGM that could participate?,en,-0.068,-0.034,0.25,0.444,2.398,1,2.99
en_content_181,I say why not?,en,-1.011,-1.199,0.333,0.5,1.792,0,0.415
ko_polar_173,김영삼 정부는 한국 자본주의병을 치료할 수 있을까?,ko,-0.707,-1.635,0.5,1.0,2.197,1,1.355
id_polar_18,Apakah SAFIRA akan berhasil dengan segala rencana liciknya?,id,-0.321,-0.362,0.5,0.5,2.485,1,2.802
fi_content_140,Miksi et nauttisi ja harrastaisi seksiä näistä tuntemuksista huolimatta?,fi,-0.371,-0.743,0.5,0.556,2.398,0,2.34
en_polar_283,Do you think we need to do more?,en,-0.765,-0.034,0.333,0.5,2.303,1,2.337
ja_content_7,毎日のことですからなんとか解決していきたいと日々努力していらっしゃるのではないでしょうか。,ja,0.606,0.61,0.5,0.28,3.296,0,5.292
en_content_147,"What correlation are you assuming, 15% flat for twenty years?",en,-0.444,-0.199,0.5,0.364,2.639,0,2.86
ko_polar_54,"아니면 그들은 정말로 자신들이 주장하듯, 그들이 정당한 일을 하고 있는 것으로 생각했는가?",ko,1.869,0.365,0.333,0.583,2.708,1,5.858
id_content_122,Bagaimana perjuangan hidup Isabella?,id,-0.878,-1.226,0.0,1.0,1.792,0,0.688
ar_content_28,لماذا لم تنطلق الحركة التجارية بعد؟,ar,-0.455,-3.095,0.8,0.5,2.079,0,-0.171
ja_content_1,どうするか?,ja,-1.394,-2.39,0.4,0.667,1.609,0,-1.108
fi_content_7,Mitä jos uudistuisimme kevään kynnyksellä juuri näin?,fi,-0.287,-0.743,0.8,0.714,2.197,0,2.681
fi_content_15,"Miksi emme hae itsellemme sitä nautintoa, jota kaipaamme?",fi,-0.406,0.257,0.4,0.5,2.398,0,3.149
ar_polar_22,هل تقرع المنبه الخاص بك؟,ar,-0.893,-0.625,0.4,0.5,2.079,1,1.461
ja_polar_13,一点突破したものがあなたにあるか。,ja,0.188,-0.273,0.5,0.364,2.565,1,3.344
id_content_18,"Pak Douw, anda telah berusaha untuk maju menjadi Bupati, bagaimana kalau seandainya nanti anda gagal mendapatkan dukungan dan tidak terpilih di PILKADA Nabire?",id,0.622,0.774,0.6,0.652,3.296,0,5.944
fi_polar_29,Pitäisikö minun mennä sisälle johonkin taloista?,fi,-0.608,-0.664,0.4,0.333,2.079,1,1.54
ja_content_32,彼らは誰ですか。,ja,-0.994,-1.39,0.0,0.167,2.079,0,-0.138
ru_content_282,Кто собирается лететь за рубеж?,ru,-0.795,0.045,0.25,0.6,1.946,0,2.046
fi_polar_61,Onko enkeli tyttö vai poika?,fi,-0.508,-0.664,0.0,0.6,1.946,1,1.374
ru_polar_157,Пустят ли меня если мне нет данного возраста?,ru,-0.164,-0.603,0.6,0.5,2.303,1,2.636
ru_polar_94,"Если азиат плохо видеть, может ли он щурится чтобы лучше видеть?",ru,-0.164,-0.603,0.5,0.636,2.639,1,3.008
id_polar_223,"Kemudian pada satu titik, dua belahan jiwa ini tersadar; Apakah cinta mereka akan bisa terus abadi?",id,0.652,-0.362,0.667,0.529,3.045,1,4.531
en_content_37,what is a good slogan for an Argentinian restaurant?,en,-0.094,-0.199,0.0,0.444,2.398,0,2.549
en_polar_364,"Canadian student visa, can I used for other schools?",en,-0.193,-0.034,0.333,0.667,2.485,1,3.258
id_content_144,"Pada saat itu, ia mempertanyakan apa arti MASOVU?",id,-0.449,-0.226,0.6,0.5,2.398,0,2.823
ja_polar_8,"“シャクブくん”や“池田小作”にいたっては,別のカルト団体のネタではないでしょうか。",ja,0.42,-0.273,0.0,0.45,3.296,1,3.893
ko_polar_171,과연 문학비평이 오늘날의 문제적 상황을 외면하거나 침묵해도 좋을 것인가?,ko,0.46,-1.635,0.0,0.778,2.398,1,2.001
ja_content_29,そのモサは今何をしているか。,ja,-0.616,-1.39,0.4,0.4,2.485,0,1.279
ja_polar_47,でも、リニューアルしたゲストハウス風のロビー?,ja,0.913,-1.273,0.0,0.333,2.485,1,2.458
ru_polar_44,Летал ли кто-то с такой температурой недавно?,ru,0.336,-0.603,0.6,0.429,2.197,1,2.959
ko_polar_195,정신의 어떠한 형태가 등장하고 그것들이 어떠한 연결 방식으로 잇달아 나타나는가?,ko,0.182,0.365,0.111,0.7,2.485,1,3.843
ar_content_58,أم أنها تكلفة قياسية أو تعرفة مسبقة الدفع؟,ar,-0.43,-2.095,0.0,0.556,2.398,0,0.429
ru_content_492,Кто-нибудь знает что случилось с Paper Manufacturing?,ru,-0.712,0.045,0.417,0.286,2.197,0,2.233
ar_polar_17,هل تشهد سيناء حرباً جديدة بين مصر وإسرائيل؟,ar,-0.593,0.375,0.4,0.667,2.398,1,3.247
ko_polar_25,비평의 기술방식에 따라 비평은 어떠한 방식으로 기술할 것인가?,ko,-0.326,-0.635,0.222,0.875,2.303,1,2.439
ko_content_82,그러면 임화가 말하는 인물과 환경의 조화란 과연 무엇인가?,ko,0.227,-1.467,0.333,0.75,2.303,0,2.146
en_polar_589,air asia flight attendant?,en,-0.86,-1.034,0.0,1.0,1.792,1,0.898
ar_content_49,وإذا كنا لا نريد للحوار الفلسطيني أن ينتهي لهذه النتيجة، فإن الفصائل الأثنتى عشرة ليس عليها سوى التفكير في إجابة سؤال واحد فقط هو: كيف تتحول أحرف كتابة البيانات الختامية إلى فعل حقيقي على أرض الواقع؟,ar,0.67,3.905,0.667,0.488,3.807,0,9.537
ar_content_39,"صديقة قريبة منه باغتته حين أخبرها بإشهاره إسلامه قبل أيام بقولها""حقيقي؟",ar,1.05,-1.095,0.8,0.4,3.135,0,4.29
ru_polar_130,Есть ли польза от секса в 13 лет?,ru,-0.45,0.397,0.2,0.5,2.303,1,2.95
ru_content_529,Что мне сделать если даже запахи и остались?,ru,0.24,0.045,0.5,0.375,2.303,0,3.463
ar_content_6,حتى لا يعاني شعب مصر من تأخر وصول القمح الروماني إلى موانينا؟!,ar,-0.472,-1.095,0.8,0.615,2.773,0,2.621
ru_polar_165,Нужно ли сохранять такие цветы на зиму или выбрасывать?,ru,0.086,-0.603,0.4,0.556,2.398,1,2.837
ja_polar_42,玉置氏は信者ではないのか?,ja,-0.087,-1.273,0.0,0.333,2.398,1,1.371
id_content_123,"Kenapa marah, kenapa murka?",id,-0.211,-1.226,0.3,1.0,1.946,0,1.809
ru_content_332,Вот сыллка на фрагмент этот: vm.tiktok.com/ZSxje1xw/ Какая это серия?,ru,0.705,0.045,0.0,0.333,2.485,0,3.568
fi_content_59,Oliko hän varmasti tietoinen mitä teki?,fi,-0.321,-0.743,0.2,0.5,2.079,0,1.715
en_content_219,How do I take care of my newborn baby fish?,en,0.212,-1.199,0.667,0.6,2.485,0,2.765
fi_polar_109,Pitäisikö varsinaissuomalaisia ammattioppilaitoksia yhdistää?,fi,-0.341,-0.664,0.2,0.75,1.792,1,1.737
ko_content_16,우리나라 국회의원선거가 왜 이 모양 이 꼴입니까?,ko,0.132,-1.467,0.667,0.714,2.197,0,2.243
fi_content_110,Miten oppiminen toimi valtion ja kirkon intressien välineenä?,fi,0.022,2.257,0.6,0.875,2.303,0,6.057
ar_content_20, تعني أنه لا يرتدي الملابس الخاصة بالسجن؟,ar,-0.055,-1.095,0.5,0.556,2.485,0,2.391
ko_polar_159,항상성이 곧 가이아 모델에서 예측되는 논리적인 귀결일까?,ko,0.293,-0.635,0.278,1.0,2.197,1,3.133
fi_content_133,"Kuitenkin se on jotain, mitä nainen ei tunne passaukseksi, jos asia olisi päinvastoin - miksiköhän?",fi,1.187,0.257,0.8,0.5,2.944,0,5.688
ar_content_2,"و""الوفد"" تسأل الحكومة المصرية أين الحقيقة في هذه التصريحات المعلنة يوم 16/2 الحالي من جانب إسرائيل بشأن الغاز الطبيعي؟!",ar,0.468,2.905,0.6,0.636,3.332,0,7.941
id_content_80,"Kalo Nadya sakit, siapa yang akan mengurus mereka?",id,-0.163,-1.226,0.4,0.375,2.398,0,1.784
fi_content_1,Mitä minä ihan oikeasti puhun?,fi,0.129,-0.743,0.6,0.6,1.946,0,2.532
ar_polar_12,"هل هناك في هذه ""اللحظة"" مشروع تغييري آخر في المنطقة؟",ar,1.24,-2.625,0.0,0.4,2.639,1,1.654
en_polar_310,Anyone know a release date?,en,-0.443,-1.034,0.333,0.6,1.946,1,1.402
fi_content_26,PIKKUVAIMO: Mitä sä naurat?,fi,0.213,-0.743,0.4,0.5,1.946,0,2.316
ru_content_555,Как можно узнать еще больше информации?,ru,-0.445,1.045,0.25,0.833,2.079,0,3.762
id_polar_210,"Lalu yang menjadi pertanyaan besar adalah, mungkinkah Yesus berdua-duaan dengan wanita pezina?",id,0.152,0.638,0.583,0.538,2.773,1,4.684
id_content_252,Jika elektron tidak jadi jatuh ke-pusatnya apa yang terjadi?,id,0.122,-1.226,0.6,0.444,2.398,0,2.338
en_polar_612,Want a great burger?,en,-0.193,-1.034,0.167,0.75,1.792,1,1.482
ru_content_196,Как можно купить это?,ru,-1.045,-0.955,0.25,0.75,1.792,0,0.792
ko_content_48,역사적 현실을 통해 배우지 않는다면 이론의 할 일이란 도대체 무엇이란 말인가?,ko,-0.501,1.533,0.208,0.818,2.565,0,4.623
ko_polar_164,인물값 하느라고 치맛자락에 못된 남자들 감싸고 다니다가 순결 잃은 상처 때문에 꿈을 버린 걸까?,ko,-0.117,0.365,0.278,0.786,2.773,1,4.085
fi_polar_104,"Juhlaseksiä, arkiseksiä - onko niillä eroa?",fi,0.242,-0.664,0.0,0.6,2.197,1,2.375
ru_polar_134,"Мне отправляют антидепрессант, будут ли в сдэк проверять содержимое?",ru,0.211,-0.603,0.6,0.556,2.485,1,3.249
ru_polar_16,Отмечались ли случаи заражения бешенством от белки?,ru,-0.664,0.397,0.4,0.714,2.197,1,3.044
ja_polar_37,ではJBSには“統一教会”との認識はあったということか?,ja,0.913,0.727,0.5,0.412,3.045,1,5.597
ko_content_50,그러면 무엇을 전하는 신앙인가?,ko,-0.535,-1.467,0.25,0.5,1.792,0,0.54
ko_content_72,옐친의 포고령에 대해서는 어떻게 생각하는가?,ko,-0.951,-0.467,0.333,0.8,1.946,0,1.661
ru_content_25,и самое главное для кого?,ru,-0.045,-0.955,0.0,0.2,1.946,0,1.146
ko_content_265,혹은 어떻게 해서 자신이 자기 의식임을 자각하게끔 될까?,ko,0.227,-1.467,0.222,0.625,2.303,0,1.91
ru_content_162,А как же защита персональных данных?,ru,-0.645,0.045,0.0,0.667,2.079,0,2.146
ar_content_37,لحرب شرق أوسطية؟,ar,-0.722,-3.095,0.0,0.75,1.792,0,-1.275
ja_polar_32,他だとkawara cafeくらいでしょうか?,ja,-0.212,-1.273,0.0,0.375,2.303,1,1.193
en_polar_261,Are you selling burgers up and down the east coast?,en,0.251,0.966,0.5,0.4,2.485,1,4.602
ja_polar_3,そうですか。,ja,-0.712,-2.273,0.0,0.333,1.609,1,-1.043
ru_content_612,"Кто придумал, как создали и кто поет в песне гобафон?",ru,-0.045,0.045,0.389,0.6,2.565,0,3.554
en_content_348,What's going on dude?,en,-0.844,-2.199,0.5,0.4,1.946,0,-0.197
id_content_111,"Sekarang, siapa yang menolak Partai Komunis ini?",id,-0.378,-0.226,0.4,0.571,2.303,0,2.67
fi_polar_77,"”Kuulostaa kivalta, mutta eikö tuo ole aika kallista?”",fi,1.421,-0.664,0.4,0.5,2.565,1,4.222
ko_polar_34,어떠한 계급과 어떠한 계급과의 평등이냐?,ko,-0.29,-0.635,0.056,0.8,1.946,1,1.877
id_polar_12,Dia lalu bertanya apakah negeri kita pernah berperang?,id,0.402,-0.362,0.5,0.667,2.398,1,3.605
id_content_218,Kapankah kalian bisa menang?,id,0.122,-1.226,0.4,0.4,1.946,0,1.642
ru_polar_92,Можно ли как-то сделать её чёрной?,ru,-0.564,-1.603,0.5,0.667,2.079,1,1.079
ko_content_145,그렇다면 앞으로 산업활동에 필요한 노동력의 수요와 공급은 어떤 상황이 될 것인가?,ko,0.099,1.533,0.333,0.727,2.565,0,5.257
en_content_105,"Do we have a sense for how many we can reach, how many we can't and where they are?",en,0.077,1.801,0.583,0.4,3.135,0,5.996
ja_polar_2,"貴市および貴財団では,本申入にかかる事実が判っても,今後もAPTFによる使用を許可し続けるのですか。",ja,0.681,1.727,0.2,0.517,3.497,1,6.622
ja_polar_49,地区予選で敗者復活戦に回った雪辱を果たせるか。,ja,-0.462,0.727,0.5,0.615,2.708,1,4.088
fi_content_113,Mihin niitä kelaatteja sitten käytetään?,fi,-0.121,-0.743,0.6,0.6,1.946,0,2.282
ko_polar_51,헌법상 권한대행은 대통령 유고시 최고회의가 결정하는 것 아닌가?,ko,0.103,0.365,0.667,1.0,2.303,1,4.438
ko_polar_82,난 정말로 그 애매모호한 한계를 넘어선 마땅한 범법자가 되고 만 것일까?,ko,0.36,0.365,0.167,0.727,2.565,1,4.184
en_polar_84,Name of specific Hibachi restaurant in Chicago?,en,-0.027,-0.034,0.0,0.714,2.197,1,2.85
ja_content_27,皆さんもインドアエンタメを楽しむ際のお供に、いかがですか?,ja,-0.179,1.61,0.2,0.6,2.89,0,5.121
ja_polar_38,"特に個人ページに関して言えば,今後ユビキタス社会が進んでいけば,リアルの世界の行動タイムラインに集約されていくんじゃないでしょうか。",ja,0.97,0.727,0.542,0.5,3.638,1,6.377
ru_content_458,Есть идеи как поймать ее?,ru,-0.795,0.045,0.25,0.8,1.946,0,2.246
ko_polar_116,현재생활을 영위해나가는 데 있어서 통 반장으로부터 주민들이 어떠한 도움을 받고 있는가?,ko,0.16,-0.635,0.333,0.818,2.565,1,3.241
ar_content_29,فهل يستطيع شيراك اقناع بوش بضرورة التحرك وممارسة الضغوط المطلوبة، لكي توافق اسرائيل على تطبيق توصيات لجنة ميتشل الأميركية؟,ar,-0.389,3.905,0.6,0.591,3.219,0,7.926
en_content_331,"Hmmm, she says, Then why are you calling here, we don't go past broad?",en,0.656,-0.199,0.222,0.467,2.996,0,4.142
ja_content_9,民間に運営を任せてはいかがでしょうか。,ja,-0.505,-0.39,0.8,0.4,2.485,0,2.79
ru_polar_63,Будут ли трудности поездкой?,ru,-0.831,-2.603,0.0,0.5,1.792,1,-1.142
en_content_177,What are you doing to the least of the people?,en,-0.344,-0.199,0.5,0.3,2.485,0,2.742
ar_polar_13,"هل لا تزال ""الوطنية العربية"" قادرة على الخروج من رجعيتها الحالية كمجرد قوة دفاع عن اوضاع قائمة مفلسة... لكي يكون ممكنا مواجهة السياسة الاميركية بما هو قادر على كسر وحدانية مشروعها التغييري؟",ar,0.193,3.375,0.8,0.472,3.761,1,8.601
en_content_59,Which airlines should I look into and when should I buy my ticket?,en,0.156,-0.199,0.583,0.385,2.708,0,3.633
id_content_228,Mengapa engkau lari diam-diam dan mengakali aku?,id,-0.378,-1.226,0.6,0.571,2.197,0,1.764
ru_polar_54,Обязаны ли меня поселить по ксероксу?,ru,-0.564,-0.603,0.4,0.5,2.079,1,1.812
fi_polar_14,"Ovatko naiset siis todella mustasukkaisia toisistaan, vaan yrittävätkö he vain selvitä kuolaavien käpyaivojensa kanssa minimaalisella häpeän määrällä?",fi,0.117,1.336,0.4,0.706,2.996,1,5.555
ja_polar_10,"では,霊芝は免疫システムの病気であるリューマチにもよいのでしょうか?",ja,0.726,0.727,0.0,0.412,2.996,1,4.861
ko_polar_142,아니라면 애초부터 한국 역사의 독자성을 처음부터 무시할 목적으로 위와 같은 잘못을 범한 것인가?,ko,0.543,1.365,0.389,0.846,2.708,1,5.851
ja_polar_45,本気で譲ってほしいという人はいるのかしらん?,ja,-0.394,0.727,0.5,0.417,2.639,1,3.889
ko_polar_24,세계 각국이 간통죄를 없앤다고 우리마저 그래서 되겠습니까?,ko,-0.54,-0.635,0.333,0.857,2.197,1,2.212
ar_polar_20,هل بات حقهم الإلهي بارتداء عباءة أفضل فريقٍ في العالم غير مضمون؟,ar,1.907,1.375,0.6,0.643,2.773,1,7.298
ko_polar_123,당신도 잘 알지 않는가?,ko,-0.707,-2.635,0.333,0.75,1.792,1,-0.467
ar_content_22, كيف تنظر إلى صدام حسين؟,ar,-0.305,-3.095,0.4,0.2,2.079,0,-0.721
ja_content_21,具体的には、どのようなことが行われるのか。,ja,0.023,-0.39,0.8,0.308,2.773,0,3.514
en_content_298,what are you having problems with?,en,0.256,-0.199,0.333,0.333,2.079,0,2.802
fi_polar_69,Voiko äiti olla omin päin ottanut sen käyttöönsä?,fi,0.564,-0.664,0.8,0.625,2.303,1,3.628
id_polar_213,Konstankah interval PR?,id,-0.765,-1.362,0.0,0.75,1.792,1,0.415
ko_content_174,그러나 누가 아리스토텔레스와 엠페도클레스를 의심했겠는가?,ko,0.299,-1.467,0.5,0.4,1.946,0,1.678
ko_content_42,소위 남한의 PDR이란 무엇인가?,ko,-0.535,-1.467,0.333,1.0,1.792,0,1.123
id_content_6,"Bagaimana nasib Maya, Naomy dan Ryan?",id,-0.078,-0.226,0.0,0.833,2.197,0,2.726
ar_polar_9, هل ستشارك الأمم المتحدة في محاكمات صدام حسين وبقية أعضاء النظام السابق؟,ar,-0.631,1.375,0.6,0.571,2.833,1,4.748
en_content_395,whose better looking ?,en,-0.344,-2.199,0.0,0.5,1.792,0,-0.251
ko_content_107,그러면 이들은 왜 관광을 하는가?,ko,0.299,-2.467,0.667,0.6,1.946,0,1.045
ko_content_78,그러나 우리에게 뻬레스트로이카와 자유는 누가 주었는가?,ko,0.599,-1.467,0.667,0.5,2.079,0,2.378
ru_content_132,"Почему считаете, что молока стало меньше и малыш не наедается?",ru,0.177,0.045,0.5,0.6,2.565,0,3.887
fi_content_89,Kuka oli Ison-Britannian kuningatar Viktorian aviomies?,fi,-0.321,1.257,0.0,0.667,2.079,0,3.682
ko_content_125,그러면 이 두 게임에서 장종훈 선수의 타율은 얼마일까?,ko,0.227,-0.467,0.5,0.625,2.303,0,3.188
id_polar_209,Ingin menikmati foto di layar yang lebih besar?,id,-0.527,0.638,0.167,0.625,2.303,1,3.206
ja_polar_11,天ざるではちょっと多いかな?,ja,-0.497,-1.273,0.0,0.5,2.303,1,1.033
ja_content_8,これ以上何を望むというのか?,ja,-0.769,-0.39,0.6,0.333,2.398,0,2.172
en_content_398,how can you get wifi anywhere 24/7 on your apple ipod 8gb?,en,0.887,-1.199,1.0,0.5,2.833,0,4.021
ja_polar_17,仕事では孤独、プライベートは意外と華やかということか。,ja,-0.045,0.727,0.0,0.538,2.773,1,3.993
ko_polar_182,오너르 콜린스 하버 쪽으로 간 펭귄들이 그렇게 남아있는 무리인가?,ko,-0.415,1.365,0.222,0.889,2.398,1,4.459
ja_polar_14,こんなことできない?,ja,-1.212,-1.273,0.25,0.5,1.792,1,0.057
ru_polar_91,Есть ли еще грибы в лесу?,ru,-0.564,-0.603,0.4,0.667,2.079,1,1.979
fi_polar_107,– Etkö usko?,fi,-1.008,-1.664,0.0,0.5,1.609,1,-0.563
ru_content_111,А что вы могли бы посоветовать для нормализации стула?,ru,-0.17,0.045,0.417,0.444,2.398,0,3.134
id_content_188,Mengapa Ibu Pertiwi belum juga bisa menjadi mercusuar dunia?,id,0.622,-1.226,1.0,0.778,2.398,0,3.572
ru_content_544,Что привлекает в Ученом как в человеке каждую из них?,ru,0.288,0.045,0.667,0.3,2.485,0,3.785
ar_content_47,وإذا كان الدولار قد انخفض بنسبة 20% مقابل العملات الأوروبية الأخرى وخاصة اليورو والإسترليني فإن السؤال الذي يدور الآن ما أثر هذا الانخفاض على السوق المصري؟,ar,1.009,1.905,0.467,0.531,3.526,0,7.438
en_content_251,What are good places to eat brunch at? ?,en,-0.63,-1.199,0.5,0.5,2.398,0,1.569
ja_polar_33,スポーツを頑張っている子供たちにランクをつけるような言動ができるのでしょうか?,ja,-0.434,2.727,0.438,0.474,3.045,1,6.25
ja_content_10,その審査ではどのような資料と基準で許可されたのでしょうか。,ja,0.136,0.61,0.8,0.278,2.996,0,4.82
ja_content_40,党内のどこに歴史的正当性があるのだろうか？,ja,0.19,-0.39,0.8,0.385,2.708,0,3.693
en_polar_474,Did your vet take radiographs (x-rays)?,en,-0.193,-0.034,0.333,0.714,2.485,1,3.305
en_polar_463,Is there any tricks I could use?,en,-0.36,-0.034,0.25,0.429,2.197,1,2.482
ko_polar_150,시간에 종말이 있을 수 있을까?,ko,-0.79,-1.635,0.0,1.0,1.946,1,0.521
ru_content_85,"""Что с тобой случится?— сказали ему.",ru,-0.245,-0.955,0.333,0.333,2.398,0,1.864
ko_content_212,가이아 모델은 어떤 점에서 이제까지의 생물 지구 화학적 모델들과 다를까?,ko,0.576,-0.467,0.0,0.9,2.485,0,3.494
id_content_220,"Allahku, Allahku, mengapa Engkau meninggalkan aku?",id,0.837,-1.226,1.0,0.5,2.485,0,3.596
ja_content_25,"どういう人のどういう夢かはさておき,夢の中に出てくる寺社って,こんな感じなんじゃないだろうか?",ja,-0.009,1.61,0.2,0.481,3.434,0,5.716
id_polar_96,"Bukankah kami ini dianggapnya sebagai orang asing, karena ia telah menjual kami?",id,0.209,-1.362,0.667,0.286,2.833,1,2.633
en_polar_454,"a degu, a rat, a mouse, a hamster or a guinea pig?",en,1.534,-1.034,0.0,0.5,2.833,1,3.833
en_content_358,Is this how your clients usually evaluate these properties?,en,-0.594,-0.199,0.5,0.556,2.398,0,2.661
ru_content_478,Единственными насущными вопросами были: как противостоять влиянию ночи?,ru,-0.474,0.045,0.333,0.875,2.398,0,3.177
en_polar_110,Does this reappropriation lead to or originate from the same place?,en,-0.093,-1.034,0.5,0.455,2.565,1,2.393
ru_polar_83,"Рост 168 см, какой размер свитшота будет выбрать правильнее, и подойдёт ли размер 44/46 RUS?",ru,-0.093,1.397,0.4,0.533,2.944,1,5.181
fi_content_60,Miksi hän käveli taas?,fi,-0.787,-1.743,0.6,0.75,1.792,0,0.612
fi_polar_111,"”Voisiko vaimosi paremmin jos pyytäisit tätä lupaa tai kertoisit, että harrastat seksiä toisen naisen kanssa?",fi,-0.15,2.336,0.55,0.6,2.944,1,6.28
fi_content_68,- Keitä te olette ja miksi tungette tänne iltamyöhällä?,fi,-0.121,-0.743,0.8,0.5,2.398,0,2.834
id_polar_127,"Hei, Jack tidak selalu kalah oleh Wilson kan?",id,0.33,-1.362,1.0,0.5,2.398,1,2.866
en_polar_497,3. Is there too much mineral in the water?,en,-0.318,-0.034,0.5,0.556,2.485,1,3.189
en_content_165,How are you making out on the revised version of the LOC?,en,-0.162,-0.199,0.333,0.417,2.639,0,3.028
fi_polar_86,Söivätkö ritarit muuta kuin lihaa?,fi,-0.508,0.336,0.4,0.6,1.946,1,2.774
ja_polar_52,"“鶴”は統一教会教祖・文鮮明の妻,韓鶴子が由来か。",ja,0.86,0.727,0.0,0.667,2.996,1,5.25
fi_polar_27,Olenko minä se väärin pukeutunut?,fi,0.492,-1.664,0.8,0.4,1.946,1,1.974
ja_content_16,日中間の首脳会談や、民間交流でも停止しているものがあるが、どう手をつけていくのか,ja,-0.354,3.61,0.4,0.538,3.367,0,7.561
ru_content_505,Что может быть причиной этого и как исправить?,ru,-0.045,-0.955,0.417,0.5,2.303,0,2.22
en_polar_567,Have you had any knowledgement about pearl pigment.?,en,-0.479,-0.034,0.333,0.5,2.303,1,2.623
id_content_141,Apa yang terjadi jika Yellowstone meletus?,id,-0.078,-0.226,0.4,0.5,2.079,0,2.675
ru_polar_131,Готов ли организм девочки к сексу в таком возрасте?,ru,-0.164,-0.603,0.0,0.556,2.398,1,2.187
ko_content_13,"언제 어떤 암초에 걸릴는지 모르는데, 누가 안개 자욱한 바다를 향해하려 하겠습니까?",ko,-0.201,0.533,0.25,0.636,2.639,0,3.857
fi_content_93,Ei kai kukaan kaipaa sinne takaisin?,fi,-0.321,-0.743,0.6,0.667,2.079,0,2.282
ru_polar_142,"И правилен ли перевод предложения ""Я бегу на помощь подруге""?",ru,-0.164,-0.603,0.6,0.6,2.639,1,3.072
ko_content_245,이런 상태에서 어떻게 노동자들이 기업의 주인된 자세로 일을 할 수가 있다는 말인가?,ko,0.435,0.533,0.333,0.917,2.639,0,4.857
ru_polar_5,Есть ли крыша над головой?,ru,-0.664,-0.603,0.4,0.6,1.946,1,1.679
ko_polar_11,우리 정부의 능력으로는 도저히 할 수 없는 일도 해낼 수 있다고 말도 안되는 헛소리를 하는 사람이 대통령이 돼서 되겠습니까?,ko,-0.207,4.365,0.25,0.895,3.045,1,8.348
id_polar_238,Akankah dia menemukan kebahagiaan yang selama ini dia dambakan?,id,0.346,-0.362,0.583,0.3,2.485,1,3.352
ru_polar_93,"Можно ли в The division начать дополнение ""выживание"" без прохождения компании?",ru,-0.064,-0.603,0.5,0.545,2.708,1,3.086
ko_content_52,우리는 어떤 근거에서 그들을 광신이라고 말할 수 있는가?,ko,-0.201,-0.467,0.278,0.75,2.303,0,2.663
fi_polar_45,- Piilotitko veneen hyvin?  Juho kysyi.,fi,0.242,-0.664,0.4,1.0,2.197,1,3.175
ja_content_2,"飲んで頭痛とか出たら,どうしたらいいんですか?",ja,-0.163,-0.39,0.467,0.357,2.833,0,3.104
ja_polar_19,私を犯罪の構成要件を満たす刑法犯として告発するために110番通報したんじゃなかったのか?,ja,0.603,2.727,0.833,0.321,3.401,1,7.885
en_content_195,Blue Planet: Who's afraid of Big Bad Wolf?,en,-0.094,-0.199,0.0,0.667,2.485,0,2.859
fi_polar_17,PIKKUVAIMO: Saadaanko sitten varmasti pronssia?,fi,-0.008,-0.664,0.6,1.0,2.079,1,3.007
ru_content_371,"Вот теперь, спустя ещё месяц стояния в шкафу, мне стало интересно: ""А что собственно за субстанция у меня поселилась?""",ru,0.955,2.045,0.5,0.526,3.258,0,7.284
id_content_10,Bagaimana manusia sebagai individu dapat masuk ke dalam suatu hubungan dengan Allah?,id,0.486,-0.226,0.6,0.5,2.639,0,3.999
fi_content_122,"Kuka niihin pystyy vaikuttamaan, jos ei ministeri?",fi,-0.287,-0.743,0.4,0.571,2.303,0,2.244
ru_content_359,Что это за фигня?,ru,-0.045,-1.955,0.0,0.25,1.792,0,0.042
id_polar_235,"Bisakah Superboy mendapati cinta, menyembuhkan penyakit adiknya dan sekaligus menyelamatkan jakarta dari kejahatan?",id,-0.17,0.638,0.556,0.667,2.89,1,4.581
ja_polar_9,警察は摘発しないのか?,ja,-0.045,-1.273,0.75,0.286,2.197,1,1.915
ru_polar_75,"Хочу поменять его на что-то чёрное, стоит ли?",ru,-0.021,-0.603,0.333,0.5,2.398,1,2.607
id_content_223,"Berapa perkiraan omzet penjualan dari seorang marketing yang memiliki pengalaman kerjanya 3,5 tahun?",id,-0.185,1.774,0.4,0.643,2.773,0,5.405
fi_content_12,Miten sitten saavuttaisimme tämän seksuaalisen itseluottamuksen?,fi,-0.321,-0.743,0.6,0.833,2.079,0,2.448
fi_polar_44,- Eikö se ole selvää?  parrakas ryöväri ärähti.,fi,-0.008,0.336,0.2,0.571,2.398,1,3.497
id_polar_261,"Lagi apakah sangkut pautmu dengan Aku, hai Tirus dan Sidon dan seluruh wilayah Filistin?",id,0.102,-0.362,0.0,0.5,2.944,1,3.184
id_polar_51,"Iye, wah foto kopian-ku, mau kalian lihat saya?",id,-0.098,-0.362,0.5,0.333,2.565,1,2.938
fi_content_19,Kuinka se on mahdollista?,fi,-0.121,-1.743,0.0,0.5,1.792,0,0.428
ru_polar_24,Так можно ли это все назвать аллергией?,ru,-0.498,-0.603,0.5,0.571,2.197,1,2.167
ko_polar_45,종교에 삼위일체가 있고 우주 구성에도 삼계가 있는가 하면 불교에서는 삼세의 인연을 말하고 있지 않습니까?,ko,0.114,0.365,0.333,0.714,2.773,1,4.299
ja_content_6,これがどれだけすごいことなのか。,ja,-0.519,-0.39,0.0,0.222,2.398,0,1.711
id_content_107,Maka bagaimana sebuah sistem prosesor tunggal dapat menjalankan multi-proses?,id,0.872,-0.226,0.8,0.667,2.398,0,4.511
ko_polar_152,우리가 그릇된 결론을 끌어내도록 결정할 수도 있지 않을까?,ko,-0.469,-0.635,0.167,0.625,2.303,1,1.991
ru_content_311,Чем опасны волны на море в Австралии?,ru,-0.545,0.045,0.0,0.571,2.197,0,2.268
ru_polar_124,Можно ли писать знак корня над интегралом?,ru,-0.498,-0.603,0.4,0.714,2.197,1,2.21
ru_content_516,Подскажите как называется эта модель кроссовок adidas?,ru,-0.712,1.045,0.25,0.714,2.197,0,3.494
ru_content_684,Что это и как от него избавиться?,ru,0.621,0.045,0.5,0.286,2.197,0,3.649
ko_content_209,도대체 어떻게 박테리아와 나무와 동물들이 적절한 환경 조건을 결정하기 위하여 회의를 개최할 수 있겠는가?,ko,1.106,0.533,0.389,0.714,2.773,0,5.515
ko_polar_88,혹은 철학이 종교의 일종인가?,ko,-0.04,-2.635,0.5,0.75,1.792,1,0.367
ko_polar_3,자녀를 위해서 젖은 앞치마로 반평생을 사시지 않았느냐?,ko,-0.374,-1.635,0.25,0.714,2.197,1,1.152
en_polar_455,Royal Caribbean or Carnival cruise?,en,-0.443,-0.034,0.0,0.8,1.946,1,2.269
fi_polar_50,Onko tämän asian tiimoilta tullut teille valituksia?,fi,-0.174,-0.664,0.6,0.429,2.197,1,2.388
en_polar_33,Could you run those additional post-id's?,en,0.64,-1.034,0.333,0.571,2.303,1,2.813
ko_content_61,깔끔하고 말쑥한 동화의 차림새는 무엇보다도 소년 소녀들의 마음의 빛이요 모습이라고 생각되지 않는지요?,ko,0.071,-0.467,0.167,0.667,2.639,0,3.077
ar_content_43,إذا وصفوني بالخيانة فهل تستبعد أن أقول إنهم جهلاء؟,ar,-0.139,-2.095,0.6,0.308,2.708,0,1.382
ko_content_100,"특히 노자의 사상은 다른 무엇보다도 우선 ""도의 가르침"" 이 아닌가?",ko,2.354,-1.467,0.333,0.9,2.639,0,4.759
en_content_269,What do you think of these photos?,en,-0.344,-1.199,0.5,0.286,2.197,0,1.44
ru_content_64,— Что?— глухо в подушку отозвался он.,ru,0.355,0.045,0.5,0.5,2.398,0,3.798
ko_content_56,동물이 소년 소녀의 성장과 무슨 직접적인 관계가 있겠습니까?,ko,0.513,-0.467,0.0,0.75,2.303,0,3.099
ru_content_51,А что для вас настоящее счастье?,ru,0.555,-0.955,0.0,0.333,2.079,0,2.012
en_polar_347,Is there any cure for mouse poison?,en,-0.36,-0.034,0.333,0.571,2.197,1,2.707
ko_content_33,도시의 경관을 도시의 얼굴이라고 한다면 눈빛에 해당하는 것은 무엇일까?,ko,-0.701,0.533,0.25,0.778,2.398,0,3.258
fi_polar_21,Oliko Helsingissä tehty päätös sittenkin hätiköity?,fi,-0.008,0.336,0.4,0.833,2.079,1,3.64
ko_content_264,의식이란 어떻게 해서 자기 의식이 될까?,ko,0.199,-1.467,0.25,0.667,2.079,0,1.728
ja_polar_12,日本の高野山カフェや坊主バーは大丈夫でしょうか。,ja,-0.484,0.727,0.0,0.583,2.639,1,3.465
ko_content_152,이 이상한 생물체가 찾고 싶어하는 게 어떤 성운입니까?,ko,-0.773,0.533,0.133,0.875,2.303,0,3.071
ru_content_178,Солнце и море - что ещё надо для хорошего настроения?,ru,0.205,0.045,0.5,0.667,2.485,0,3.902
fi_content_134,Miten saada nainen nauttimaan arkiseksistä?,fi,-0.871,-0.743,0.4,1.0,1.946,0,1.732
id_polar_208,Berhasilkah Ali memperjuangkan rasa cintanya kepada Jamilah?,id,-0.321,0.638,0.417,0.6,2.485,1,3.819
id_content_158,Indy bilang ada apa mereka menyuruhnya datang?,id,-0.592,0.774,0.3,0.625,2.303,0,3.41
ko_content_202,도대체 어떻게 우리들은 이처럼 자연스럽게 가이아의 한 부분으로 동화될 수 있을까?,ko,0.999,-1.467,1.0,0.636,2.565,0,3.733
fi_polar_63,Vieläkö Bosniaan pystyy antamaan avustusta?,fi,-0.508,-0.664,0.4,1.0,1.946,1,2.174
ar_content_62,"وماذا عن الأحزاب في ماذا, في الحقوق التاريخية؟",ar,-0.305,-2.095,0.0,0.333,2.485,0,0.418
ru_polar_18,Используете ли пустышку?,ru,-0.664,-2.603,0.4,0.667,1.609,1,-0.591
ko_polar_122,온 세계가 나의 것이 아니냐?,ko,-0.54,-1.635,0.0,0.8,1.946,1,0.571
en_polar_341,my new OLYMPUS X940 DIGITAL CAMERA...?,en,0.807,-2.034,0.0,0.833,2.197,1,1.803
ko_content_232,돈키호테의 판단 착오는 어디에서 연유한 것일까?,ko,-0.801,-1.467,0.25,1.0,2.079,0,1.061
id_polar_245,Apa juga yang akan terjadi dengan perseteruan keluarga mereka?,id,-0.223,0.638,0.5,0.444,2.398,1,3.757
ko_polar_17,우리 사회의 안녕과 질서를 지키기 위해서 부름을 받고 존재하야 하는 경찰이 이래서 되겠습니까?,ko,-0.457,5.365,0.222,0.538,2.708,1,8.376
ar_polar_1,هل دفعت الخلافات العائلية الشيخ إلى الانتحار؟,ar,-0.093,-2.625,0.8,0.714,2.197,1,0.993
ar_content_57,وماذا عن وضع أستراليا؟,ar,-0.805,-3.095,0.0,0.4,1.946,0,-1.554
fi_polar_117,"""Eikö sinustakin?"" kysyit kolme vuotta sitten.",fi,-0.208,0.336,0.3,0.5,2.398,1,3.326
en_polar_569,cos ill be going to baguio alone and i have tight?,en,0.17,-1.034,0.667,0.417,2.639,1,2.859
ar_content_61,ما هي القيود التي من شأنها منع التعبير عن المعتقدات الدينية في الشركات الخاصة؟,ar,-0.27,-0.095,0.0,0.533,2.833,0,3.001
ru_polar_113,Законно ли то что они мне прислали?,ru,0.002,-0.603,0.6,0.286,2.197,1,2.482
fi_content_46,"Miksi pitää kiinni kenestäkään, kun myöhemmin pakotetaan kuitenkin päästämään irti?",fi,-0.232,0.257,0.6,0.8,2.565,0,3.99
ja_polar_29,関西ではスタンダードな部類の味ではないでしょうか。,ja,0.205,-0.273,0.0,0.308,2.708,1,2.948
id_polar_262,Dan apakah lagi yang harus aku sebut?,id,1.33,-1.362,0.833,0.375,2.303,1,3.479
fi_polar_105,"Onko arkiseksi nopea tyydytys ennen nukkumaanmenoa, tai nopea tyydytys ennen ylösnousua aamulla?",fi,-0.008,0.336,0.0,0.667,2.708,1,3.703
ja_polar_7,1議席で連立するか?,ja,-0.812,-1.273,0.5,0.333,2.079,1,0.827
id_polar_187,"apakah artinya tidak beroperasi hari sabtu, minggu / libur?",id,-0.098,0.638,0.333,0.7,2.639,1,4.212
ko_content_17,우리가 돌보지 아니하면 누가 돌보겠습니까?,ko,-0.701,-1.467,0.333,0.4,1.946,0,0.511
ja_polar_55,"まさか松田氏は,男性が倒れる前から消防に通報していたとでもいうつもりだったのでしょうか。",ja,1.748,2.727,0.562,0.423,3.367,1,8.827
en_content_185,You who like the tough talk of Tough on Crime?,en,-0.677,1.801,0.333,0.5,2.485,0,4.442
ar_polar_21,هل المسلسل الثاني ناجحٌ حتى الآن؟,ar,-0.293,-2.625,0.0,0.667,2.079,1,-0.172
ja_polar_0,そんなことで許されるのでしょうか?,ja,-0.497,-1.273,0.75,0.25,2.303,1,1.533
en_content_300,I have tryed to give him water but he wont take it.. what should i do?,en,0.781,-1.199,0.542,0.294,2.996,0,3.414
ru_content_591,И что со всем этим делать?,ru,0.555,-0.955,0.5,0.167,2.079,0,2.346
ko_polar_154,그리스어로 대지의 여신을 의미하는 이 말보다 적절한 용어가 과연 있을 수 있을까?,ko,-0.677,2.365,0.25,1.0,2.639,1,5.577
ar_content_53,وكم عدد جنود الجيش المصري الذين ساهموا في تحرير الكويت؟,ar,-0.655,0.905,0.4,0.636,2.565,0,3.851
ar_content_55,فأين ذلك كله مما تعانيه البشرية اليوم من ويلات وحروب؟..,ar,-0.209,0.905,1.0,0.357,2.89,0,4.943
en_polar_159,it's did you watch your girl on tv last night?,en,0.007,-1.034,0.833,0.455,2.565,1,2.826
ar_content_52,وكم عدد العمال المصريين الذين ساهموا في بناء الكويت وتعميرها فتحولت من صحراء جرداء إلى ما هي عليه الآن؟,ar,0.032,1.905,0.5,0.458,3.258,0,6.153
ja_content_13,いったいどんな話になったのでしょうか。,ja,-0.394,-1.39,0.8,0.333,2.398,0,1.747
id_polar_169,Kakak perempuan yang manis dan baik hati?,id,-0.432,0.638,0.0,0.714,2.197,1,3.117
fi_polar_66,"Onko henkilöstä annettu etsintäkuulutus, koska hänellä on laiton ase?",fi,-0.258,0.336,0.8,0.556,2.485,1,3.919
fi_polar_93,Onko kaikki se odottaminen sitten tarpeellista?,fi,0.192,-0.664,0.0,0.5,2.079,1,2.107
ar_content_59,من أين تستمد كل هذه الطاقة؟ أو ذلك الصوت الذي يخرج قوياً بحيث يحدث موجة صادمة؟,ar,-0.243,0.905,0.467,0.529,2.996,0,4.654
id_content_27,Apa yang herus dilakukan Winnie?,id,-0.128,-1.226,0.6,0.6,1.946,0,1.792
fi_content_119,"Kuinka sitten tiedät, onko sinut bannattu?",fi,-0.121,-0.743,0.5,0.667,2.197,0,2.5
fi_content_36,"Miksi minun täytyi elää kylmyydessä, miksi minä en koskaan edes elänyt?",fi,0.879,-0.743,0.8,0.636,2.639,0,4.211
ja_polar_22,今後もこの教団に所属していたいですか?,ja,0.425,-1.273,0.5,0.333,2.639,1,2.624
ja_content_3,また、目標についてどんなイメージをお持ちでしょうか。,ja,0.424,-0.39,0.5,0.417,2.708,0,3.659
ru_polar_173,"Правда ли то, что если мужчина не готов бесцельно тратить свои жизненные силы и ресурсы на паразитов, женщинам для отношений он будет не интересен?",ru,2.401,3.397,0.6,0.5,3.332,1,10.23
fi_polar_43,– Semmoisen paperisenko?,fi,-1.008,-1.664,0.0,1.0,1.609,1,-0.063
fi_content_28,Mikä on puheenjohtajavaltio Alankomaiden strategia?,fi,-0.371,0.257,0.0,0.6,1.946,0,2.432
en_polar_389,my Tom cat will not eat meat just the juice in the can.?,en,-0.277,-0.034,0.667,0.538,2.708,1,3.602
ko_polar_160,도도하던 보옥의 자존심을 무참히 까뭉갰다는 우월감 때문이었을까?,ko,-0.707,0.365,0.167,1.0,2.197,1,3.022
id_polar_143,"Beliau bertanya lagi, ``Maukah ku tuliskan surat untukmu kepada gubernur Kuffah agar melayanimu?",id,-0.032,0.638,0.5,0.438,2.996,1,4.54
ja_content_23,じゃあ次はどうなるのか?,ja,-0.394,-1.39,1.0,0.429,2.197,0,1.842
en_polar_478,Have I just fallen victim in a cultural trap?,en,0.057,-1.034,0.667,0.556,2.398,1,2.644
ko_polar_92,그렇다면 어음도 자금이라고 할 수 있을까?,ko,-0.64,-0.635,0.333,0.833,2.079,1,1.97
id_polar_118,"Masakan Aku membiarkan engkau seperti Adma, membuat engkau seperti Zeboim?",id,-0.098,-0.362,0.583,0.5,2.565,1,3.188
ar_polar_5, هل تم تعيين القضاة؟,ar,-1.093,-2.625,0.4,0.75,1.946,1,-0.622
ru_polar_103,"Есть ли в сети полноценная статья, где указывается, что можно?",ru,-0.053,0.397,0.4,0.7,2.639,1,4.083
ko_content_223,그런데 청초한 백합처럼 신성하게 보이는 까닭은 무엇 때문일까?,ko,-0.059,0.533,0.278,0.625,2.303,0,3.68
en_polar_526,I personally provided the request on four separate occasions and they claim there is a glitch in their systems ?,en,0.14,1.966,0.556,0.474,3.045,1,6.181
fi_polar_102,"Olisiko se, että itse tulee sinne peiton alle, kainaloon, vain alusvaatteisillaan?",fi,0.392,1.336,0.5,0.727,2.773,1,5.728
ar_polar_8, هل تتوقع أن يحكم صدام حسين بالإعدام؟,ar,-0.379,-1.625,0.4,0.25,2.398,1,1.044
ko_content_99,그렇다면 대체 노자의 진짜 성은 무엇이었을까?,ko,0.399,-1.467,0.5,0.833,2.079,0,2.344
ja_polar_26,思わずつまんでみたくなるぷっくり出たおなか。,ja,0.01,-0.273,0.25,0.6,2.485,1,3.072
ja_content_5,ぜひ立ち寄ってみてはいかがでしょうか?,ja,-0.144,-0.39,0.4,0.444,2.398,0,2.708
id_polar_88,Apakah kita semua harus berbalik dan semuanya mendengarkan dia?,id,0.102,-0.362,0.5,0.273,2.565,1,3.078
en_content_352,"Your father never listens to me, what can I say?",en,-0.122,-1.199,0.5,0.4,2.565,0,2.144
id_content_33,"Maka kata Pak Belalang, dari mana datang dan apakah hajat?",id,0.222,-0.226,0.5,0.545,2.639,0,3.68
ko_polar_33,하지만 이러한 사실이 사회주의적 과제를 민주주의 혁명의 과제로 혼동하거나 종속시킬 수 있는 논고가 될 여지는 조금도 없지 않은가?,ko,0.607,3.365,0.167,0.833,2.996,1,7.968
id_polar_258,Alternatif apa lagi selain itu?,id,0.402,-2.362,0.0,0.4,1.946,1,0.386
fi_content_17,"Miksi tyydymme vähään ja odotamme, että se paranisi itsestään sitten joskus?",fi,-0.321,1.257,0.6,0.727,2.639,0,4.902
ar_polar_14,"ولولا قوة شخصية الريحاني، وفرضه نفسه ""بطريركا"" على وسطه وبيئته، لكان غرق في تفاهات الناس العاديين الذين خشيهم جبران (وهو على حق) في رسالته الى ذلك الـ ""منصور"" صديقه (هل من يعرف من هو؟).",ar,1.351,5.375,0.55,0.348,4.078,1,11.702
id_polar_178,"Pergilah masak segera, apa digaduhkan masak nasi ransom?",id,-0.348,-0.362,0.333,0.778,2.485,1,2.886
ko_polar_79,하나의 중국을 인정하기로 했는가?,ko,-1.04,-0.635,0.167,0.75,1.792,1,1.034
id_content_266,Siapa namanya dan siapa nama anaknya?,id,-0.449,0.774,0.0,0.375,2.303,0,3.003
fi_content_14,Miksi emme pidä seksuaalielämäämme usein kovinkaan hyvänä?,fi,-0.287,-0.743,0.8,0.857,2.197,0,2.824
en_polar_393,NOOK Color or NOOK Tablet?,en,-0.443,-1.034,0.0,0.8,1.946,1,1.269
ru_content_32,А сейчас что?,ru,-0.545,-1.955,0.0,0.333,1.609,0,-0.558
ru_polar_106,Можно ли копать чермет с металлоискателем не нарушая закон?,ru,-0.414,0.397,0.4,0.667,2.398,1,3.448
ja_content_12,ではどのような行動によって「細かい男」だと思われるのでしょうか。,ja,0.783,-0.39,0.5,0.333,3.091,0,4.317
ru_content_79,— Что?— Петино лицо показалось из-за журнала.,ru,-0.045,0.045,0.333,0.667,2.398,0,3.398
ko_content_233,신나는 혁명 권력을 장악한 볼셰비키는 그것으로 무슨 일을 하였던가?,ko,-0.451,0.533,0.222,0.889,2.398,0,3.591
fi_polar_114,Ratkaiseeko puitesopimus kaikki ongelmat?,fi,-0.341,-0.664,0.4,0.75,1.792,1,1.937
ko_content_135,해보지도 않고 시합에 이겼다는 주장이 대체 어디 있니?,ko,-0.059,0.533,0.167,0.625,2.303,0,3.569
ko_content_153,왜 금권선거가 한국선거의 특징이 되겠는가?,ko,0.049,-1.467,0.5,1.0,1.946,0,2.028
fi_content_67,Mitä muuta tänne ruotsinpuolelle kuuluu?,fi,-0.621,-0.743,0.4,0.6,1.946,0,1.582
ja_content_38,警官は私に作者Günter de Bruynを知っているか？同業者なのか？と、極めて言葉少なに質問した。,ja,1.731,0.61,0.467,0.48,3.401,0,6.689
ru_polar_117,Сюда же вопрос: часто ли машинисты переходят с работы на пассажирском поезде к работе на грузовом и наоборот?,ru,-0.047,2.397,0.8,0.611,3.045,1,6.806
ko_content_206,그런데 우리들은 왜 지구와 지구의 생물들을 함께 다루어야만 할까?,ko,1.174,-0.467,0.0,0.556,2.398,0,3.661
ar_content_12, أين سيكون مقر المحكمة؟,ar,-0.805,-3.095,0.4,0.6,2.079,0,-0.821
ja_polar_59,って言ってる年齢不詳?,ja,-0.712,-1.273,0.25,0.6,1.946,1,0.811
ko_content_30,그런데 여러분은 과연 어느 편에 속한 사람입니까?,ko,0.465,-0.467,0.333,0.571,2.197,0,3.099
fi_polar_24,"Palasin, kaipasitko minua?",fi,-0.508,-0.664,0.2,0.667,1.792,1,1.487
ar_content_30,كيف يمكن الدولة ان تقيم حواراً انقاذيا تقريبا مع الدول والمؤسسات الغريبة، وهي لا تقيم حوار - الحد الادنى من التفاهم مع بعض القوى اللبنانية؟,ar,0.825,0.905,0.733,0.577,3.401,0,6.441
id_polar_4,Apa nama lembaga yang akan melayani radio-radio ini?,id,-0.384,-0.362,0.333,0.5,2.303,1,2.39
ja_content_30,"いったい,“次世紀ファーム研究所”とは何なのか。",ja,0.879,-1.39,0.0,0.5,2.833,0,2.822
en_content_192,How much money does the USA give NASA per year?,en,-0.566,-0.199,0.667,0.7,2.485,0,3.087
fi_polar_62,Tulisiko tästä yhtään mitään?,fi,-0.341,-0.664,0.4,0.5,1.792,1,1.687
fi_content_81,Missä laatikossa niiden papereiden piti olla?,fi,0.079,-0.743,0.0,0.333,2.079,0,1.748
id_polar_54,Akan kah pertemanan sepihak ini dapat berubah menjadi Cinta?,id,0.527,-1.362,0.333,0.556,2.398,1,2.452
ja_content_14,"なのに,どうして住民が説明会を拒否しているなんて建築指導課に報告するんですか?",ja,1.148,-0.39,0.667,0.4,3.332,0,5.157
ja_content_28,中日の次期監督に決まっている高木守道氏からラブコールを送られている福留に、巨人も再び手を伸ばすことになるかどうか。,ja,-0.175,4.61,0.367,0.606,3.584,0,8.992
id_content_119,Bagaimana pula jika peristiwa ``kehabisan cita'' dalam hidup pasangan suami-istri?,id,0.567,-0.226,0.4,0.8,2.639,0,4.18
id_content_3,Siapakah sebenarnya gadis yang mirip si Cemong?,id,-0.021,-0.226,0.0,0.5,2.303,0,2.556
ru_content_635,"Если польский, украинский и русский можно сказать, что славянские языки, а японский, китайский и корейский - восточные, то как можно обьяденить французский, немецкий и английский языки?",ru,2.121,4.045,0.333,0.72,3.526,0,10.745
en_polar_228,"With regard to our annual review of this list of laws we need to comply with, do we not want to add the Canadian provinces new ""eligible swap participant"" equivalant rules?",en,0.807,3.966,0.417,0.548,3.584,1,9.322
ru_polar_182,Будет ли счастье в семье разлучницы или разлучника?,ru,-0.164,-0.603,0.0,0.5,2.303,1,2.036
en_content_116,What about 7:00 at the office or breakfast meeting at 7:00?,en,-0.244,0.801,0.0,0.273,2.565,0,3.395
id_content_121,Mengapa hal ini tidak terjadi dalam Protestanisme?,id,0.122,-1.226,0.8,0.571,2.197,0,2.464
en_content_132,Which do you prefer?,en,-0.344,-2.199,0.333,0.25,1.792,0,-0.168
ja_content_37,しかし、グレンダに素晴らしい技を披露させたとして、誰がそれを咎めることができるだろうか。,ja,0.924,0.61,0.733,0.304,3.296,0,5.867
id_polar_260,Apakah Maria ini ``isteri'' atau ``putri'' Klopas?,id,0.045,-0.362,0.0,0.5,2.639,1,2.822
fi_polar_59,Taruako lienee vai totta?,fi,-0.341,-0.664,0.0,0.5,1.792,1,1.287
ja_polar_21,それで生き方、変わりますか?,ja,-0.212,-1.273,0.375,0.429,2.303,1,1.622
en_polar_323,Has the disaster affected the way other countries view the US?,en,-0.593,0.966,0.333,0.636,2.565,1,3.907
ru_polar_162,"Подскажите, у кошки болит лапа, хромает, есть ли на снимке отклонения?",ru,0.236,0.397,0.4,0.727,2.773,1,4.533
ar_content_54,"وتساءل: ""أين دعوة المسيح الآن من سيل الهجوم على الإيمان وتحقير أهله وكيل الاتهامات لهم وتزيين الإلحاد والدفاع عنه؟""",ar,0.785,1.905,0.2,0.5,3.434,0,6.824
ru_content_409,А как мне помириться то с ней после этого?,ru,0.08,-0.955,1.0,0.222,2.398,0,2.745
ar_content_35,"وتساءل الشاب في الرسالة التي بثها موقع ""الإخوان"" على الإنترنت تحت عنوان ""من شاب مقهور إلى المرشد العام: متى تظهر القوة الحقيقية للإخوان في الميدان؟",ar,0.5,2.905,0.733,0.607,3.526,0,8.271
en_polar_481,*gasps* So I wouldn't make a good prostitute?,en,0.557,-1.034,0.417,0.556,2.565,1,3.061
fi_content_92,Ymmärrätkö mitä yritän selittää?,fi,-0.787,-0.743,0.2,1.0,1.792,0,1.462
ja_polar_18,"宗教であるから,詐欺罪には当たらない?",ja,0.233,-0.273,0.25,0.5,2.565,1,3.275
en_content_8,What's going on with the UBS weather position?,en,0.156,-1.199,0.5,0.444,2.398,0,2.299
