experiment_type,language,task,submetric,control_index,layer_index,metric,value
probe,ar,complexity,,,1,mse,0.0339929051697254
probe,ar,complexity,,mean_control,1,mse,0.07072425882021581
probe,ar,complexity,,,2,mse,0.0333805195987224
probe,ar,complexity,,mean_control,2,mse,0.0653669287761052
probe,ar,complexity,,,3,mse,0.0306976158171892
probe,ar,complexity,,mean_control,3,mse,0.06585095822811124
probe,ar,complexity,,,4,mse,0.0301980506628751
probe,ar,complexity,,mean_control,4,mse,0.06670870135227837
probe,ar,complexity,,,5,mse,0.0347760245203971
probe,ar,complexity,,mean_control,5,mse,0.0584786546727021
probe,ar,complexity,,,6,mse,0.0347245000302791
probe,ar,complexity,,mean_control,6,mse,0.05659847706556317
probe,ar,complexity,,,7,mse,0.0376363806426525
probe,ar,complexity,,mean_control,7,mse,0.05768291031320883
probe,ar,complexity,,,8,mse,0.0317660756409168
probe,ar,complexity,,mean_control,8,mse,0.05568142483631763
probe,ar,complexity,,,9,mse,0.0356102660298347
probe,ar,complexity,,mean_control,9,mse,0.059470634907484
probe,ar,complexity,,,10,mse,0.0420287624001503
probe,ar,complexity,,mean_control,10,mse,0.06522005548079803
probe,ar,complexity,,,11,mse,0.0406727008521556
probe,ar,complexity,,mean_control,11,mse,0.06118077412247653
probe,ar,complexity,,,12,mse,0.0573121793568134
probe,ar,complexity,,mean_control,12,mse,0.060830568273862164
probe,ar,question_type,,,1,accuracy,0.8571428571428571
probe,ar,question_type,,mean_control,1,accuracy,0.7142857142857143
probe,ar,question_type,,,2,accuracy,0.8571428571428571
probe,ar,question_type,,mean_control,2,accuracy,0.7142857142857143
probe,ar,question_type,,,3,accuracy,0.7662337662337663
probe,ar,question_type,,mean_control,3,accuracy,0.7142857142857143
probe,ar,question_type,,,4,accuracy,0.7792207792207793
probe,ar,question_type,,mean_control,4,accuracy,0.7142857142857143
probe,ar,question_type,,,5,accuracy,0.7272727272727273
probe,ar,question_type,,mean_control,5,accuracy,0.7142857142857143
probe,ar,question_type,,,6,accuracy,0.7662337662337663
probe,ar,question_type,,mean_control,6,accuracy,0.7142857142857143
probe,ar,question_type,,,7,accuracy,0.7662337662337663
probe,ar,question_type,,mean_control,7,accuracy,0.7142857142857143
probe,ar,question_type,,,8,accuracy,0.7662337662337663
probe,ar,question_type,,mean_control,8,accuracy,0.7142857142857143
probe,ar,question_type,,,9,accuracy,0.7792207792207793
probe,ar,question_type,,mean_control,9,accuracy,0.7142857142857143
probe,ar,question_type,,,10,accuracy,0.7142857142857143
probe,ar,question_type,,mean_control,10,accuracy,0.7142857142857143
probe,ar,question_type,,,11,accuracy,0.6753246753246753
probe,ar,question_type,,mean_control,11,accuracy,0.7142857142857143
probe,ar,question_type,,,12,accuracy,0.6233766233766234
probe,ar,question_type,,mean_control,12,accuracy,0.7142857142857143
probe,ar,single_submetric,avg_links_len,,1,mse,0.0541920587420463
probe,ar,single_submetric,avg_links_len,mean_control,1,mse,0.0751538028319676
probe,ar,single_submetric,avg_max_depth,,1,mse,0.0327126942574977
probe,ar,single_submetric,avg_max_depth,mean_control,1,mse,0.06132602070768667
probe,ar,single_submetric,avg_subordinate_chain_len,,1,mse,0.0736229494214057
probe,ar,single_submetric,avg_subordinate_chain_len,mean_control,1,mse,0.08436092734336849
probe,ar,single_submetric,avg_verb_edges,,1,mse,0.1025013029575347
probe,ar,single_submetric,avg_verb_edges,mean_control,1,mse,0.1327913552522659
probe,ar,single_submetric,lexical_density,,1,mse,0.0579299628734588
probe,ar,single_submetric,lexical_density,mean_control,1,mse,0.0638356059789657
probe,ar,single_submetric,n_tokens,,1,mse,0.0423019863665103
probe,ar,single_submetric,n_tokens,mean_control,1,mse,0.08845237642526622
probe,ar,single_submetric,avg_links_len,,2,mse,0.0596032403409481
probe,ar,single_submetric,avg_links_len,mean_control,2,mse,0.08854684482018145
probe,ar,single_submetric,avg_max_depth,,2,mse,0.0380634814500808
probe,ar,single_submetric,avg_max_depth,mean_control,2,mse,0.06372167915105813
probe,ar,single_submetric,avg_subordinate_chain_len,,2,mse,0.0786594524979591
probe,ar,single_submetric,avg_subordinate_chain_len,mean_control,2,mse,0.08812966694434476
probe,ar,single_submetric,avg_verb_edges,,2,mse,0.1162541508674621
probe,ar,single_submetric,avg_verb_edges,mean_control,2,mse,0.15052025516827897
probe,ar,single_submetric,lexical_density,,2,mse,0.0576712191104888
probe,ar,single_submetric,lexical_density,mean_control,2,mse,0.06014207378029816
probe,ar,single_submetric,n_tokens,,2,mse,0.0482051484286785
probe,ar,single_submetric,n_tokens,mean_control,2,mse,0.09151983509461083
probe,ar,single_submetric,avg_links_len,,3,mse,0.058368232101202
probe,ar,single_submetric,avg_links_len,mean_control,3,mse,0.08087161928415297
probe,ar,single_submetric,avg_max_depth,,3,mse,0.035520065575838
probe,ar,single_submetric,avg_max_depth,mean_control,3,mse,0.06176950782537457
probe,ar,single_submetric,avg_subordinate_chain_len,,3,mse,0.0795598626136779
probe,ar,single_submetric,avg_subordinate_chain_len,mean_control,3,mse,0.09149530033270514
probe,ar,single_submetric,avg_verb_edges,,3,mse,0.1182584762573242
probe,ar,single_submetric,avg_verb_edges,mean_control,3,mse,0.16428955396016431
probe,ar,single_submetric,lexical_density,,3,mse,0.0544430054724216
probe,ar,single_submetric,lexical_density,mean_control,3,mse,0.060674083729584966
probe,ar,single_submetric,n_tokens,,3,mse,0.044227086007595
probe,ar,single_submetric,n_tokens,mean_control,3,mse,0.08820208658774686
probe,ar,single_submetric,avg_links_len,,4,mse,0.0556356646120548
probe,ar,single_submetric,avg_links_len,mean_control,4,mse,0.07852695633967714
probe,ar,single_submetric,avg_max_depth,,4,mse,0.0318708792328834
probe,ar,single_submetric,avg_max_depth,mean_control,4,mse,0.062160231173038434
probe,ar,single_submetric,avg_subordinate_chain_len,,4,mse,0.0792729556560516
probe,ar,single_submetric,avg_subordinate_chain_len,mean_control,4,mse,0.0906597425540288
probe,ar,single_submetric,avg_verb_edges,,4,mse,0.1192727908492088
probe,ar,single_submetric,avg_verb_edges,mean_control,4,mse,0.17192519207795456
probe,ar,single_submetric,lexical_density,,4,mse,0.0602209530770778
probe,ar,single_submetric,lexical_density,mean_control,4,mse,0.0631613085667292
probe,ar,single_submetric,n_tokens,,4,mse,0.0369752086699008
probe,ar,single_submetric,n_tokens,mean_control,4,mse,0.0911248003443082
probe,ar,single_submetric,avg_links_len,,5,mse,0.0499861389398574
probe,ar,single_submetric,avg_links_len,mean_control,5,mse,0.0768873716394106
probe,ar,single_submetric,avg_max_depth,,5,mse,0.0314974449574947
probe,ar,single_submetric,avg_max_depth,mean_control,5,mse,0.055989727377891506
probe,ar,single_submetric,avg_subordinate_chain_len,,5,mse,0.0715144947171211
probe,ar,single_submetric,avg_subordinate_chain_len,mean_control,5,mse,0.08263070136308666
probe,ar,single_submetric,avg_verb_edges,,5,mse,0.1048231497406959
probe,ar,single_submetric,avg_verb_edges,mean_control,5,mse,0.15066429475943244
probe,ar,single_submetric,lexical_density,,5,mse,0.0648190528154373
probe,ar,single_submetric,lexical_density,mean_control,5,mse,0.06351942569017406
probe,ar,single_submetric,n_tokens,,5,mse,0.0388262346386909
probe,ar,single_submetric,n_tokens,mean_control,5,mse,0.08276853462060287
probe,ar,single_submetric,avg_links_len,,6,mse,0.0451874695718288
probe,ar,single_submetric,avg_links_len,mean_control,6,mse,0.0775142063697179
probe,ar,single_submetric,avg_max_depth,,6,mse,0.027670407667756
probe,ar,single_submetric,avg_max_depth,mean_control,6,mse,0.053246463338533966
probe,ar,single_submetric,avg_subordinate_chain_len,,6,mse,0.069061666727066
probe,ar,single_submetric,avg_subordinate_chain_len,mean_control,6,mse,0.07833705345789588
probe,ar,single_submetric,avg_verb_edges,,6,mse,0.108236014842987
probe,ar,single_submetric,avg_verb_edges,mean_control,6,mse,0.15115500489870703
probe,ar,single_submetric,lexical_density,,6,mse,0.0642499700188636
probe,ar,single_submetric,lexical_density,mean_control,6,mse,0.06302957112590467
probe,ar,single_submetric,n_tokens,,6,mse,0.0402470976114273
probe,ar,single_submetric,n_tokens,mean_control,6,mse,0.07990303883949913
probe,ar,single_submetric,avg_links_len,,7,mse,0.0497259311378002
probe,ar,single_submetric,avg_links_len,mean_control,7,mse,0.07325951009988783
probe,ar,single_submetric,avg_max_depth,,7,mse,0.034372866153717
probe,ar,single_submetric,avg_max_depth,mean_control,7,mse,0.05372617269555727
probe,ar,single_submetric,avg_subordinate_chain_len,,7,mse,0.071516640484333
probe,ar,single_submetric,avg_subordinate_chain_len,mean_control,7,mse,0.07798652847607927
probe,ar,single_submetric,avg_verb_edges,,7,mse,0.140143021941185
probe,ar,single_submetric,avg_verb_edges,mean_control,7,mse,0.14157925049463904
probe,ar,single_submetric,lexical_density,,7,mse,0.0569449514150619
probe,ar,single_submetric,lexical_density,mean_control,7,mse,0.06028753767410907
probe,ar,single_submetric,n_tokens,,7,mse,0.0479598566889762
probe,ar,single_submetric,n_tokens,mean_control,7,mse,0.07847718894481653
probe,ar,single_submetric,avg_links_len,,8,mse,0.0491503216326236
probe,ar,single_submetric,avg_links_len,mean_control,8,mse,0.07191319515307742
probe,ar,single_submetric,avg_max_depth,,8,mse,0.0326920375227928
probe,ar,single_submetric,avg_max_depth,mean_control,8,mse,0.058275710791349376
probe,ar,single_submetric,avg_subordinate_chain_len,,8,mse,0.0733271539211273
probe,ar,single_submetric,avg_subordinate_chain_len,mean_control,8,mse,0.0802803536256154
probe,ar,single_submetric,avg_verb_edges,,8,mse,0.1071120426058769
probe,ar,single_submetric,avg_verb_edges,mean_control,8,mse,0.1538916279872258
probe,ar,single_submetric,lexical_density,,8,mse,0.0610712021589279
probe,ar,single_submetric,lexical_density,mean_control,8,mse,0.06315421809752776
probe,ar,single_submetric,n_tokens,,8,mse,0.0420018248260021
probe,ar,single_submetric,n_tokens,mean_control,8,mse,0.07823997239271796
probe,ar,single_submetric,avg_links_len,,9,mse,0.0542670227587223
probe,ar,single_submetric,avg_links_len,mean_control,9,mse,0.07461280127366383
probe,ar,single_submetric,avg_max_depth,,9,mse,0.0390464551746845
probe,ar,single_submetric,avg_max_depth,mean_control,9,mse,0.05627502997716263
probe,ar,single_submetric,avg_subordinate_chain_len,,9,mse,0.074073925614357
probe,ar,single_submetric,avg_subordinate_chain_len,mean_control,9,mse,0.08231069147586821
probe,ar,single_submetric,avg_verb_edges,,9,mse,0.1125178486108779
probe,ar,single_submetric,avg_verb_edges,mean_control,9,mse,0.15782800316810605
probe,ar,single_submetric,lexical_density,,9,mse,0.0569748431444168
probe,ar,single_submetric,lexical_density,mean_control,9,mse,0.05909477670987443
probe,ar,single_submetric,n_tokens,,9,mse,0.049804713577032
probe,ar,single_submetric,n_tokens,mean_control,9,mse,0.0806017393867174
probe,ar,single_submetric,avg_links_len,,10,mse,0.0550507940351963
probe,ar,single_submetric,avg_links_len,mean_control,10,mse,0.09617079049348827
probe,ar,single_submetric,avg_max_depth,,10,mse,0.0369412451982498
probe,ar,single_submetric,avg_max_depth,mean_control,10,mse,0.05786412954330441
probe,ar,single_submetric,avg_subordinate_chain_len,,10,mse,0.0745473429560661
probe,ar,single_submetric,avg_subordinate_chain_len,mean_control,10,mse,0.08477035661538436
probe,ar,single_submetric,avg_verb_edges,,10,mse,0.1084993034601211
probe,ar,single_submetric,avg_verb_edges,mean_control,10,mse,0.15381086369355518
probe,ar,single_submetric,lexical_density,,10,mse,0.0602357313036918
probe,ar,single_submetric,lexical_density,mean_control,10,mse,0.061252895742654766
probe,ar,single_submetric,n_tokens,,10,mse,0.0518261343240737
probe,ar,single_submetric,n_tokens,mean_control,10,mse,0.08246036867300667
probe,ar,single_submetric,avg_links_len,,11,mse,0.0566312372684478
probe,ar,single_submetric,avg_links_len,mean_control,11,mse,0.08788116276264184
probe,ar,single_submetric,avg_max_depth,,11,mse,0.0391818471252918
probe,ar,single_submetric,avg_max_depth,mean_control,11,mse,0.06338227167725557
probe,ar,single_submetric,avg_subordinate_chain_len,,11,mse,0.0799664482474327
probe,ar,single_submetric,avg_subordinate_chain_len,mean_control,11,mse,0.08978065848350521
probe,ar,single_submetric,avg_verb_edges,,11,mse,0.108644351363182
probe,ar,single_submetric,avg_verb_edges,mean_control,11,mse,0.1537712564071019
probe,ar,single_submetric,lexical_density,,11,mse,0.0598114505410194
probe,ar,single_submetric,lexical_density,mean_control,11,mse,0.06141820674141241
probe,ar,single_submetric,n_tokens,,11,mse,0.0548338703811168
probe,ar,single_submetric,n_tokens,mean_control,11,mse,0.10493126263221099
probe,ar,single_submetric,avg_links_len,,12,mse,0.0725904628634452
probe,ar,single_submetric,avg_links_len,mean_control,12,mse,0.06408392886320746
probe,ar,single_submetric,avg_max_depth,,12,mse,0.0533448942005634
probe,ar,single_submetric,avg_max_depth,mean_control,12,mse,0.056076463311910574
probe,ar,single_submetric,avg_subordinate_chain_len,,12,mse,0.0796591192483902
probe,ar,single_submetric,avg_subordinate_chain_len,mean_control,12,mse,0.07677307724952694
probe,ar,single_submetric,avg_verb_edges,,12,mse,0.1112304404377937
probe,ar,single_submetric,avg_verb_edges,mean_control,12,mse,0.11910620828469594
probe,ar,single_submetric,lexical_density,,12,mse,0.0570369139313697
probe,ar,single_submetric,lexical_density,mean_control,12,mse,0.06019173686703041
probe,ar,single_submetric,n_tokens,,12,mse,0.0787296742200851
probe,ar,single_submetric,n_tokens,mean_control,12,mse,0.0796923960248629
probe,en,complexity,,,1,mse,0.0165211483836174
probe,en,complexity,,mean_control,1,mse,0.04811714837948477
probe,en,complexity,,,2,mse,0.0181737840175628
probe,en,complexity,,mean_control,2,mse,0.04696744928757343
probe,en,complexity,,,3,mse,0.0223008263856172
probe,en,complexity,,mean_control,3,mse,0.04948123668630917
probe,en,complexity,,,4,mse,0.0203608497977256
probe,en,complexity,,mean_control,4,mse,0.0491721282402674
probe,en,complexity,,,5,mse,0.0199049226939678
probe,en,complexity,,mean_control,5,mse,0.04549311349789297
probe,en,complexity,,,6,mse,0.0172489937394857
probe,en,complexity,,mean_control,6,mse,0.04547428215543423
probe,en,complexity,,,7,mse,0.032355424016714
probe,en,complexity,,mean_control,7,mse,0.04388802374402676
probe,en,complexity,,,8,mse,0.0196378510445356
probe,en,complexity,,mean_control,8,mse,0.04340375587344167
probe,en,complexity,,,9,mse,0.0230465866625309
probe,en,complexity,,mean_control,9,mse,0.0478251439829667
probe,en,complexity,,,10,mse,0.0362035520374774
probe,en,complexity,,mean_control,10,mse,0.0449302233755588
probe,en,complexity,,,11,mse,0.0382068902254104
probe,en,complexity,,mean_control,11,mse,0.04834204788009323
probe,en,complexity,,,12,mse,0.0435507521033287
probe,en,complexity,,mean_control,12,mse,0.04476555064320561
probe,en,question_type,,,1,accuracy,0.9363636363636364
probe,en,question_type,,mean_control,1,accuracy,0.5454545454545454
probe,en,question_type,,,2,accuracy,0.8545454545454545
probe,en,question_type,,mean_control,2,accuracy,0.5
probe,en,question_type,,,3,accuracy,0.9090909090909092
probe,en,question_type,,mean_control,3,accuracy,0.5
probe,en,question_type,,,4,accuracy,0.9545454545454546
probe,en,question_type,,mean_control,4,accuracy,0.5
probe,en,question_type,,,5,accuracy,0.9727272727272728
probe,en,question_type,,mean_control,5,accuracy,0.5
probe,en,question_type,,,6,accuracy,0.9636363636363636
probe,en,question_type,,mean_control,6,accuracy,0.5333333333333333
probe,en,question_type,,,7,accuracy,0.9363636363636364
probe,en,question_type,,mean_control,7,accuracy,0.5242424242424243
probe,en,question_type,,,8,accuracy,0.9454545454545454
probe,en,question_type,,mean_control,8,accuracy,0.5333333333333333
probe,en,question_type,,,9,accuracy,0.9545454545454546
probe,en,question_type,,mean_control,9,accuracy,0.5
probe,en,question_type,,,10,accuracy,0.9545454545454546
probe,en,question_type,,mean_control,10,accuracy,0.5303030303030303
probe,en,question_type,,,11,accuracy,0.9272727272727272
probe,en,question_type,,mean_control,11,accuracy,0.5363636363636364
probe,en,question_type,,,12,accuracy,0.9
probe,en,question_type,,mean_control,12,accuracy,0.5
probe,en,single_submetric,avg_links_len,,1,mse,0.0104158297181129
probe,en,single_submetric,avg_links_len,mean_control,1,mse,0.013927192116777067
probe,en,single_submetric,avg_max_depth,,1,mse,0.0179835446178913
probe,en,single_submetric,avg_max_depth,mean_control,1,mse,0.03020358706514037
probe,en,single_submetric,avg_subordinate_chain_len,,1,mse,0.0242650881409645
probe,en,single_submetric,avg_subordinate_chain_len,mean_control,1,mse,0.0309018939733505
probe,en,single_submetric,avg_verb_edges,,1,mse,0.0428463444113731
probe,en,single_submetric,avg_verb_edges,mean_control,1,mse,0.0660192022720972
probe,en,single_submetric,lexical_density,,1,mse,0.0301937237381935
probe,en,single_submetric,lexical_density,mean_control,1,mse,0.0308075205733378
probe,en,single_submetric,n_tokens,,1,mse,0.0137197514995932
probe,en,single_submetric,n_tokens,mean_control,1,mse,0.027257898201545033
probe,en,single_submetric,avg_links_len,,2,mse,0.010285647585988
probe,en,single_submetric,avg_links_len,mean_control,2,mse,0.014023721528549934
probe,en,single_submetric,avg_max_depth,,2,mse,0.0195110216736793
probe,en,single_submetric,avg_max_depth,mean_control,2,mse,0.030841458588838536
probe,en,single_submetric,avg_subordinate_chain_len,,2,mse,0.0285305231809616
probe,en,single_submetric,avg_subordinate_chain_len,mean_control,2,mse,0.031103883559505097
probe,en,single_submetric,avg_verb_edges,,2,mse,0.0511403903365135
probe,en,single_submetric,avg_verb_edges,mean_control,2,mse,0.06933029989401497
probe,en,single_submetric,lexical_density,,2,mse,0.0304294601082801
probe,en,single_submetric,lexical_density,mean_control,2,mse,0.031192780782779036
probe,en,single_submetric,n_tokens,,2,mse,0.0108181154355406
probe,en,single_submetric,n_tokens,mean_control,2,mse,0.025722153484821302
probe,en,single_submetric,avg_links_len,,3,mse,0.0114889563992619
probe,en,single_submetric,avg_links_len,mean_control,3,mse,0.014021161012351466
probe,en,single_submetric,avg_max_depth,,3,mse,0.0218313056975603
probe,en,single_submetric,avg_max_depth,mean_control,3,mse,0.030492749065160668
probe,en,single_submetric,avg_subordinate_chain_len,,3,mse,0.0309578478336334
probe,en,single_submetric,avg_subordinate_chain_len,mean_control,3,mse,0.032970933864514
probe,en,single_submetric,avg_verb_edges,,3,mse,0.0567182786762714
probe,en,single_submetric,avg_verb_edges,mean_control,3,mse,0.07795295615990953
probe,en,single_submetric,lexical_density,,3,mse,0.0298007111996412
probe,en,single_submetric,lexical_density,mean_control,3,mse,0.03183996615310506
probe,en,single_submetric,n_tokens,,3,mse,0.0100658629089593
probe,en,single_submetric,n_tokens,mean_control,3,mse,0.027174985657135598
probe,en,single_submetric,avg_links_len,,4,mse,0.0107106966897845
probe,en,single_submetric,avg_links_len,mean_control,4,mse,0.0132763196403781
probe,en,single_submetric,avg_max_depth,,4,mse,0.0185831170529127
probe,en,single_submetric,avg_max_depth,mean_control,4,mse,0.03011772471169627
probe,en,single_submetric,avg_subordinate_chain_len,,4,mse,0.025706049054861
probe,en,single_submetric,avg_subordinate_chain_len,mean_control,4,mse,0.031188668683171203
probe,en,single_submetric,avg_verb_edges,,4,mse,0.0519615486264228
probe,en,single_submetric,avg_verb_edges,mean_control,4,mse,0.0649422605832417
probe,en,single_submetric,lexical_density,,4,mse,0.028314022347331
probe,en,single_submetric,lexical_density,mean_control,4,mse,0.029479014997680936
probe,en,single_submetric,n_tokens,,4,mse,0.0115987816825509
probe,en,single_submetric,n_tokens,mean_control,4,mse,0.02675513798991833
probe,en,single_submetric,avg_links_len,,5,mse,0.0106121785938739
probe,en,single_submetric,avg_links_len,mean_control,5,mse,0.012725601904094169
probe,en,single_submetric,avg_max_depth,,5,mse,0.0174609031528234
probe,en,single_submetric,avg_max_depth,mean_control,5,mse,0.028994476422667434
probe,en,single_submetric,avg_subordinate_chain_len,,5,mse,0.0243964325636625
probe,en,single_submetric,avg_subordinate_chain_len,mean_control,5,mse,0.0308466590940952
probe,en,single_submetric,avg_verb_edges,,5,mse,0.0521913915872573
probe,en,single_submetric,avg_verb_edges,mean_control,5,mse,0.0774445111552874
probe,en,single_submetric,lexical_density,,5,mse,0.0266717672348022
probe,en,single_submetric,lexical_density,mean_control,5,mse,0.029453979184230133
probe,en,single_submetric,n_tokens,,5,mse,0.0127096995711326
probe,en,single_submetric,n_tokens,mean_control,5,mse,0.024896730979283566
probe,en,single_submetric,avg_links_len,,6,mse,0.0090239197015762
probe,en,single_submetric,avg_links_len,mean_control,6,mse,0.011664751296242032
probe,en,single_submetric,avg_max_depth,,6,mse,0.0160829704254865
probe,en,single_submetric,avg_max_depth,mean_control,6,mse,0.028156225879987035
probe,en,single_submetric,avg_subordinate_chain_len,,6,mse,0.0220587160438299
probe,en,single_submetric,avg_subordinate_chain_len,mean_control,6,mse,0.02924781044324233
probe,en,single_submetric,avg_verb_edges,,6,mse,0.0470500476658344
probe,en,single_submetric,avg_verb_edges,mean_control,6,mse,0.07321122288703914
probe,en,single_submetric,lexical_density,,6,mse,0.0252532437443733
probe,en,single_submetric,lexical_density,mean_control,6,mse,0.028473939746618233
probe,en,single_submetric,n_tokens,,6,mse,0.0161459203809499
probe,en,single_submetric,n_tokens,mean_control,6,mse,0.023936389635006532
probe,en,single_submetric,avg_links_len,,7,mse,0.0099181113764643
probe,en,single_submetric,avg_links_len,mean_control,7,mse,0.011921494267880833
probe,en,single_submetric,avg_max_depth,,7,mse,0.0161819625645875
probe,en,single_submetric,avg_max_depth,mean_control,7,mse,0.028427660465240433
probe,en,single_submetric,avg_subordinate_chain_len,,7,mse,0.0248691011220216
probe,en,single_submetric,avg_subordinate_chain_len,mean_control,7,mse,0.029223289961616133
probe,en,single_submetric,avg_verb_edges,,7,mse,0.0516116544604301
probe,en,single_submetric,avg_verb_edges,mean_control,7,mse,0.0753954425454139
probe,en,single_submetric,lexical_density,,7,mse,0.0254293698817491
probe,en,single_submetric,lexical_density,mean_control,7,mse,0.02703418955206867
probe,en,single_submetric,n_tokens,,7,mse,0.0157023519277572
probe,en,single_submetric,n_tokens,mean_control,7,mse,0.023159148171544033
probe,en,single_submetric,avg_links_len,,8,mse,0.0103379776701331
probe,en,single_submetric,avg_links_len,mean_control,8,mse,0.012299789736668199
probe,en,single_submetric,avg_max_depth,,8,mse,0.0159392971545457
probe,en,single_submetric,avg_max_depth,mean_control,8,mse,0.02940174937248226
probe,en,single_submetric,avg_subordinate_chain_len,,8,mse,0.0256860200315713
probe,en,single_submetric,avg_subordinate_chain_len,mean_control,8,mse,0.029194541896382934
probe,en,single_submetric,avg_verb_edges,,8,mse,0.0763679668307304
probe,en,single_submetric,avg_verb_edges,mean_control,8,mse,0.07921475917100904
probe,en,single_submetric,lexical_density,,8,mse,0.0254500322043895
probe,en,single_submetric,lexical_density,mean_control,8,mse,0.0278799856702486
probe,en,single_submetric,n_tokens,,8,mse,0.0146414590999484
probe,en,single_submetric,n_tokens,mean_control,8,mse,0.02296314078072703
probe,en,single_submetric,avg_links_len,,9,mse,0.0100176576524972
probe,en,single_submetric,avg_links_len,mean_control,9,mse,0.011871474795043434
probe,en,single_submetric,avg_max_depth,,9,mse,0.0187497548758983
probe,en,single_submetric,avg_max_depth,mean_control,9,mse,0.029277842491865103
probe,en,single_submetric,avg_subordinate_chain_len,,9,mse,0.0253114886581897
probe,en,single_submetric,avg_subordinate_chain_len,mean_control,9,mse,0.0290720853954553
probe,en,single_submetric,avg_verb_edges,,9,mse,0.0748731791973114
probe,en,single_submetric,avg_verb_edges,mean_control,9,mse,0.076745793223381
probe,en,single_submetric,lexical_density,,9,mse,0.0264412406831979
probe,en,single_submetric,lexical_density,mean_control,9,mse,0.029398394748568497
probe,en,single_submetric,n_tokens,,9,mse,0.0144678596407175
probe,en,single_submetric,n_tokens,mean_control,9,mse,0.024590399737159364
probe,en,single_submetric,avg_links_len,,10,mse,0.0148905105888843
probe,en,single_submetric,avg_links_len,mean_control,10,mse,0.011545071067909335
probe,en,single_submetric,avg_max_depth,,10,mse,0.0203050933778285
probe,en,single_submetric,avg_max_depth,mean_control,10,mse,0.029299147427081996
probe,en,single_submetric,avg_subordinate_chain_len,,10,mse,0.0270320810377597
probe,en,single_submetric,avg_subordinate_chain_len,mean_control,10,mse,0.0364585469166437
probe,en,single_submetric,avg_verb_edges,,10,mse,0.0472076795995235
probe,en,single_submetric,avg_verb_edges,mean_control,10,mse,0.064480019112428
probe,en,single_submetric,lexical_density,,10,mse,0.0282316040247678
probe,en,single_submetric,lexical_density,mean_control,10,mse,0.029839864000677997
probe,en,single_submetric,n_tokens,,10,mse,0.0163394622504711
probe,en,single_submetric,n_tokens,mean_control,10,mse,0.027499119440714436
probe,en,single_submetric,avg_links_len,,11,mse,0.0093237161636352
probe,en,single_submetric,avg_links_len,mean_control,11,mse,0.011443406033019167
probe,en,single_submetric,avg_max_depth,,11,mse,0.0219697598367929
probe,en,single_submetric,avg_max_depth,mean_control,11,mse,0.030664880449573134
probe,en,single_submetric,avg_subordinate_chain_len,,11,mse,0.0262540336698293
probe,en,single_submetric,avg_subordinate_chain_len,mean_control,11,mse,0.03286375912527237
probe,en,single_submetric,avg_verb_edges,,11,mse,0.0645526647567749
probe,en,single_submetric,avg_verb_edges,mean_control,11,mse,0.06894725809494649
probe,en,single_submetric,lexical_density,,11,mse,0.0273850709199905
probe,en,single_submetric,lexical_density,mean_control,11,mse,0.028928590317567168
probe,en,single_submetric,n_tokens,,11,mse,0.0177905615419149
probe,en,single_submetric,n_tokens,mean_control,11,mse,0.0292160995304584
probe,en,single_submetric,avg_links_len,,12,mse,0.0094261122867465
probe,en,single_submetric,avg_links_len,mean_control,12,mse,0.009513400495052301
probe,en,single_submetric,avg_max_depth,,12,mse,0.0288212206214666
probe,en,single_submetric,avg_max_depth,mean_control,12,mse,0.0305920497824748
probe,en,single_submetric,avg_subordinate_chain_len,,12,mse,0.0252005383372306
probe,en,single_submetric,avg_subordinate_chain_len,mean_control,12,mse,0.027164068693915966
probe,en,single_submetric,avg_verb_edges,,12,mse,0.0581833682954311
probe,en,single_submetric,avg_verb_edges,mean_control,12,mse,0.05894227574268973
probe,en,single_submetric,lexical_density,,12,mse,0.0304568447172641
probe,en,single_submetric,lexical_density,mean_control,12,mse,0.031009076163172666
probe,en,single_submetric,n_tokens,,12,mse,0.0234976876527071
probe,en,single_submetric,n_tokens,mean_control,12,mse,0.028290816272298434
probe,fi,complexity,,,1,mse,0.0253547076135873
probe,fi,complexity,,mean_control,1,mse,0.045683243622382436
probe,fi,complexity,,,2,mse,0.0340434163808822
probe,fi,complexity,,mean_control,2,mse,0.046371109783649396
probe,fi,complexity,,,3,mse,0.034000888466835
probe,fi,complexity,,mean_control,3,mse,0.0476789735257625
probe,fi,complexity,,,4,mse,0.030467664822936
probe,fi,complexity,,mean_control,4,mse,0.0455699724455674
probe,fi,complexity,,,5,mse,0.0301165468990802
probe,fi,complexity,,mean_control,5,mse,0.044644046574830974
probe,fi,complexity,,,6,mse,0.0269736628979444
probe,fi,complexity,,mean_control,6,mse,0.05084800471862153
probe,fi,complexity,,,7,mse,0.0302963349968194
probe,fi,complexity,,mean_control,7,mse,0.04367805148164427
probe,fi,complexity,,,8,mse,0.0288613606244325
probe,fi,complexity,,mean_control,8,mse,0.04051712776223817
probe,fi,complexity,,,9,mse,0.0314278416335582
probe,fi,complexity,,mean_control,9,mse,0.048192939410607004
probe,fi,complexity,,,10,mse,0.0403951443731784
probe,fi,complexity,,mean_control,10,mse,0.0494695139499505
probe,fi,complexity,,,11,mse,0.0319448187947273
probe,fi,complexity,,mean_control,11,mse,0.056896032144625935
probe,fi,complexity,,,12,mse,0.041654672473669
probe,fi,complexity,,mean_control,12,mse,0.042633678764104795
probe,fi,question_type,,,1,accuracy,0.8909090909090909
probe,fi,question_type,,mean_control,1,accuracy,0.5
probe,fi,question_type,,,2,accuracy,0.9181818181818182
probe,fi,question_type,,mean_control,2,accuracy,0.5
probe,fi,question_type,,,3,accuracy,0.8363636363636363
probe,fi,question_type,,mean_control,3,accuracy,0.5
probe,fi,question_type,,,4,accuracy,0.8818181818181818
probe,fi,question_type,,mean_control,4,accuracy,0.5
probe,fi,question_type,,,5,accuracy,0.9454545454545454
probe,fi,question_type,,mean_control,5,accuracy,0.5
probe,fi,question_type,,,6,accuracy,0.8909090909090909
probe,fi,question_type,,mean_control,6,accuracy,0.5
probe,fi,question_type,,,7,accuracy,0.9363636363636364
probe,fi,question_type,,mean_control,7,accuracy,0.5
probe,fi,question_type,,,8,accuracy,0.9
probe,fi,question_type,,mean_control,8,accuracy,0.5
probe,fi,question_type,,,9,accuracy,0.9090909090909092
probe,fi,question_type,,mean_control,9,accuracy,0.5
probe,fi,question_type,,,10,accuracy,0.9
probe,fi,question_type,,mean_control,10,accuracy,0.5
probe,fi,question_type,,,11,accuracy,0.8727272727272727
probe,fi,question_type,,mean_control,11,accuracy,0.5
probe,fi,question_type,,,12,accuracy,0.8636363636363636
probe,fi,question_type,,mean_control,12,accuracy,0.5
probe,fi,single_submetric,avg_links_len,,1,mse,0.0286651849746704
probe,fi,single_submetric,avg_links_len,mean_control,1,mse,0.035432265450557034
probe,fi,single_submetric,avg_max_depth,,1,mse,0.0173248741775751
probe,fi,single_submetric,avg_max_depth,mean_control,1,mse,0.03882895534237223
probe,fi,single_submetric,avg_subordinate_chain_len,,1,mse,0.0556463934481143
probe,fi,single_submetric,avg_subordinate_chain_len,mean_control,1,mse,0.059775878985722834
probe,fi,single_submetric,avg_verb_edges,,1,mse,0.0995783135294914
probe,fi,single_submetric,avg_verb_edges,mean_control,1,mse,0.10202209651470184
probe,fi,single_submetric,lexical_density,,1,mse,0.0398747883737087
probe,fi,single_submetric,lexical_density,mean_control,1,mse,0.050621240089336994
probe,fi,single_submetric,n_tokens,,1,mse,0.0058754263445734
probe,fi,single_submetric,n_tokens,mean_control,1,mse,0.014387848166127967
probe,fi,single_submetric,avg_links_len,,2,mse,0.0375956594944
probe,fi,single_submetric,avg_links_len,mean_control,2,mse,0.04039176801840457
probe,fi,single_submetric,avg_max_depth,,2,mse,0.0219053998589515
probe,fi,single_submetric,avg_max_depth,mean_control,2,mse,0.03363783740162846
probe,fi,single_submetric,avg_subordinate_chain_len,,2,mse,0.0617277137935161
probe,fi,single_submetric,avg_subordinate_chain_len,mean_control,2,mse,0.06578666666666667
probe,fi,single_submetric,avg_verb_edges,,2,mse,0.1042453497648239
probe,fi,single_submetric,avg_verb_edges,mean_control,2,mse,0.10928333333333333
probe,fi,single_submetric,lexical_density,,2,mse,0.0394453816115856
probe,fi,single_submetric,lexical_density,mean_control,2,mse,0.04590666666666667
probe,fi,single_submetric,n_tokens,,2,mse,0.0065006152726709
probe,fi,single_submetric,n_tokens,mean_control,2,mse,0.015631231789787568
probe,fi,single_submetric,avg_links_len,,3,mse,0.0352431163191795
probe,fi,single_submetric,avg_links_len,mean_control,3,mse,0.04008165126045537
probe,fi,single_submetric,avg_max_depth,,3,mse,0.0231293924152851
probe,fi,single_submetric,avg_max_depth,mean_control,3,mse,0.03741274649898207
probe,fi,single_submetric,avg_subordinate_chain_len,,3,mse,0.0590739883482456
probe,fi,single_submetric,avg_subordinate_chain_len,mean_control,3,mse,0.0687891195217768
probe,fi,single_submetric,avg_verb_edges,,3,mse,0.0928684845566749
probe,fi,single_submetric,avg_verb_edges,mean_control,3,mse,0.10527261098225905
probe,fi,single_submetric,lexical_density,,3,mse,0.0416616387665271
probe,fi,single_submetric,lexical_density,mean_control,3,mse,0.04804853722453114
probe,fi,single_submetric,n_tokens,,3,mse,0.0106671322137117
probe,fi,single_submetric,n_tokens,mean_control,3,mse,0.016811924055218634
probe,fi,single_submetric,avg_links_len,,4,mse,0.0316027961671352
probe,fi,single_submetric,avg_links_len,mean_control,4,mse,0.038695968687534305
probe,fi,single_submetric,avg_max_depth,,4,mse,0.0213700346648693
probe,fi,single_submetric,avg_max_depth,mean_control,4,mse,0.0356256042917569
probe,fi,single_submetric,avg_subordinate_chain_len,,4,mse,0.0555009581148624
probe,fi,single_submetric,avg_subordinate_chain_len,mean_control,4,mse,0.06753649065891897
probe,fi,single_submetric,avg_verb_edges,,4,mse,0.0959198176860809
probe,fi,single_submetric,avg_verb_edges,mean_control,4,mse,0.1028388068079948
probe,fi,single_submetric,lexical_density,,4,mse,0.0435524471104145
probe,fi,single_submetric,lexical_density,mean_control,4,mse,0.047229333470265034
probe,fi,single_submetric,n_tokens,,4,mse,0.0091312499716877
probe,fi,single_submetric,n_tokens,mean_control,4,mse,0.016748141497373567
probe,fi,single_submetric,avg_links_len,,5,mse,0.0318855866789817
probe,fi,single_submetric,avg_links_len,mean_control,5,mse,0.038875070710976865
probe,fi,single_submetric,avg_max_depth,,5,mse,0.0212491136044263
probe,fi,single_submetric,avg_max_depth,mean_control,5,mse,0.03313678627212837
probe,fi,single_submetric,avg_subordinate_chain_len,,5,mse,0.0548817068338394
probe,fi,single_submetric,avg_subordinate_chain_len,mean_control,5,mse,0.065836821993192
probe,fi,single_submetric,avg_verb_edges,,5,mse,0.1117831766605377
probe,fi,single_submetric,avg_verb_edges,mean_control,5,mse,0.09868547817071273
probe,fi,single_submetric,lexical_density,,5,mse,0.0422731004655361
probe,fi,single_submetric,lexical_density,mean_control,5,mse,0.048510305583476965
probe,fi,single_submetric,n_tokens,,5,mse,0.0100003872066736
probe,fi,single_submetric,n_tokens,mean_control,5,mse,0.015483630821108799
probe,fi,single_submetric,avg_links_len,,6,mse,0.027282427996397
probe,fi,single_submetric,avg_links_len,mean_control,6,mse,0.03482620914777113
probe,fi,single_submetric,avg_max_depth,,6,mse,0.0160076469182968
probe,fi,single_submetric,avg_max_depth,mean_control,6,mse,0.03258676454424853
probe,fi,single_submetric,avg_subordinate_chain_len,,6,mse,0.0525887869298458
probe,fi,single_submetric,avg_subordinate_chain_len,mean_control,6,mse,0.06302397449811296
probe,fi,single_submetric,avg_verb_edges,,6,mse,0.1085205152630806
probe,fi,single_submetric,avg_verb_edges,mean_control,6,mse,0.09545508523782091
probe,fi,single_submetric,lexical_density,,6,mse,0.0437015108764171
probe,fi,single_submetric,lexical_density,mean_control,6,mse,0.0492838025093078
probe,fi,single_submetric,n_tokens,,6,mse,0.0069009852595627
probe,fi,single_submetric,n_tokens,mean_control,6,mse,0.014923611034949566
probe,fi,single_submetric,avg_links_len,,7,mse,0.0285395197570323
probe,fi,single_submetric,avg_links_len,mean_control,7,mse,0.03437820946176843
probe,fi,single_submetric,avg_max_depth,,7,mse,0.0157916061580181
probe,fi,single_submetric,avg_max_depth,mean_control,7,mse,0.03312573892374827
probe,fi,single_submetric,avg_subordinate_chain_len,,7,mse,0.0520195737481117
probe,fi,single_submetric,avg_subordinate_chain_len,mean_control,7,mse,0.061389011641343395
probe,fi,single_submetric,avg_verb_edges,,7,mse,0.1007084250450134
probe,fi,single_submetric,avg_verb_edges,mean_control,7,mse,0.09483410666386279
probe,fi,single_submetric,lexical_density,,7,mse,0.040301289409399
probe,fi,single_submetric,lexical_density,mean_control,7,mse,0.0483386528988679
probe,fi,single_submetric,n_tokens,,7,mse,0.0067984722554683
probe,fi,single_submetric,n_tokens,mean_control,7,mse,0.014889839105307967
probe,fi,single_submetric,avg_links_len,,8,mse,0.0254168659448623
probe,fi,single_submetric,avg_links_len,mean_control,8,mse,0.030979995926221134
probe,fi,single_submetric,avg_max_depth,,8,mse,0.0212604124099016
probe,fi,single_submetric,avg_max_depth,mean_control,8,mse,0.03153887266914047
probe,fi,single_submetric,avg_subordinate_chain_len,,8,mse,0.0486280880868434
probe,fi,single_submetric,avg_subordinate_chain_len,mean_control,8,mse,0.05717442308863
probe,fi,single_submetric,avg_verb_edges,,8,mse,0.0872528180480003
probe,fi,single_submetric,avg_verb_edges,mean_control,8,mse,0.09378957251707709
probe,fi,single_submetric,lexical_density,,8,mse,0.041054643690586
probe,fi,single_submetric,lexical_density,mean_control,8,mse,0.04802324622869487
probe,fi,single_submetric,n_tokens,,8,mse,0.0099681997671723
probe,fi,single_submetric,n_tokens,mean_control,8,mse,0.014568350277841069
probe,fi,single_submetric,avg_links_len,,9,mse,0.026114135980606
probe,fi,single_submetric,avg_links_len,mean_control,9,mse,0.03142357431352134
probe,fi,single_submetric,avg_max_depth,,9,mse,0.0237740762531757
probe,fi,single_submetric,avg_max_depth,mean_control,9,mse,0.0346376734475294
probe,fi,single_submetric,avg_subordinate_chain_len,,9,mse,0.0515246875584125
probe,fi,single_submetric,avg_subordinate_chain_len,mean_control,9,mse,0.0592286350826422
probe,fi,single_submetric,avg_verb_edges,,9,mse,0.1072852239012718
probe,fi,single_submetric,avg_verb_edges,mean_control,9,mse,0.09522454440593713
probe,fi,single_submetric,lexical_density,,9,mse,0.0429482161998748
probe,fi,single_submetric,lexical_density,mean_control,9,mse,0.04695894569158549
probe,fi,single_submetric,n_tokens,,9,mse,0.0095994444563984
probe,fi,single_submetric,n_tokens,mean_control,9,mse,0.014664381742477367
probe,fi,single_submetric,avg_links_len,,10,mse,0.0287736691534519
probe,fi,single_submetric,avg_links_len,mean_control,10,mse,0.03520092989007626
probe,fi,single_submetric,avg_max_depth,,10,mse,0.0317842327058315
probe,fi,single_submetric,avg_max_depth,mean_control,10,mse,0.04084557915727293
probe,fi,single_submetric,avg_subordinate_chain_len,,10,mse,0.0728780403733253
probe,fi,single_submetric,avg_subordinate_chain_len,mean_control,10,mse,0.07912342747052503
probe,fi,single_submetric,avg_verb_edges,,10,mse,0.0872401446104049
probe,fi,single_submetric,avg_verb_edges,mean_control,10,mse,0.09971047937870021
probe,fi,single_submetric,lexical_density,,10,mse,0.0436510555446147
probe,fi,single_submetric,lexical_density,mean_control,10,mse,0.04718623310327524
probe,fi,single_submetric,n_tokens,,10,mse,0.0112738395109772
probe,fi,single_submetric,n_tokens,mean_control,10,mse,0.0150155474742253
probe,fi,single_submetric,avg_links_len,,11,mse,0.0307278279215097
probe,fi,single_submetric,avg_links_len,mean_control,11,mse,0.0366411159435908
probe,fi,single_submetric,avg_max_depth,,11,mse,0.0226039234548807
probe,fi,single_submetric,avg_max_depth,mean_control,11,mse,0.03344572335481637
probe,fi,single_submetric,avg_subordinate_chain_len,,11,mse,0.0550157204270362
probe,fi,single_submetric,avg_subordinate_chain_len,mean_control,11,mse,0.0634373339513937
probe,fi,single_submetric,avg_verb_edges,,11,mse,0.0836806744337081
probe,fi,single_submetric,avg_verb_edges,mean_control,11,mse,0.10215648015340163
probe,fi,single_submetric,lexical_density,,11,mse,0.0418102145195007
probe,fi,single_submetric,lexical_density,mean_control,11,mse,0.04764401291807487
probe,fi,single_submetric,n_tokens,,11,mse,0.012041694484651
probe,fi,single_submetric,n_tokens,mean_control,11,mse,0.015523991547524901
probe,fi,single_submetric,avg_links_len,,12,mse,0.0204539541155099
probe,fi,single_submetric,avg_links_len,mean_control,12,mse,0.021523193145791635
probe,fi,single_submetric,avg_max_depth,,12,mse,0.0370889529585838
probe,fi,single_submetric,avg_max_depth,mean_control,12,mse,0.035470572610696104
probe,fi,single_submetric,avg_subordinate_chain_len,,12,mse,0.0466662943363189
probe,fi,single_submetric,avg_subordinate_chain_len,mean_control,12,mse,0.046123652408520295
probe,fi,single_submetric,avg_verb_edges,,12,mse,0.0799857228994369
probe,fi,single_submetric,avg_verb_edges,mean_control,12,mse,0.08289471268653865
probe,fi,single_submetric,lexical_density,,12,mse,0.0505341477692127
probe,fi,single_submetric,lexical_density,mean_control,12,mse,0.048930682241916636
probe,fi,single_submetric,n_tokens,,12,mse,0.0155767975375056
probe,fi,single_submetric,n_tokens,mean_control,12,mse,0.0151675709833701
probe,id,complexity,,,1,mse,0.0243533719331026
probe,id,complexity,,mean_control,1,mse,0.04869068538149193
probe,id,complexity,,,2,mse,0.0251258872449398
probe,id,complexity,,mean_control,2,mse,0.052372011045614834
probe,id,complexity,,,3,mse,0.0238156225532293
probe,id,complexity,,mean_control,3,mse,0.04901772489150363
probe,id,complexity,,,4,mse,0.0237105600535869
probe,id,complexity,,mean_control,4,mse,0.04651654511690137
probe,id,complexity,,,5,mse,0.027490098029375
probe,id,complexity,,mean_control,5,mse,0.04646799837549523
probe,id,complexity,,,6,mse,0.028783269226551
probe,id,complexity,,mean_control,6,mse,0.0499227680265903
probe,id,complexity,,,7,mse,0.0296811182051897
probe,id,complexity,,mean_control,7,mse,0.051716614514589275
probe,id,complexity,,,8,mse,0.0271152444183826
probe,id,complexity,,mean_control,8,mse,0.04612519219517703
probe,id,complexity,,,9,mse,0.0284000411629676
probe,id,complexity,,mean_control,9,mse,0.05735314389069867
probe,id,complexity,,,10,mse,0.032676413655281
probe,id,complexity,,mean_control,10,mse,0.050075266510248136
probe,id,complexity,,,11,mse,0.0328256338834762
probe,id,complexity,,mean_control,11,mse,0.05436946575840307
probe,id,complexity,,,12,mse,0.0426039919257164
probe,id,complexity,,mean_control,12,mse,0.04607515037059776
probe,id,question_type,,,1,accuracy,0.6909090909090909
probe,id,question_type,,mean_control,1,accuracy,0.5606060606060606
probe,id,question_type,,,2,accuracy,0.7
probe,id,question_type,,mean_control,2,accuracy,0.5
probe,id,question_type,,,3,accuracy,0.7090909090909091
probe,id,question_type,,mean_control,3,accuracy,0.5
probe,id,question_type,,,4,accuracy,0.6727272727272727
probe,id,question_type,,mean_control,4,accuracy,0.5
probe,id,question_type,,,5,accuracy,0.7909090909090909
probe,id,question_type,,mean_control,5,accuracy,0.5
probe,id,question_type,,,6,accuracy,0.8090909090909091
probe,id,question_type,,mean_control,6,accuracy,0.5
probe,id,question_type,,,7,accuracy,0.8090909090909091
probe,id,question_type,,mean_control,7,accuracy,0.5
probe,id,question_type,,,8,accuracy,0.8
probe,id,question_type,,mean_control,8,accuracy,0.5
probe,id,question_type,,,9,accuracy,0.7545454545454545
probe,id,question_type,,mean_control,9,accuracy,0.5
probe,id,question_type,,,10,accuracy,0.7818181818181819
probe,id,question_type,,mean_control,10,accuracy,0.5
probe,id,question_type,,,11,accuracy,0.7090909090909091
probe,id,question_type,,mean_control,11,accuracy,0.5
probe,id,question_type,,,12,accuracy,0.6272727272727273
probe,id,question_type,,mean_control,12,accuracy,0.5
probe,id,single_submetric,avg_links_len,,1,mse,0.0474238879978656
probe,id,single_submetric,avg_links_len,mean_control,1,mse,0.05515847479303677
probe,id,single_submetric,avg_max_depth,,1,mse,0.0241599567234516
probe,id,single_submetric,avg_max_depth,mean_control,1,mse,0.03646936391790703
probe,id,single_submetric,avg_subordinate_chain_len,,1,mse,0.0492411032319068
probe,id,single_submetric,avg_subordinate_chain_len,mean_control,1,mse,0.09071999291578924
probe,id,single_submetric,avg_verb_edges,,1,mse,0.0518614761531353
probe,id,single_submetric,avg_verb_edges,mean_control,1,mse,0.06908087680737177
probe,id,single_submetric,lexical_density,,1,mse,0.038760345429182
probe,id,single_submetric,lexical_density,mean_control,1,mse,0.044766967495282424
probe,id,single_submetric,n_tokens,,1,mse,0.0289118345826864
probe,id,single_submetric,n_tokens,mean_control,1,mse,0.037639199445644964
probe,id,single_submetric,avg_links_len,,2,mse,0.0437501966953277
probe,id,single_submetric,avg_links_len,mean_control,2,mse,0.05504
probe,id,single_submetric,avg_max_depth,,2,mse,0.0262895803898572
probe,id,single_submetric,avg_max_depth,mean_control,2,mse,0.03827666666666667
probe,id,single_submetric,avg_subordinate_chain_len,,2,mse,0.0651862546801567
probe,id,single_submetric,avg_subordinate_chain_len,mean_control,2,mse,0.09118333333333334
probe,id,single_submetric,avg_verb_edges,,2,mse,0.0497307777404785
probe,id,single_submetric,avg_verb_edges,mean_control,2,mse,0.07068
probe,id,single_submetric,lexical_density,,2,mse,0.0371103063225746
probe,id,single_submetric,lexical_density,mean_control,2,mse,0.04392000000000001
probe,id,single_submetric,n_tokens,,2,mse,0.02674893848598
probe,id,single_submetric,n_tokens,mean_control,2,mse,0.03794666666666666
probe,id,single_submetric,avg_links_len,,3,mse,0.0420863106846809
probe,id,single_submetric,avg_links_len,mean_control,3,mse,0.052013941109180395
probe,id,single_submetric,avg_max_depth,,3,mse,0.0258689243346452
probe,id,single_submetric,avg_max_depth,mean_control,3,mse,0.0397406344612439
probe,id,single_submetric,avg_subordinate_chain_len,,3,mse,0.0682178437709808
probe,id,single_submetric,avg_subordinate_chain_len,mean_control,3,mse,0.08797905594110483
probe,id,single_submetric,avg_verb_edges,,3,mse,0.0490905344486236
probe,id,single_submetric,avg_verb_edges,mean_control,3,mse,0.07258386164903637
probe,id,single_submetric,lexical_density,,3,mse,0.0363531485199928
probe,id,single_submetric,lexical_density,mean_control,3,mse,0.04628658543030417
probe,id,single_submetric,n_tokens,,3,mse,0.0245772432535886
probe,id,single_submetric,n_tokens,mean_control,3,mse,0.0360852107405662
probe,id,single_submetric,avg_links_len,,4,mse,0.0359567441046237
probe,id,single_submetric,avg_links_len,mean_control,4,mse,0.04802831634879107
probe,id,single_submetric,avg_max_depth,,4,mse,0.0260417275130748
probe,id,single_submetric,avg_max_depth,mean_control,4,mse,0.03445935746033983
probe,id,single_submetric,avg_subordinate_chain_len,,4,mse,0.0608680322766304
probe,id,single_submetric,avg_subordinate_chain_len,mean_control,4,mse,0.08632286141316092
probe,id,single_submetric,avg_verb_edges,,4,mse,0.0505430810153484
probe,id,single_submetric,avg_verb_edges,mean_control,4,mse,0.0694430073102315
probe,id,single_submetric,lexical_density,,4,mse,0.0389602743089199
probe,id,single_submetric,lexical_density,mean_control,4,mse,0.055735283841689374
probe,id,single_submetric,n_tokens,,4,mse,0.0256548635661602
probe,id,single_submetric,n_tokens,mean_control,4,mse,0.0355805282791455
probe,id,single_submetric,avg_links_len,,5,mse,0.037379465997219
probe,id,single_submetric,avg_links_len,mean_control,5,mse,0.04571340978145594
probe,id,single_submetric,avg_max_depth,,5,mse,0.0264476798474788
probe,id,single_submetric,avg_max_depth,mean_control,5,mse,0.03580829501152033
probe,id,single_submetric,avg_subordinate_chain_len,,5,mse,0.0610575340688228
probe,id,single_submetric,avg_subordinate_chain_len,mean_control,5,mse,0.0833150967955589
probe,id,single_submetric,avg_verb_edges,,5,mse,0.048652745783329
probe,id,single_submetric,avg_verb_edges,mean_control,5,mse,0.0710245122512181
probe,id,single_submetric,lexical_density,,5,mse,0.0374337770044803
probe,id,single_submetric,lexical_density,mean_control,5,mse,0.055146700392166736
probe,id,single_submetric,n_tokens,,5,mse,0.0282183662056922
probe,id,single_submetric,n_tokens,mean_control,5,mse,0.037181414663791594
probe,id,single_submetric,avg_links_len,,6,mse,0.0345657244324684
probe,id,single_submetric,avg_links_len,mean_control,6,mse,0.0412393162647883
probe,id,single_submetric,avg_max_depth,,6,mse,0.0254828687757253
probe,id,single_submetric,avg_max_depth,mean_control,6,mse,0.03348195801178607
probe,id,single_submetric,avg_subordinate_chain_len,,6,mse,0.0656650140881538
probe,id,single_submetric,avg_subordinate_chain_len,mean_control,6,mse,0.08426503340403237
probe,id,single_submetric,avg_verb_edges,,6,mse,0.0475916601717472
probe,id,single_submetric,avg_verb_edges,mean_control,6,mse,0.06737290819485976
probe,id,single_submetric,lexical_density,,6,mse,0.042554035782814
probe,id,single_submetric,lexical_density,mean_control,6,mse,0.05005590369304017
probe,id,single_submetric,n_tokens,,6,mse,0.0303871110081672
probe,id,single_submetric,n_tokens,mean_control,6,mse,0.0346233223875363
probe,id,single_submetric,avg_links_len,,7,mse,0.0318810790777206
probe,id,single_submetric,avg_links_len,mean_control,7,mse,0.0421182935436566
probe,id,single_submetric,avg_max_depth,,7,mse,0.028128731995821
probe,id,single_submetric,avg_max_depth,mean_control,7,mse,0.03514164189497623
probe,id,single_submetric,avg_subordinate_chain_len,,7,mse,0.0797612741589546
probe,id,single_submetric,avg_subordinate_chain_len,mean_control,7,mse,0.08499975502490993
probe,id,single_submetric,avg_verb_edges,,7,mse,0.0467739962041378
probe,id,single_submetric,avg_verb_edges,mean_control,7,mse,0.0686128810048103
probe,id,single_submetric,lexical_density,,7,mse,0.0401549600064754
probe,id,single_submetric,lexical_density,mean_control,7,mse,0.04744759202003477
probe,id,single_submetric,n_tokens,,7,mse,0.0335954055190086
probe,id,single_submetric,n_tokens,mean_control,7,mse,0.03663110733032223
probe,id,single_submetric,avg_links_len,,8,mse,0.0434118658304214
probe,id,single_submetric,avg_links_len,mean_control,8,mse,0.04711014156540227
probe,id,single_submetric,avg_max_depth,,8,mse,0.0259963106364011
probe,id,single_submetric,avg_max_depth,mean_control,8,mse,0.03452933828035987
probe,id,single_submetric,avg_subordinate_chain_len,,8,mse,0.0755267739295959
probe,id,single_submetric,avg_subordinate_chain_len,mean_control,8,mse,0.0828305607040723
probe,id,single_submetric,avg_verb_edges,,8,mse,0.045747123658657
probe,id,single_submetric,avg_verb_edges,mean_control,8,mse,0.06993445008993147
probe,id,single_submetric,lexical_density,,8,mse,0.0411160998046398
probe,id,single_submetric,lexical_density,mean_control,8,mse,0.05052087704340613
probe,id,single_submetric,n_tokens,,8,mse,0.025542726740241
probe,id,single_submetric,n_tokens,mean_control,8,mse,0.03152818729480103
probe,id,single_submetric,avg_links_len,,9,mse,0.0359026752412319
probe,id,single_submetric,avg_links_len,mean_control,9,mse,0.0476745913426081
probe,id,single_submetric,avg_max_depth,,9,mse,0.0277022439986467
probe,id,single_submetric,avg_max_depth,mean_control,9,mse,0.0348967301348845
probe,id,single_submetric,avg_subordinate_chain_len,,9,mse,0.0766837671399116
probe,id,single_submetric,avg_subordinate_chain_len,mean_control,9,mse,0.08408027390638984
probe,id,single_submetric,avg_verb_edges,,9,mse,0.0456142202019691
probe,id,single_submetric,avg_verb_edges,mean_control,9,mse,0.07038230697313941
probe,id,single_submetric,lexical_density,,9,mse,0.0381504222750663
probe,id,single_submetric,lexical_density,mean_control,9,mse,0.044397480785846676
probe,id,single_submetric,n_tokens,,9,mse,0.0255184844136238
probe,id,single_submetric,n_tokens,mean_control,9,mse,0.033928323537111234
probe,id,single_submetric,avg_links_len,,10,mse,0.0457828938961029
probe,id,single_submetric,avg_links_len,mean_control,10,mse,0.05298821255564687
probe,id,single_submetric,avg_max_depth,,10,mse,0.0268241986632347
probe,id,single_submetric,avg_max_depth,mean_control,10,mse,0.036581137528022105
probe,id,single_submetric,avg_subordinate_chain_len,,10,mse,0.064904548227787
probe,id,single_submetric,avg_subordinate_chain_len,mean_control,10,mse,0.10533300538857775
probe,id,single_submetric,avg_verb_edges,,10,mse,0.0482069998979568
probe,id,single_submetric,avg_verb_edges,mean_control,10,mse,0.07439792404572164
probe,id,single_submetric,lexical_density,,10,mse,0.0393640398979187
probe,id,single_submetric,lexical_density,mean_control,10,mse,0.061956416815519305
probe,id,single_submetric,n_tokens,,10,mse,0.0260190833359956
probe,id,single_submetric,n_tokens,mean_control,10,mse,0.033690785368283564
probe,id,single_submetric,avg_links_len,,11,mse,0.0487390309572219
probe,id,single_submetric,avg_links_len,mean_control,11,mse,0.058080852031707736
probe,id,single_submetric,avg_max_depth,,11,mse,0.0294403322041034
probe,id,single_submetric,avg_max_depth,mean_control,11,mse,0.0364562608301639
probe,id,single_submetric,avg_subordinate_chain_len,,11,mse,0.0806179121136665
probe,id,single_submetric,avg_subordinate_chain_len,mean_control,11,mse,0.08541789650917046
probe,id,single_submetric,avg_verb_edges,,11,mse,0.04834621027112
probe,id,single_submetric,avg_verb_edges,mean_control,11,mse,0.07367020845413204
probe,id,single_submetric,lexical_density,,11,mse,0.0382155813276767
probe,id,single_submetric,lexical_density,mean_control,11,mse,0.0588675551116466
probe,id,single_submetric,n_tokens,,11,mse,0.0273361187428236
probe,id,single_submetric,n_tokens,mean_control,11,mse,0.0343234352767467
probe,id,single_submetric,avg_links_len,,12,mse,0.0299628041684627
probe,id,single_submetric,avg_links_len,mean_control,12,mse,0.030286795149246832
probe,id,single_submetric,avg_max_depth,,12,mse,0.0329538695514202
probe,id,single_submetric,avg_max_depth,mean_control,12,mse,0.03469893087943393
probe,id,single_submetric,avg_subordinate_chain_len,,12,mse,0.0652213543653488
probe,id,single_submetric,avg_subordinate_chain_len,mean_control,12,mse,0.060474731028079966
probe,id,single_submetric,avg_verb_edges,,12,mse,0.0618587285280227
probe,id,single_submetric,avg_verb_edges,mean_control,12,mse,0.0644454608360926
probe,id,single_submetric,lexical_density,,12,mse,0.0457591004669666
probe,id,single_submetric,lexical_density,mean_control,12,mse,0.04762845113873476
probe,id,single_submetric,n_tokens,,12,mse,0.0315246880054473
probe,id,single_submetric,n_tokens,mean_control,12,mse,0.03504601369301474
probe,ja,complexity,,,1,mse,0.0182128716260194
probe,ja,complexity,,mean_control,1,mse,0.06309626375635459
probe,ja,complexity,,,2,mse,0.0279559548944234
probe,ja,complexity,,mean_control,2,mse,0.06779658297697695
probe,ja,complexity,,,3,mse,0.0191716905683279
probe,ja,complexity,,mean_control,3,mse,0.0736242905259132
probe,ja,complexity,,,4,mse,0.0166908614337444
probe,ja,complexity,,mean_control,4,mse,0.0734805688261985
probe,ja,complexity,,,5,mse,0.0166456829756498
probe,ja,complexity,,mean_control,5,mse,0.0706783533096313
probe,ja,complexity,,,6,mse,0.0185455903410911
probe,ja,complexity,,mean_control,6,mse,0.07226083179314922
probe,ja,complexity,,,7,mse,0.0214890856295824
probe,ja,complexity,,mean_control,7,mse,0.06513425707817073
probe,ja,complexity,,,8,mse,0.024615790694952
probe,ja,complexity,,mean_control,8,mse,0.06528484324614199
probe,ja,complexity,,,9,mse,0.038797203451395
probe,ja,complexity,,mean_control,9,mse,0.05855927492181453
probe,ja,complexity,,,10,mse,0.0501114353537559
probe,ja,complexity,,mean_control,10,mse,0.059069444735844905
probe,ja,complexity,,,11,mse,0.0308125875890254
probe,ja,complexity,,mean_control,11,mse,0.062463680903116804
probe,ja,complexity,,,12,mse,0.0579002797603607
probe,ja,complexity,,mean_control,12,mse,0.0618353808919588
probe,ja,question_type,,,1,accuracy,0.75
probe,ja,question_type,,mean_control,1,accuracy,0.40942028985507245
probe,ja,question_type,,,2,accuracy,0.6847826086956522
probe,ja,question_type,,mean_control,2,accuracy,0.39492753623188404
probe,ja,question_type,,,3,accuracy,0.6739130434782609
probe,ja,question_type,,mean_control,3,accuracy,0.4021739130434782
probe,ja,question_type,,,4,accuracy,0.7282608695652174
probe,ja,question_type,,mean_control,4,accuracy,0.4021739130434782
probe,ja,question_type,,,5,accuracy,0.6304347826086957
probe,ja,question_type,,mean_control,5,accuracy,0.4021739130434782
probe,ja,question_type,,,6,accuracy,0.7065217391304348
probe,ja,question_type,,mean_control,6,accuracy,0.4021739130434782
probe,ja,question_type,,,7,accuracy,0.717391304347826
probe,ja,question_type,,mean_control,7,accuracy,0.4021739130434782
probe,ja,question_type,,,8,accuracy,0.6521739130434783
probe,ja,question_type,,mean_control,8,accuracy,0.4021739130434782
probe,ja,question_type,,,9,accuracy,0.7934782608695652
probe,ja,question_type,,mean_control,9,accuracy,0.4021739130434782
probe,ja,question_type,,,10,accuracy,0.8260869565217391
probe,ja,question_type,,mean_control,10,accuracy,0.39855072463768115
probe,ja,question_type,,,11,accuracy,0.7934782608695652
probe,ja,question_type,,mean_control,11,accuracy,0.4021739130434782
probe,ja,question_type,,,12,accuracy,0.7717391304347826
probe,ja,question_type,,mean_control,12,accuracy,0.4021739130434782
probe,ja,single_submetric,avg_links_len,,1,mse,0.0891205966472625
probe,ja,single_submetric,avg_links_len,mean_control,1,mse,0.0995133370161056
probe,ja,single_submetric,avg_max_depth,,1,mse,0.0737646073102951
probe,ja,single_submetric,avg_max_depth,mean_control,1,mse,0.0878198519349098
probe,ja,single_submetric,avg_subordinate_chain_len,,1,mse,0.0609127692878246
probe,ja,single_submetric,avg_subordinate_chain_len,mean_control,1,mse,0.09516510615746177
probe,ja,single_submetric,avg_verb_edges,,1,mse,0.0771239548921585
probe,ja,single_submetric,avg_verb_edges,mean_control,1,mse,0.11215053250392275
probe,ja,single_submetric,lexical_density,,1,mse,0.0731611028313636
probe,ja,single_submetric,lexical_density,mean_control,1,mse,0.07071076581875478
probe,ja,single_submetric,n_tokens,,1,mse,0.0255968384444713
probe,ja,single_submetric,n_tokens,mean_control,1,mse,0.06440862019856768
probe,ja,single_submetric,avg_links_len,,2,mse,0.1204281076788902
probe,ja,single_submetric,avg_links_len,mean_control,2,mse,0.11767000000000001
probe,ja,single_submetric,avg_max_depth,,2,mse,0.0821623727679252
probe,ja,single_submetric,avg_max_depth,mean_control,2,mse,0.09217666666666667
probe,ja,single_submetric,avg_subordinate_chain_len,,2,mse,0.0635760277509689
probe,ja,single_submetric,avg_subordinate_chain_len,mean_control,2,mse,0.09127
probe,ja,single_submetric,avg_verb_edges,,2,mse,0.0828094407916069
probe,ja,single_submetric,avg_verb_edges,mean_control,2,mse,0.11913333333333333
probe,ja,single_submetric,lexical_density,,2,mse,0.0737929716706276
probe,ja,single_submetric,lexical_density,mean_control,2,mse,0.07711333333333333
probe,ja,single_submetric,n_tokens,,2,mse,0.0290420111268758
probe,ja,single_submetric,n_tokens,mean_control,2,mse,0.05084666666666666
probe,ja,single_submetric,avg_links_len,,3,mse,0.1221283823251724
probe,ja,single_submetric,avg_links_len,mean_control,3,mse,0.1295216952761014
probe,ja,single_submetric,avg_max_depth,,3,mse,0.0882632657885551
probe,ja,single_submetric,avg_max_depth,mean_control,3,mse,0.09842230131228762
probe,ja,single_submetric,avg_subordinate_chain_len,,3,mse,0.0590804666280746
probe,ja,single_submetric,avg_subordinate_chain_len,mean_control,3,mse,0.10633717725674309
probe,ja,single_submetric,avg_verb_edges,,3,mse,0.0765583291649818
probe,ja,single_submetric,avg_verb_edges,mean_control,3,mse,0.11740872015555698
probe,ja,single_submetric,lexical_density,,3,mse,0.0800110697746276
probe,ja,single_submetric,lexical_density,mean_control,3,mse,0.07985388487577433
probe,ja,single_submetric,n_tokens,,3,mse,0.0263379272073507
probe,ja,single_submetric,n_tokens,mean_control,3,mse,0.06900875022013976
probe,ja,single_submetric,avg_links_len,,4,mse,0.1200387701392173
probe,ja,single_submetric,avg_links_len,mean_control,4,mse,0.1336844116449356
probe,ja,single_submetric,avg_max_depth,,4,mse,0.0762334316968917
probe,ja,single_submetric,avg_max_depth,mean_control,4,mse,0.0980431164304415
probe,ja,single_submetric,avg_subordinate_chain_len,,4,mse,0.0561864264309406
probe,ja,single_submetric,avg_subordinate_chain_len,mean_control,4,mse,0.11564030498266216
probe,ja,single_submetric,avg_verb_edges,,4,mse,0.0748949125409126
probe,ja,single_submetric,avg_verb_edges,mean_control,4,mse,0.11958409100770946
probe,ja,single_submetric,lexical_density,,4,mse,0.0835638716816902
probe,ja,single_submetric,lexical_density,mean_control,4,mse,0.07811615367730454
probe,ja,single_submetric,n_tokens,,4,mse,0.0231060031801462
probe,ja,single_submetric,n_tokens,mean_control,4,mse,0.068718367566665
probe,ja,single_submetric,avg_links_len,,5,mse,0.1121820136904716
probe,ja,single_submetric,avg_links_len,mean_control,5,mse,0.12647385398546848
probe,ja,single_submetric,avg_max_depth,,5,mse,0.079129472374916
probe,ja,single_submetric,avg_max_depth,mean_control,5,mse,0.09574657926956809
probe,ja,single_submetric,avg_subordinate_chain_len,,5,mse,0.0548652149736881
probe,ja,single_submetric,avg_subordinate_chain_len,mean_control,5,mse,0.1032575815916061
probe,ja,single_submetric,avg_verb_edges,,5,mse,0.0751803591847419
probe,ja,single_submetric,avg_verb_edges,mean_control,5,mse,0.11395290990670516
probe,ja,single_submetric,lexical_density,,5,mse,0.0727887824177742
probe,ja,single_submetric,lexical_density,mean_control,5,mse,0.07493602981170013
probe,ja,single_submetric,n_tokens,,5,mse,0.0226230304688215
probe,ja,single_submetric,n_tokens,mean_control,5,mse,0.06577997282147403
probe,ja,single_submetric,avg_max_depth,,6,mse,0.0780809670686721
probe,ja,single_submetric,avg_max_depth,mean_control,6,mse,0.0965353300174077
probe,ja,single_submetric,avg_subordinate_chain_len,,6,mse,0.0534081868827343
probe,ja,single_submetric,avg_subordinate_chain_len,mean_control,6,mse,0.10171662022670107
probe,ja,single_submetric,avg_verb_edges,,6,mse,0.0699759572744369
probe,ja,single_submetric,avg_verb_edges,mean_control,6,mse,0.1156917611757914
probe,ja,single_submetric,lexical_density,,6,mse,0.0762015953660011
probe,ja,single_submetric,lexical_density,mean_control,6,mse,0.07367696613073343
probe,ja,single_submetric,n_tokens,,6,mse,0.0225693825632333
probe,ja,single_submetric,n_tokens,mean_control,6,mse,0.06734425077835714
probe,ja,single_submetric,avg_links_len,,6,mse,0.11351
probe,ja,single_submetric,avg_links_len,mean_control,6,mse,0.12568729619185123
probe,ja,single_submetric,avg_links_len,,7,mse,0.1149685680866241
probe,ja,single_submetric,avg_links_len,mean_control,7,mse,0.11702135950326915
probe,ja,single_submetric,avg_max_depth,,7,mse,0.0762530788779258
probe,ja,single_submetric,avg_max_depth,mean_control,7,mse,0.09115452816088992
probe,ja,single_submetric,avg_subordinate_chain_len,,7,mse,0.0597088374197483
probe,ja,single_submetric,avg_subordinate_chain_len,mean_control,7,mse,0.09805443137884136
probe,ja,single_submetric,avg_verb_edges,,7,mse,0.0754621624946594
probe,ja,single_submetric,avg_verb_edges,mean_control,7,mse,0.11445020635922747
probe,ja,single_submetric,lexical_density,,7,mse,0.0706911087036132
probe,ja,single_submetric,lexical_density,mean_control,7,mse,0.0698937798539797
probe,ja,single_submetric,n_tokens,,7,mse,0.0260278265923261
probe,ja,single_submetric,n_tokens,mean_control,7,mse,0.06363250191013017
probe,ja,single_submetric,avg_links_len,,8,mse,0.1178128272294998
probe,ja,single_submetric,avg_links_len,mean_control,8,mse,0.11763967325290037
probe,ja,single_submetric,avg_max_depth,,8,mse,0.0729724615812301
probe,ja,single_submetric,avg_max_depth,mean_control,8,mse,0.08432859927415844
probe,ja,single_submetric,avg_subordinate_chain_len,,8,mse,0.065618947148323
probe,ja,single_submetric,avg_subordinate_chain_len,mean_control,8,mse,0.0976470684011777
probe,ja,single_submetric,avg_verb_edges,,8,mse,0.0791218653321266
probe,ja,single_submetric,avg_verb_edges,mean_control,8,mse,0.11475792030493415
probe,ja,single_submetric,lexical_density,,8,mse,0.0708199813961982
probe,ja,single_submetric,lexical_density,mean_control,8,mse,0.07256003220876052
probe,ja,single_submetric,n_tokens,,8,mse,0.0292928293347358
probe,ja,single_submetric,n_tokens,mean_control,8,mse,0.06346540898084634
probe,ja,single_submetric,avg_links_len,,9,mse,0.1109576225280761
probe,ja,single_submetric,avg_links_len,mean_control,9,mse,0.12288120637337363
probe,ja,single_submetric,avg_max_depth,,9,mse,0.0718067288398742
probe,ja,single_submetric,avg_max_depth,mean_control,9,mse,0.08005221188068387
probe,ja,single_submetric,avg_subordinate_chain_len,,9,mse,0.0707067474722862
probe,ja,single_submetric,avg_subordinate_chain_len,mean_control,9,mse,0.09658548484245934
probe,ja,single_submetric,avg_verb_edges,,9,mse,0.083989031612873
probe,ja,single_submetric,avg_verb_edges,mean_control,9,mse,0.11455881843964255
probe,ja,single_submetric,lexical_density,,9,mse,0.0810408517718315
probe,ja,single_submetric,lexical_density,mean_control,9,mse,0.07455309977134063
probe,ja,single_submetric,n_tokens,,9,mse,0.0368961915373802
probe,ja,single_submetric,n_tokens,mean_control,9,mse,0.0634830531974633
probe,ja,single_submetric,avg_links_len,,10,mse,0.1003631800413131
probe,ja,single_submetric,avg_links_len,mean_control,10,mse,0.1171676938732465
probe,ja,single_submetric,avg_max_depth,,10,mse,0.1029680743813514
probe,ja,single_submetric,avg_max_depth,mean_control,10,mse,0.09336585054794944
probe,ja,single_submetric,avg_subordinate_chain_len,,10,mse,0.0848574861884117
probe,ja,single_submetric,avg_subordinate_chain_len,mean_control,10,mse,0.10424492011467612
probe,ja,single_submetric,avg_verb_edges,,10,mse,0.0861581563949585
probe,ja,single_submetric,avg_verb_edges,mean_control,10,mse,0.11491077889998746
probe,ja,single_submetric,lexical_density,,10,mse,0.0931921824812889
probe,ja,single_submetric,lexical_density,mean_control,10,mse,0.08172775059938427
probe,ja,single_submetric,n_tokens,,10,mse,0.0516686402261257
probe,ja,single_submetric,n_tokens,mean_control,10,mse,0.06972947468360259
probe,ja,single_submetric,avg_links_len,,11,mse,0.1196135506033897
probe,ja,single_submetric,avg_links_len,mean_control,11,mse,0.13625164330005646
probe,ja,single_submetric,avg_max_depth,,11,mse,0.0755893737077713
probe,ja,single_submetric,avg_max_depth,mean_control,11,mse,0.09302098800738647
probe,ja,single_submetric,avg_subordinate_chain_len,,11,mse,0.0698991566896438
probe,ja,single_submetric,avg_subordinate_chain_len,mean_control,11,mse,0.10383825004100795
probe,ja,single_submetric,avg_verb_edges,,11,mse,0.087736502289772
probe,ja,single_submetric,avg_verb_edges,mean_control,11,mse,0.12392346064249671
probe,ja,single_submetric,lexical_density,,11,mse,0.0804912969470024
probe,ja,single_submetric,lexical_density,mean_control,11,mse,0.07169788082440688
probe,ja,single_submetric,n_tokens,,11,mse,0.0361350812017917
probe,ja,single_submetric,n_tokens,mean_control,11,mse,0.06736538186669346
probe,ja,single_submetric,avg_links_len,,12,mse,0.0923734530806541
probe,ja,single_submetric,avg_links_len,mean_control,12,mse,0.09997264047463729
probe,ja,single_submetric,avg_max_depth,,12,mse,0.088368646800518
probe,ja,single_submetric,avg_max_depth,mean_control,12,mse,0.08763366937637324
probe,ja,single_submetric,avg_subordinate_chain_len,,12,mse,0.0941087678074836
probe,ja,single_submetric,avg_subordinate_chain_len,mean_control,12,mse,0.09160218636194861
probe,ja,single_submetric,avg_verb_edges,,12,mse,0.0992142707109451
probe,ja,single_submetric,avg_verb_edges,mean_control,12,mse,0.10554690659046172
probe,ja,single_submetric,lexical_density,,12,mse,0.0678023844957351
probe,ja,single_submetric,lexical_density,mean_control,12,mse,0.06668927768866216
probe,ja,single_submetric,n_tokens,,12,mse,0.0626653879880905
probe,ja,single_submetric,n_tokens,mean_control,12,mse,0.06482314318418496
probe,ko,complexity,,,1,mse,0.020859083160758
probe,ko,complexity,,mean_control,1,mse,0.0436942763626575
probe,ko,complexity,,,2,mse,0.0412877649068832
probe,ko,complexity,,mean_control,2,mse,0.054354867587486866
probe,ko,complexity,,,3,mse,0.0428705997765064
probe,ko,complexity,,mean_control,3,mse,0.052588079124689026
probe,ko,complexity,,,4,mse,0.0351872779428958
probe,ko,complexity,,mean_control,4,mse,0.054571377734343174
probe,ko,complexity,,,5,mse,0.03677823767066
probe,ko,complexity,,mean_control,5,mse,0.05420294155677157
probe,ko,complexity,,,6,mse,0.0325689874589443
probe,ko,complexity,,mean_control,6,mse,0.051552662005027096
probe,ko,complexity,,,7,mse,0.030590770766139
probe,ko,complexity,,mean_control,7,mse,0.044910571227471
probe,ko,complexity,,,8,mse,0.0291423294693231
probe,ko,complexity,,mean_control,8,mse,0.04203059524297711
probe,ko,complexity,,,9,mse,0.0293541885912418
probe,ko,complexity,,mean_control,9,mse,0.043808348476886666
probe,ko,complexity,,,10,mse,0.0235272143036127
probe,ko,complexity,,mean_control,10,mse,0.039390256007512364
probe,ko,complexity,,,11,mse,0.0264441836625337
probe,ko,complexity,,mean_control,11,mse,0.04044817263881364
probe,ko,complexity,,,12,mse,0.0350822620093822
probe,ko,complexity,,mean_control,12,mse,0.036695577204227364
probe,ko,question_type,,,1,accuracy,0.6363636363636364
probe,ko,question_type,,mean_control,1,accuracy,0.5
probe,ko,question_type,,,2,accuracy,0.6818181818181818
probe,ko,question_type,,mean_control,2,accuracy,0.5
probe,ko,question_type,,,3,accuracy,0.6636363636363637
probe,ko,question_type,,mean_control,3,accuracy,0.5
probe,ko,question_type,,,4,accuracy,0.6545454545454545
probe,ko,question_type,,mean_control,4,accuracy,0.5
probe,ko,question_type,,,5,accuracy,0.7181818181818181
probe,ko,question_type,,mean_control,5,accuracy,0.5
probe,ko,question_type,,,6,accuracy,0.7181818181818181
probe,ko,question_type,,mean_control,6,accuracy,0.5
probe,ko,question_type,,,7,accuracy,0.7454545454545455
probe,ko,question_type,,mean_control,7,accuracy,0.5
probe,ko,question_type,,,8,accuracy,0.7545454545454545
probe,ko,question_type,,mean_control,8,accuracy,0.5
probe,ko,question_type,,,9,accuracy,0.7636363636363637
probe,ko,question_type,,mean_control,9,accuracy,0.5
probe,ko,question_type,,,10,accuracy,0.7636363636363637
probe,ko,question_type,,mean_control,10,accuracy,0.5
probe,ko,question_type,,,11,accuracy,0.7363636363636363
probe,ko,question_type,,mean_control,11,accuracy,0.5
probe,ko,question_type,,,12,accuracy,0.7
probe,ko,question_type,,mean_control,12,accuracy,0.5
probe,ko,single_submetric,avg_links_len,,1,mse,0.030929684638977
probe,ko,single_submetric,avg_links_len,mean_control,1,mse,0.0328331999480724
probe,ko,single_submetric,avg_max_depth,,1,mse,0.0198741070926189
probe,ko,single_submetric,avg_max_depth,mean_control,1,mse,0.0407021343708038
probe,ko,single_submetric,avg_subordinate_chain_len,,1,mse,0.0521598830819129
probe,ko,single_submetric,avg_subordinate_chain_len,mean_control,1,mse,0.061263076961040434
probe,ko,single_submetric,avg_verb_edges,,1,mse,0.0356099382042884
probe,ko,single_submetric,avg_verb_edges,mean_control,1,mse,0.03548672919472053
probe,ko,single_submetric,lexical_density,,1,mse,0.0660724565386772
probe,ko,single_submetric,lexical_density,mean_control,1,mse,0.06936179101467127
probe,ko,single_submetric,n_tokens,,1,mse,0.0756575167179107
probe,ko,single_submetric,n_tokens,mean_control,1,mse,0.08824104815721506
probe,ko,single_submetric,avg_links_len,,2,mse,0.0404766164720058
probe,ko,single_submetric,avg_links_len,mean_control,2,mse,0.04958666666666667
probe,ko,single_submetric,avg_max_depth,,2,mse,0.020173467695713
probe,ko,single_submetric,avg_max_depth,mean_control,2,mse,0.046753333333333334
probe,ko,single_submetric,avg_subordinate_chain_len,,2,mse,0.050424788147211
probe,ko,single_submetric,avg_subordinate_chain_len,mean_control,2,mse,0.06294666666666666
probe,ko,single_submetric,avg_verb_edges,,2,mse,0.0350981354713439
probe,ko,single_submetric,avg_verb_edges,mean_control,2,mse,0.03498666666666667
probe,ko,single_submetric,lexical_density,,2,mse,0.0630161613225936
probe,ko,single_submetric,lexical_density,mean_control,2,mse,0.06475
probe,ko,single_submetric,n_tokens,,2,mse,0.0830518379807472
probe,ko,single_submetric,n_tokens,mean_control,2,mse,0.12168666666666667
probe,ko,single_submetric,avg_links_len,,3,mse,0.0415422096848487
probe,ko,single_submetric,avg_links_len,mean_control,3,mse,0.05061621467272437
probe,ko,single_submetric,avg_max_depth,,3,mse,0.0374086685478687
probe,ko,single_submetric,avg_max_depth,mean_control,3,mse,0.04290636753042537
probe,ko,single_submetric,avg_subordinate_chain_len,,3,mse,0.0509296506643295
probe,ko,single_submetric,avg_subordinate_chain_len,mean_control,3,mse,0.0626636184751987
probe,ko,single_submetric,avg_verb_edges,,3,mse,0.0364569351077079
probe,ko,single_submetric,avg_verb_edges,mean_control,3,mse,0.0353052380184332
probe,ko,single_submetric,lexical_density,,3,mse,0.0640430822968483
probe,ko,single_submetric,lexical_density,mean_control,3,mse,0.06444719309608136
probe,ko,single_submetric,n_tokens,,3,mse,0.1040000841021537
probe,ko,single_submetric,n_tokens,mean_control,3,mse,0.11809926728407537
probe,ko,single_submetric,avg_links_len,,4,mse,0.0366133861243724
probe,ko,single_submetric,avg_links_len,mean_control,4,mse,0.051551955441633844
probe,ko,single_submetric,avg_max_depth,,4,mse,0.032289870083332
probe,ko,single_submetric,avg_max_depth,mean_control,4,mse,0.05470120534300801
probe,ko,single_submetric,avg_subordinate_chain_len,,4,mse,0.0489450097084045
probe,ko,single_submetric,avg_subordinate_chain_len,mean_control,4,mse,0.0752037465572357
probe,ko,single_submetric,avg_verb_edges,,4,mse,0.0351976826786994
probe,ko,single_submetric,avg_verb_edges,mean_control,4,mse,0.0359606047471364
probe,ko,single_submetric,lexical_density,,4,mse,0.0615457072854042
probe,ko,single_submetric,lexical_density,mean_control,4,mse,0.0630495982865492
probe,ko,single_submetric,n_tokens,,4,mse,0.0967989638447761
probe,ko,single_submetric,n_tokens,mean_control,4,mse,0.12331343938906984
probe,ko,single_submetric,avg_links_len,,5,mse,0.033348124474287
probe,ko,single_submetric,avg_links_len,mean_control,5,mse,0.0449381917715072
probe,ko,single_submetric,avg_max_depth,,5,mse,0.0315771587193012
probe,ko,single_submetric,avg_max_depth,mean_control,5,mse,0.04366959383090333
probe,ko,single_submetric,avg_subordinate_chain_len,,5,mse,0.047496348619461
probe,ko,single_submetric,avg_subordinate_chain_len,mean_control,5,mse,0.06450559323032694
probe,ko,single_submetric,avg_verb_edges,,5,mse,0.0349695347249507
probe,ko,single_submetric,avg_verb_edges,mean_control,5,mse,0.034823330740133863
probe,ko,single_submetric,lexical_density,,5,mse,0.0661089718341827
probe,ko,single_submetric,lexical_density,mean_control,5,mse,0.07257742931445436
probe,ko,single_submetric,n_tokens,,5,mse,0.0939671099185943
probe,ko,single_submetric,n_tokens,mean_control,5,mse,0.11560244361559546
probe,ko,single_submetric,avg_links_len,,6,mse,0.0310896541923284
probe,ko,single_submetric,avg_links_len,mean_control,6,mse,0.042076590160528775
probe,ko,single_submetric,avg_max_depth,,6,mse,0.0276023428887128
probe,ko,single_submetric,avg_max_depth,mean_control,6,mse,0.050186191995938566
probe,ko,single_submetric,avg_subordinate_chain_len,,6,mse,0.0498454086482524
probe,ko,single_submetric,avg_subordinate_chain_len,mean_control,6,mse,0.07260547578334804
probe,ko,single_submetric,avg_verb_edges,,6,mse,0.0353699326515197
probe,ko,single_submetric,avg_verb_edges,mean_control,6,mse,0.03584244102239603
probe,ko,single_submetric,lexical_density,,6,mse,0.0739116892218589
probe,ko,single_submetric,lexical_density,mean_control,6,mse,0.06882863740126287
probe,ko,single_submetric,n_tokens,,6,mse,0.0901838243007659
probe,ko,single_submetric,n_tokens,mean_control,6,mse,0.11290568361679709
probe,ko,single_submetric,avg_links_len,,7,mse,0.0279224552214145
probe,ko,single_submetric,avg_links_len,mean_control,7,mse,0.035695907970269426
probe,ko,single_submetric,avg_max_depth,,7,mse,0.0270395912230014
probe,ko,single_submetric,avg_max_depth,mean_control,7,mse,0.0449210219085216
probe,ko,single_submetric,avg_subordinate_chain_len,,7,mse,0.0701858550310134
probe,ko,single_submetric,avg_subordinate_chain_len,mean_control,7,mse,0.06708638866742446
probe,ko,single_submetric,avg_verb_edges,,7,mse,0.0359925255179405
probe,ko,single_submetric,avg_verb_edges,mean_control,7,mse,0.03700837741295493
probe,ko,single_submetric,lexical_density,,7,mse,0.0640361309051513
probe,ko,single_submetric,lexical_density,mean_control,7,mse,0.07113616416851676
probe,ko,single_submetric,n_tokens,,7,mse,0.0814662650227546
probe,ko,single_submetric,n_tokens,mean_control,7,mse,0.096984455982844
probe,ko,single_submetric,avg_links_len,,8,mse,0.0271530374884605
probe,ko,single_submetric,avg_links_len,mean_control,8,mse,0.033094592392444604
probe,ko,single_submetric,avg_max_depth,,8,mse,0.0273426827043294
probe,ko,single_submetric,avg_max_depth,mean_control,8,mse,0.04308017591635383
probe,ko,single_submetric,avg_subordinate_chain_len,,8,mse,0.0645405501127243
probe,ko,single_submetric,avg_subordinate_chain_len,mean_control,8,mse,0.0715967590610186
probe,ko,single_submetric,avg_verb_edges,,8,mse,0.0359756201505661
probe,ko,single_submetric,avg_verb_edges,mean_control,8,mse,0.036168389022350304
probe,ko,single_submetric,lexical_density,,8,mse,0.0616003572940826
probe,ko,single_submetric,lexical_density,mean_control,8,mse,0.07058923194805776
probe,ko,single_submetric,n_tokens,,8,mse,0.0793796628713607
probe,ko,single_submetric,n_tokens,mean_control,8,mse,0.09353760629892345
probe,ko,single_submetric,avg_links_len,,9,mse,0.0317521393299102
probe,ko,single_submetric,avg_links_len,mean_control,9,mse,0.0382370104392369
probe,ko,single_submetric,avg_max_depth,,9,mse,0.0295674744993448
probe,ko,single_submetric,avg_max_depth,mean_control,9,mse,0.04569587608178453
probe,ko,single_submetric,avg_subordinate_chain_len,,9,mse,0.0630938112735748
probe,ko,single_submetric,avg_subordinate_chain_len,mean_control,9,mse,0.07115439822276427
probe,ko,single_submetric,avg_verb_edges,,9,mse,0.0354121699929237
probe,ko,single_submetric,avg_verb_edges,mean_control,9,mse,0.03543659423788383
probe,ko,single_submetric,lexical_density,,9,mse,0.0661622360348701
probe,ko,single_submetric,lexical_density,mean_control,9,mse,0.06717346360286071
probe,ko,single_submetric,n_tokens,,9,mse,0.0928330793976783
probe,ko,single_submetric,n_tokens,mean_control,9,mse,0.10657843202352517
probe,ko,single_submetric,avg_links_len,,10,mse,0.0274013169109821
probe,ko,single_submetric,avg_links_len,mean_control,10,mse,0.03304786359270406
probe,ko,single_submetric,avg_max_depth,,10,mse,0.0237853396683931
probe,ko,single_submetric,avg_max_depth,mean_control,10,mse,0.04266905287901553
probe,ko,single_submetric,avg_subordinate_chain_len,,10,mse,0.0534851104021072
probe,ko,single_submetric,avg_subordinate_chain_len,mean_control,10,mse,0.062242295593023265
probe,ko,single_submetric,avg_verb_edges,,10,mse,0.0361748710274696
probe,ko,single_submetric,avg_verb_edges,mean_control,10,mse,0.0350262137750784
probe,ko,single_submetric,lexical_density,,10,mse,0.0708438754081726
probe,ko,single_submetric,lexical_density,mean_control,10,mse,0.07456802576780316
probe,ko,single_submetric,n_tokens,,10,mse,0.0730271786451339
probe,ko,single_submetric,n_tokens,mean_control,10,mse,0.08904887735843657
probe,ko,single_submetric,avg_links_len,,11,mse,0.0286548007279634
probe,ko,single_submetric,avg_links_len,mean_control,11,mse,0.03517303988337513
probe,ko,single_submetric,avg_max_depth,,11,mse,0.0264132339507341
probe,ko,single_submetric,avg_max_depth,mean_control,11,mse,0.04257646699746443
probe,ko,single_submetric,avg_subordinate_chain_len,,11,mse,0.0568581968545913
probe,ko,single_submetric,avg_subordinate_chain_len,mean_control,11,mse,0.060591111580530765
probe,ko,single_submetric,avg_verb_edges,,11,mse,0.0361463837325573
probe,ko,single_submetric,avg_verb_edges,mean_control,11,mse,0.03487252568205194
probe,ko,single_submetric,lexical_density,,11,mse,0.0698117986321449
probe,ko,single_submetric,lexical_density,mean_control,11,mse,0.06931282579898829
probe,ko,single_submetric,n_tokens,,11,mse,0.0795047953724861
probe,ko,single_submetric,n_tokens,mean_control,11,mse,0.09444210678338998
probe,ko,single_submetric,avg_links_len,,12,mse,0.0292626731097698
probe,ko,single_submetric,avg_links_len,mean_control,12,mse,0.029555838555097535
probe,ko,single_submetric,avg_max_depth,,12,mse,0.0374904721975326
probe,ko,single_submetric,avg_max_depth,mean_control,12,mse,0.0383922693630059
probe,ko,single_submetric,avg_subordinate_chain_len,,12,mse,0.0526324398815631
probe,ko,single_submetric,avg_subordinate_chain_len,mean_control,12,mse,0.053895279765129034
probe,ko,single_submetric,avg_verb_edges,,12,mse,0.0343066491186618
probe,ko,single_submetric,avg_verb_edges,mean_control,12,mse,0.03419505183895424
probe,ko,single_submetric,lexical_density,,12,mse,0.0709849223494529
probe,ko,single_submetric,lexical_density,mean_control,12,mse,0.08151319871346153
probe,ko,single_submetric,n_tokens,,12,mse,0.065601147711277
probe,ko,single_submetric,n_tokens,mean_control,12,mse,0.06818694621324534
probe,ru,complexity,,,1,mse,0.0453902594745159
probe,ru,complexity,,mean_control,1,mse,0.0641187081734339
probe,ru,complexity,,,2,mse,0.0562731400132179
probe,ru,complexity,,mean_control,2,mse,0.07014598449071242
probe,ru,complexity,,,3,mse,0.0609100200235843
probe,ru,complexity,,mean_control,3,mse,0.07698557029167806
probe,ru,complexity,,,4,mse,0.0546297021210193
probe,ru,complexity,,mean_control,4,mse,0.06820406143863994
probe,ru,complexity,,,5,mse,0.0564550720155239
probe,ru,complexity,,mean_control,5,mse,0.06560966372489924
probe,ru,complexity,,,6,mse,0.0399154610931873
probe,ru,complexity,,mean_control,6,mse,0.06877950082222616
probe,ru,complexity,,,7,mse,0.054057203233242
probe,ru,complexity,,mean_control,7,mse,0.07098057866096492
probe,ru,complexity,,,8,mse,0.0592055805027484
probe,ru,complexity,,mean_control,8,mse,0.07279443492492037
probe,ru,complexity,,,9,mse,0.0555123947560787
probe,ru,complexity,,mean_control,9,mse,0.0764037991563479
probe,ru,complexity,,,10,mse,0.0673564225435257
probe,ru,complexity,,mean_control,10,mse,0.07494437197844182
probe,ru,complexity,,,11,mse,0.0618651211261749
probe,ru,complexity,,mean_control,11,mse,0.07121371726195014
probe,ru,complexity,,,12,mse,0.0469402223825454
probe,ru,complexity,,mean_control,12,mse,0.05245734130342796
probe,ru,question_type,,,1,accuracy,0.9090909090909092
probe,ru,question_type,,mean_control,1,accuracy,0.5
probe,ru,question_type,,,2,accuracy,0.9
probe,ru,question_type,,mean_control,2,accuracy,0.5
probe,ru,question_type,,,3,accuracy,0.9545454545454546
probe,ru,question_type,,mean_control,3,accuracy,0.5
probe,ru,question_type,,,4,accuracy,0.9636363636363636
probe,ru,question_type,,mean_control,4,accuracy,0.506060606060606
probe,ru,question_type,,,5,accuracy,0.9727272727272728
probe,ru,question_type,,mean_control,5,accuracy,0.5
probe,ru,question_type,,,6,accuracy,0.9454545454545454
probe,ru,question_type,,mean_control,6,accuracy,0.503030303030303
probe,ru,question_type,,,7,accuracy,0.9545454545454546
probe,ru,question_type,,mean_control,7,accuracy,0.5
probe,ru,question_type,,,8,accuracy,0.9636363636363636
probe,ru,question_type,,mean_control,8,accuracy,0.5
probe,ru,question_type,,,9,accuracy,0.9545454545454546
probe,ru,question_type,,mean_control,9,accuracy,0.5
probe,ru,question_type,,,10,accuracy,0.9636363636363636
probe,ru,question_type,,mean_control,10,accuracy,0.5
probe,ru,question_type,,,11,accuracy,0.9727272727272728
probe,ru,question_type,,mean_control,11,accuracy,0.5
probe,ru,question_type,,,12,accuracy,0.9636363636363636
probe,ru,question_type,,mean_control,12,accuracy,0.5
probe,ru,single_submetric,avg_links_len,,1,mse,0.0140526071190834
probe,ru,single_submetric,avg_links_len,mean_control,1,mse,0.018961063896616233
probe,ru,single_submetric,avg_max_depth,,1,mse,0.0164880044758319
probe,ru,single_submetric,avg_max_depth,mean_control,1,mse,0.025863879049817667
probe,ru,single_submetric,avg_subordinate_chain_len,,1,mse,0.0522162802517414
probe,ru,single_submetric,avg_subordinate_chain_len,mean_control,1,mse,0.058692584435144995
probe,ru,single_submetric,avg_verb_edges,,1,mse,0.0412128083407878
probe,ru,single_submetric,avg_verb_edges,mean_control,1,mse,0.049759916961193064
probe,ru,single_submetric,lexical_density,,1,mse,0.0410171337425708
probe,ru,single_submetric,lexical_density,mean_control,1,mse,0.04887374366323147
probe,ru,single_submetric,n_tokens,,1,mse,0.0055041536688804
probe,ru,single_submetric,n_tokens,mean_control,1,mse,0.012018720308939567
probe,ru,single_submetric,avg_links_len,,2,mse,0.0184061378240585
probe,ru,single_submetric,avg_links_len,mean_control,2,mse,0.019378433006207132
probe,ru,single_submetric,avg_max_depth,,2,mse,0.0179141536355018
probe,ru,single_submetric,avg_max_depth,mean_control,2,mse,0.024787097548445002
probe,ru,single_submetric,avg_subordinate_chain_len,,2,mse,0.0545010529458522
probe,ru,single_submetric,avg_subordinate_chain_len,mean_control,2,mse,0.05832870925466214
probe,ru,single_submetric,avg_verb_edges,,2,mse,0.0456964485347271
probe,ru,single_submetric,avg_verb_edges,mean_control,2,mse,0.053825685133536603
probe,ru,single_submetric,lexical_density,,2,mse,0.0385581590235233
probe,ru,single_submetric,lexical_density,mean_control,2,mse,0.042541683961947734
probe,ru,single_submetric,n_tokens,,2,mse,0.005142169073224
probe,ru,single_submetric,n_tokens,mean_control,2,mse,0.011570141340295432
probe,ru,single_submetric,avg_links_len,,3,mse,0.0143875693902373
probe,ru,single_submetric,avg_links_len,mean_control,3,mse,0.019101927056908535
probe,ru,single_submetric,avg_max_depth,,3,mse,0.0169621799141168
probe,ru,single_submetric,avg_max_depth,mean_control,3,mse,0.026006850724418898
probe,ru,single_submetric,avg_subordinate_chain_len,,3,mse,0.055384837090969
probe,ru,single_submetric,avg_subordinate_chain_len,mean_control,3,mse,0.0595857972900072
probe,ru,single_submetric,avg_verb_edges,,3,mse,0.0471344701945781
probe,ru,single_submetric,avg_verb_edges,mean_control,3,mse,0.05051911249756807
probe,ru,single_submetric,lexical_density,,3,mse,0.0380090922117233
probe,ru,single_submetric,lexical_density,mean_control,3,mse,0.03932307163874303
probe,ru,single_submetric,n_tokens,,3,mse,0.0065694241784513
probe,ru,single_submetric,n_tokens,mean_control,3,mse,0.011643303558230332
probe,ru,single_submetric,avg_links_len,,4,mse,0.0131365498527884
probe,ru,single_submetric,avg_links_len,mean_control,4,mse,0.018574403598904568
probe,ru,single_submetric,avg_max_depth,,4,mse,0.0160283427685499
probe,ru,single_submetric,avg_max_depth,mean_control,4,mse,0.023826352010170568
probe,ru,single_submetric,avg_subordinate_chain_len,,4,mse,0.0524893812835216
probe,ru,single_submetric,avg_subordinate_chain_len,mean_control,4,mse,0.055994437386592204
probe,ru,single_submetric,avg_verb_edges,,4,mse,0.0490367226302623
probe,ru,single_submetric,avg_verb_edges,mean_control,4,mse,0.053765818476676865
probe,ru,single_submetric,lexical_density,,4,mse,0.0384687520563602
probe,ru,single_submetric,lexical_density,mean_control,4,mse,0.04202623913685477
probe,ru,single_submetric,n_tokens,,4,mse,0.0056326258927583
probe,ru,single_submetric,n_tokens,mean_control,4,mse,0.011891710571944667
probe,ru,single_submetric,avg_links_len,,5,mse,0.0149470344185829
probe,ru,single_submetric,avg_links_len,mean_control,5,mse,0.018995765596628134
probe,ru,single_submetric,avg_max_depth,,5,mse,0.0158276446163654
probe,ru,single_submetric,avg_max_depth,mean_control,5,mse,0.025570372119545867
probe,ru,single_submetric,avg_subordinate_chain_len,,5,mse,0.04916662722826
probe,ru,single_submetric,avg_subordinate_chain_len,mean_control,5,mse,0.057170362522204664
probe,ru,single_submetric,avg_verb_edges,,5,mse,0.0435625612735748
probe,ru,single_submetric,avg_verb_edges,mean_control,5,mse,0.04913056269288057
probe,ru,single_submetric,lexical_density,,5,mse,0.0373509749770164
probe,ru,single_submetric,lexical_density,mean_control,5,mse,0.0409962323804696
probe,ru,single_submetric,n_tokens,,5,mse,0.0039064507000148
probe,ru,single_submetric,n_tokens,mean_control,5,mse,0.012167832193275233
probe,ru,single_submetric,avg_links_len,,6,mse,0.0143259847536683
probe,ru,single_submetric,avg_links_len,mean_control,6,mse,0.021176585927605563
probe,ru,single_submetric,avg_max_depth,,6,mse,0.0155105870217084
probe,ru,single_submetric,avg_max_depth,mean_control,6,mse,0.02629384025931353
probe,ru,single_submetric,avg_subordinate_chain_len,,6,mse,0.0582639202475547
probe,ru,single_submetric,avg_subordinate_chain_len,mean_control,6,mse,0.06025393928090727
probe,ru,single_submetric,avg_verb_edges,,6,mse,0.0446542017161846
probe,ru,single_submetric,avg_verb_edges,mean_control,6,mse,0.0510156999031702
probe,ru,single_submetric,lexical_density,,6,mse,0.0390656478703022
probe,ru,single_submetric,lexical_density,mean_control,6,mse,0.043039299547672195
probe,ru,single_submetric,n_tokens,,6,mse,0.0043445946648716
probe,ru,single_submetric,n_tokens,mean_control,6,mse,0.013136493973433935
probe,ru,single_submetric,avg_links_len,,7,mse,0.0170759633183479
probe,ru,single_submetric,avg_links_len,mean_control,7,mse,0.019644564017653434
probe,ru,single_submetric,avg_max_depth,,7,mse,0.0173022896051406
probe,ru,single_submetric,avg_max_depth,mean_control,7,mse,0.025853230307499534
probe,ru,single_submetric,avg_subordinate_chain_len,,7,mse,0.0499846935272216
probe,ru,single_submetric,avg_subordinate_chain_len,mean_control,7,mse,0.056137384225924736
probe,ru,single_submetric,avg_verb_edges,,7,mse,0.0440271906554698
probe,ru,single_submetric,avg_verb_edges,mean_control,7,mse,0.050427683939536366
probe,ru,single_submetric,lexical_density,,7,mse,0.0371595174074173
probe,ru,single_submetric,lexical_density,mean_control,7,mse,0.043459280083576766
probe,ru,single_submetric,n_tokens,,7,mse,0.0057378346100449
probe,ru,single_submetric,n_tokens,mean_control,7,mse,0.012517900516589431
probe,ru,single_submetric,avg_links_len,,8,mse,0.0178157202899456
probe,ru,single_submetric,avg_links_len,mean_control,8,mse,0.022267051662007903
probe,ru,single_submetric,avg_max_depth,,8,mse,0.0166589301079511
probe,ru,single_submetric,avg_max_depth,mean_control,8,mse,0.026505061735709462
probe,ru,single_submetric,avg_subordinate_chain_len,,8,mse,0.0509871654212474
probe,ru,single_submetric,avg_subordinate_chain_len,mean_control,8,mse,0.06255225961407024
probe,ru,single_submetric,avg_verb_edges,,8,mse,0.0568783842027187
probe,ru,single_submetric,avg_verb_edges,mean_control,8,mse,0.05268985778093333
probe,ru,single_submetric,lexical_density,,8,mse,0.0375828668475151
probe,ru,single_submetric,lexical_density,mean_control,8,mse,0.041349142789840636
probe,ru,single_submetric,n_tokens,,8,mse,0.0073157744482159
probe,ru,single_submetric,n_tokens,mean_control,8,mse,0.013648217543959567
probe,ru,single_submetric,avg_links_len,,9,mse,0.0168950911611318
probe,ru,single_submetric,avg_links_len,mean_control,9,mse,0.0202873051166534
probe,ru,single_submetric,avg_max_depth,,9,mse,0.0165876243263483
probe,ru,single_submetric,avg_max_depth,mean_control,9,mse,0.02416814677417277
probe,ru,single_submetric,avg_subordinate_chain_len,,9,mse,0.0562463551759719
probe,ru,single_submetric,avg_subordinate_chain_len,mean_control,9,mse,0.0562564941744009
probe,ru,single_submetric,avg_verb_edges,,9,mse,0.0409333743155002
probe,ru,single_submetric,avg_verb_edges,mean_control,9,mse,0.04998207961519554
probe,ru,single_submetric,lexical_density,,9,mse,0.036294225603342
probe,ru,single_submetric,lexical_density,mean_control,9,mse,0.03883423159519823
probe,ru,single_submetric,n_tokens,,9,mse,0.0078224148601293
probe,ru,single_submetric,n_tokens,mean_control,9,mse,0.0118327510232726
probe,ru,single_submetric,avg_links_len,,10,mse,0.0160318631678819
probe,ru,single_submetric,avg_links_len,mean_control,10,mse,0.021508064121007864
probe,ru,single_submetric,avg_max_depth,,10,mse,0.0188407804816961
probe,ru,single_submetric,avg_max_depth,mean_control,10,mse,0.02635214477777477
probe,ru,single_submetric,avg_subordinate_chain_len,,10,mse,0.0516116619110107
probe,ru,single_submetric,avg_subordinate_chain_len,mean_control,10,mse,0.055042009800672496
probe,ru,single_submetric,avg_verb_edges,,10,mse,0.0458853729069232
probe,ru,single_submetric,avg_verb_edges,mean_control,10,mse,0.05226556087533627
probe,ru,single_submetric,lexical_density,,10,mse,0.0386517010629177
probe,ru,single_submetric,lexical_density,mean_control,10,mse,0.04001453518867487
probe,ru,single_submetric,n_tokens,,10,mse,0.0084472680464386
probe,ru,single_submetric,n_tokens,mean_control,10,mse,0.012646432345112132
probe,ru,single_submetric,avg_links_len,,11,mse,0.0199764445424079
probe,ru,single_submetric,avg_links_len,mean_control,11,mse,0.021470151841640434
probe,ru,single_submetric,avg_max_depth,,11,mse,0.0181132536381483
probe,ru,single_submetric,avg_max_depth,mean_control,11,mse,0.026142397895455333
probe,ru,single_submetric,avg_subordinate_chain_len,,11,mse,0.0577145852148532
probe,ru,single_submetric,avg_subordinate_chain_len,mean_control,11,mse,0.060122316082318605
probe,ru,single_submetric,avg_verb_edges,,11,mse,0.0426035970449447
probe,ru,single_submetric,avg_verb_edges,mean_control,11,mse,0.051468296597401236
probe,ru,single_submetric,lexical_density,,11,mse,0.0369020141661167
probe,ru,single_submetric,lexical_density,mean_control,11,mse,0.0404103410740693
probe,ru,single_submetric,n_tokens,,11,mse,0.0089644910767674
probe,ru,single_submetric,n_tokens,mean_control,11,mse,0.0129625098779797
probe,ru,single_submetric,avg_links_len,,12,mse,0.0170206259936094
probe,ru,single_submetric,avg_links_len,mean_control,12,mse,0.017786897718906333
probe,ru,single_submetric,avg_max_depth,,12,mse,0.0283768568187952
probe,ru,single_submetric,avg_max_depth,mean_control,12,mse,0.028407437726855233
probe,ru,single_submetric,avg_subordinate_chain_len,,12,mse,0.0486590825021266
probe,ru,single_submetric,avg_subordinate_chain_len,mean_control,12,mse,0.05052472899357471
probe,ru,single_submetric,avg_verb_edges,,12,mse,0.0450746677815914
probe,ru,single_submetric,avg_verb_edges,mean_control,12,mse,0.045406181365251465
probe,ru,single_submetric,lexical_density,,12,mse,0.05110764503479
probe,ru,single_submetric,lexical_density,mean_control,12,mse,0.04755610724290207
probe,ru,single_submetric,n_tokens,,12,mse,0.0156402178108692
probe,ru,single_submetric,n_tokens,mean_control,12,mse,0.014369381591677602
