sentence_id,text,language,type,avg_links_len,avg_max_depth,avg_subordinate_chain_len,avg_verb_edges,lexical_density,n_tokens,subordinate_proposition_dist,verbal_head_per_sent
weblog-blogspot.com_zentelligence_20040423000200_ENG_20040423_000200-0001,What if Google Morphed Into GoogleOS?,english,content,1.8,3.0,1.0,3.0,0.5,7,100.0,1.0
weblog-blogspot.com_zentelligence_20040423000200_ENG_20040423_000200-0002,What if Google expanded on its search-engine (and now e-mail) wares into a full-fledged operating system?,english,content,5.0,5.0,1.0,4.0,0.6111111111111112,23,100.0,1.0
weblog-blogspot.com_marketview_20050511222700_ENG_20050511_222700-0001,"(And, by the way, is anybody else just a little nostalgic for the days when that was a good thing?)",english,content,3.473684210526316,3.0,1.0,0,0.45,25,50.0,2.0
email-enronsent23_05-0005,why do you think i should get one of those?,english,content,1.7777777777777777,4.0,1.0,2.5,0.3,11,50.0,2.0
email-enronsent23_02-0005,what do you think?,english,content,2.0,1.0,0,2.0,0.25,5,0.0,1.0
email-enronsent23_07-0004,what happened to you?,english,content,1.3333333333333333,2.0,0,2.0,0.25,5,0.0,1.0
email-enronsent23_04-0017,why is enron blowing up?,english,content,1.75,1.0,0,3.0,0.6,6,0.0,1.0
email-enronsent09_02-0014,"We just did a deal for the rest of the month for 10,000/d at meter # 1552 QE-1 @ $4.355 .... can you let me and Robert Lloyd know what the sitara # is?",english,content,2.9166666666666665,5.0,2.0,2.6666666666666665,0.35135135135135137,40,66.66666666666667,4.0
email-enronsent21_02-0015,What's going on with the UBS weather position?,english,content,2.5,2.0,0,3.0,0.4444444444444444,10,0.0,1.0
newsgroup-groups.google.com_HarryPotterAppreciationSociety_a3adbf6ac3dc191c_ENG_20050921_061800-0003,what's your opinion?,english,content,2.0,1.0,0,0,0.25,5,0.0,1.0
newsgroup-groups.google.com_jokecity_0566f0ba3b5f748f_ENG_20051125_240500-0009,"""What?"" asks Winston, ""isn't there any one here who can give me an example of a tragedy?""",english,content,2.1176470588235294,6.0,1.0,3.0,0.3888888888888889,25,50.0,3.0
newsgroup-groups.google.com_jokecity_0566f0ba3b5f748f_ENG_20051125_240500-0014,"And can you tell me WHY that would be a tragedy?""",english,content,2.9,2.0,1.0,4.0,0.2727272727272727,13,50.0,2.0
answers-20090605110621AA3jC62_ans-0001,What language is talked in Iguazu?,english,content,1.4,2.0,0,3.0,0.5,7,0.0,1.0
answers-20080426140040AA4YiX5_ans-0001,What is this Miramar?,english,content,1.6666666666666667,2.0,0,0,0.25,5,0.0,1.0
answers-20111107173321AASNJjc_ans-0001,Which wonderful contact of mine is thumbs upping all my best answers ^^?,english,content,2.4166666666666665,3.0,0,4.0,0.46153846153846156,14,0.0,1.0
answers-20111107144434AA0lJDI_ans-0001,What are some Major land forms in Ireland?,english,content,2.142857142857143,3.0,0,0,0.5,9,0.0,1.0
answers-20111108063043AAOhkv9_ans-0001,how fare of kolkatta?,english,content,1.3333333333333333,2.0,0,0,0.75,5,0,0.0
answers-20090801154222AA09uXV_ans-0001,Which do you prefer Crab or Shrimp?,english,content,2.1666666666666665,4.0,0,2.0,0.42857142857142855,8,0.0,1.0
answers-20111108044917AALAHtc_ans-0001,how much does it cost to join world resorts international?,english,content,1.7777777777777777,3.0,1.0,2.5,0.7,11,50.0,2.0
answers-20111108075238AAOhbL0_ans-0001,Who is artist Gunther Uecker;explain?,english,content,2.4,2.0,0,0.0,0.6666666666666666,8,0.0,2.0
answers-20110828235728AAvFDPs_ans-0001,How much does it cost to buy a Big Mac meal in your area?,english,content,2.3846153846153846,4.0,1.0,3.0,0.5714285714285714,15,50.0,2.0
answers-20111106112223AAmR2im_ans-0002,which burger chain do you think is as good as in n out or better in the chicago area besides five guys and smashburger?,english,content,2.869565217391304,4.0,1.0,2.0,0.5416666666666666,25,50.0,2.0
answers-20111108051957AALVg5J_ans-0001,Where to buy bodybuilding supplements in Delhi?,english,content,1.8333333333333333,2.0,0,4.0,0.7142857142857143,8,0.0,1.0
answers-20090717131703AARh8u2_ans-0001,"Besides eating good foods, what else do people do in Miramar?",english,content,2.3,3.0,1.0,3.0,0.6363636363636364,13,50.0,2.0
answers-20111107201117AANg07J_ans-0001,how do you mold silicone or rubber into a mermaid tail?,english,content,2.3,3.0,0,4.0,0.5454545454545454,12,0.0,1.0
answers-20111108075412AA4d7Up_ans-0002,"In the Episode ""So in Louvre Are We Two"", How many diffrent painting/scupltures are their and who are the artists?",english,content,2.380952380952381,4.0,0,4.0,0.5,26,0.0,2.0
answers-20111107163942AA08rP5_ans-0009,What country are we talking about?,english,content,2.2,2.0,0,2.0,0.3333333333333333,7,0.0,1.0
answers-20090717130909AAPrVWu_ans-0001,How come no one bothers to ask any questions in this section?,english,content,1.9090909090909092,3.0,1.0,2.0,0.5,13,66.66666666666667,3.0
answers-20111108064636AAvIKDE_ans-0001,What do you think of Air France?,english,content,2.0,2.0,0,3.0,0.42857142857142855,8,0.0,1.0
answers-20111108102612AASRNao_ans-0001,What's the difference between Indian and African ringnecks and alexandrine parrots? ?,english,content,2.3636363636363638,5.0,0,0,0.5,14,0.0,1.0
answers-20111108102612AASRNao_ans-0004,So does anyone know what the difference is?,english,content,1.8571428571428572,3.0,1.0,3.0,0.375,9,50.0,2.0
answers-20111024111513AAAQhAO_ans-0002,What is the best pos system I can buy in philadelphia pa?,english,content,2.272727272727273,3.0,1.0,2.0,0.5,13,50.0,2.0
answers-20111108081519AAdHz5c_ans-0001,"What are ""good"" speakers?",english,content,2.6666666666666665,2.0,0,0,0.5,7,0.0,1.0
answers-20111106022931AAwpqXm_ans-0001,NZers: Have you decided who you're going to vote for?,english,content,2.8,4.0,2.0,2.3333333333333335,0.36363636363636365,13,66.66666666666667,3.0
answers-20111108074555AAFT8Aj_ans-0001,What would you call the device that hold up your photography backdrop?,english,content,1.8181818181818181,4.0,1.0,3.0,0.4166666666666667,13,50.0,2.0
answers-20111108074555AAFT8Aj_ans-0002,and where can I find them?,english,content,2.2,1.0,0,4.0,0.3333333333333333,7,0.0,1.0
answers-20111107155815AA6LXXJ_ans-0001,"out of carnival, royal caribbean, and norweigan (cruises) which is the best and why?",english,content,3.3846153846153846,3.0,0,0,0.5,19,0.0,1.0
answers-20081218053636AA9vV0u_ans-0001,what is a good slogan for an Argentinian restaurant?,english,content,2.25,3.0,0,0,0.4444444444444444,10,0.0,1.0
answers-20111108083559AAp6Jfq_ans-0001,Which Compact System Camera Should I Get...?,english,content,1.8333333333333333,3.0,0,2.0,0.5714285714285714,9,0.0,1.0
answers-20111108083559AAp6Jfq_ans-0004,Also how much do compact system cameras drop on boxing day?,english,content,2.6,3.0,0,4.0,0.8181818181818182,12,0.0,1.0
answers-20111108082432AAph0C0_ans-0002,What are some cool ideas for making a postor usint the word MAD on a white paper in a weird or artsy way?,english,content,2.727272727272727,8.0,1.0,2.5,0.5217391304347826,24,66.66666666666667,3.0
answers-20111107164802AAq8nhF_ans-0001,what is the fall of hanoi?,english,content,1.6,3.0,0,0,0.3333333333333333,7,0.0,1.0
answers-20111107164802AAq8nhF_ans-0002,can anyone tell me exactly what it is and what took place?,english,content,1.8181818181818181,3.0,1.0,3.0,0.3333333333333333,13,50.0,3.0
answers-20111107164802AAq8nhF_ans-0006,Is that what you are referring to?,english,content,1.6666666666666667,2.0,1.0,2.0,0.14285714285714285,8,50.0,2.0
answers-20111108103704AAB0G7y_ans-0002,for the past few days she has been shivering and wont eat but she could walk now her hid legs are not working but she is back to her self .. what should i do .?,english,content,3.6176470588235294,4.0,0,3.2,0.37142857142857144,37,0.0,6.0
answers-20111106130843AA7yj7U_ans-0001,How much would it cost for me to take me and three friends to Andiamos restaurant for dinner?,english,content,2.7222222222222223,4.0,1.0,4.5,0.42105263157894735,20,50.0,2.0
answers-20111107211645AA391wC_ans-0001,how many ounces in a pint in ireland?,english,content,2.0,2.0,0,0,0.625,9,0,0.0
answers-20111108105137AA9BNtk_ans-0001,Women's rain coat...where can I find one?,english,content,2.125,2.0,0,3.0,0.5555555555555556,11,0,1.0
answers-20111108081911AAy6QeW_ans-0001,I have a Kodak Camera (10.2 Megapixels)... Kodak AF 5x OPTICAL LENS... how do I pause it while recording?,english,content,3.3333333333333335,3.0,1.0,2.6666666666666665,0.631578947368421,24,50.0,3.0
answers-20111108081911AAy6QeW_ans-0002,I have a Kodak Camera (10.2 Megapixels)... Kodak AF 5x OPTICAL LENS... how do I pause it while recording?,english,content,3.3333333333333335,3.0,1.0,2.6666666666666665,0.631578947368421,24,50.0,3.0
answers-20110320195750AAkPbFG_ans-0005,Do you get what's wrong with this picture?,english,content,1.875,3.0,1.0,2.0,0.3333333333333333,10,50.0,2.0
answers-20111106103415AAqdokn_ans-0002,which is the best burger chain in the chicago metro area like for example burger king portillos white castle which one do like the best?,english,content,3.48,3.0,0,2.0,0.5769230769230769,27,0.0,2.0
answers-20111108111112AAAjhoy_ans-0002,What should I do?,english,content,2.0,1.0,0,2.0,0.25,5,0.0,1.0
answers-20111108111112AAAjhoy_ans-0004,What could it be?,english,content,2.0,1.0,0,0,0.0,5,0.0,1.0
answers-20111107200249AAIyCy5_ans-0001,why are there two statues of David?,english,content,1.5,3.0,0,3.0,0.5714285714285714,8,0.0,1.0
answers-20111107200249AAIyCy5_ans-0003,Michelangelo made the marble one but why did he do another if Donatello had already made one?,english,content,2.6875,3.0,1.0,4.0,0.5294117647058824,18,50.0,3.0
answers-20111107200249AAIyCy5_ans-0004,"so im a little confused , why is there two statues of David?",english,content,2.1666666666666665,4.0,0,3.0,0.5384615384615384,15,0.0,2.0
answers-20111108050147AAOkFgL_ans-0001,What's the best time to start a trip around the world?,english,content,1.8181818181818181,5.0,1.0,2.0,0.4166666666666667,13,50.0,2.0
answers-20111108050147AAOkFgL_ans-0003,"But since in my country it lasts for minimum 6 years,and I want to go aground the world,what do you think,should I do it before or after medical school?",english,content,3.5161290322580645,5.0,1.0,3.8,0.34375,36,66.66666666666667,5.0
answers-20111108102205AArwNzY_ans-0003,Which airlines should I look into and when should I buy my ticket?,english,content,2.5,3.0,0,3.5,0.38461538461538464,14,0.0,2.0
answers-20111103205154AAOod9K_ans-0001,What is the best place to get discounts for San Francisco restaurants?,english,content,2.1818181818181817,5.0,1.0,2.0,0.5833333333333334,13,50.0,2.0
answers-20111106230959AAuYQ5Q_ans-0001,Where can I go on a first date (adults)?,english,content,2.75,2.0,0,4.0,0.5555555555555556,12,0.0,1.0
answers-20111108104517AAw5v4L_ans-0001,"I decided to get a 150 gal aquarium, what can I fill it with?",english,content,2.769230769230769,4.0,1.0,2.6666666666666665,0.35714285714285715,16,50.0,3.0
reviews-363482-0002,"How do you run a cafe, with no refills on coffee-?",english,content,2.1,3.0,0,4.0,0.45454545454545453,14,0.0,1.0
reviews-103519-0002,"okay, I dont have a review, but why in the hell would you name your business something that has the initials KKK....is there something behind the scenes at this place?",english,content,3.2580645161290325,5.0,1.0,4.0,0.375,36,50.0,4.0
weblog-blogspot.com_healingiraq_20040409053012_ENG_20040409_053012-0015,So what happened?,english,content,1.5,1.0,0,2.0,0.6666666666666666,4,0.0,1.0
weblog-juancole.com_juancole_20030911085700_ENG_20030911_085700-0001,What do the new al-Qaeda videotape and audio speeches of Bin Laden and Ayman al-Zawahiri tell us about the hopes of the remaining top leadership of the organization?,english,content,4.0,4.0,0,4.0,0.5666666666666667,33,0.0,1.0
weblog-juancole.com_juancole_20040708181175_ENG_20040708_181175-0014,"""Can you name the general who is in charge of Pakistan?""",english,content,1.9,4.0,1.0,2.0,0.36363636363636365,14,50.0,2.0
weblog-blogspot.com_alaindewitt_20040929103700_ENG_20040929_103700-0020,What do you really know about George W. Bush’s time in the Air National Guard?,english,content,3.066666666666667,3.0,0,4.0,0.5625,17,0.0,1.0
weblog-blogspot.com_rigorousintuition_20050518101500_ENG_20050518_101500-0087,How Would You Like To Know How YOU Can Live In A Beautiful NEW House That Is Custom-Designed To YOUR Specifications.........And At NO COST To You?,english,content,2.5185185185185186,8.0,1.5,3.0,0.42857142857142855,31,75.0,4.0
weblog-blogspot.com_dakbangla_20041016151002_ENG_20041016_151002-0018,"‘’Where are Mullah Omar, Mullah Usmani and Gulbuddin Hikmetar?’’",english,content,2.0,3.0,0,0,0.7777777777777778,13,0.0,1.0
weblog-juancole.com_juancole_20040823064025_ENG_20040823_064025-0013,What was Bush doing with his youth?,english,content,2.0,2.0,0,3.0,0.42857142857142855,8,0.0,1.0
weblog-blogspot.com_rigorousintuition_20060511134300_ENG_20060511_134300-0070,"Maybe I'm missing something here, but how, exactly, does one 'Loose' 200,000 AK47's?",english,content,3.8461538461538463,3.0,0,5.0,0.5,20,0.0,2.0
weblog-blogspot.com_rigorousintuition_20060511134300_ENG_20060511_134300-0100,What's a few dead soldiers in comparison to keeping all those defense contractors awash in all that tax cash?,english,content,2.6842105263157894,5.0,1.0,3.0,0.5,21,50.0,2.0
weblog-blogspot.com_rigorousintuition_20060511134300_ENG_20060511_134300-0204,So why even credit their claims?,english,content,1.8,2.0,0,4.0,0.8333333333333334,7,0.0,1.0
weblog-blogspot.com_rigorousintuition_20060511134300_ENG_20060511_134300-0228,"so, enemy, what's your point?",english,content,3.6,1.0,0,0,0.5,9,0.0,1.0
weblog-blogspot.com_rigorousintuition_20060511134300_ENG_20060511_134300-0229,Why don't you state it?,english,content,2.2,1.0,0,4.0,0.3333333333333333,7,0.0,1.0
weblog-blogspot.com_rigorousintuition_20060511134300_ENG_20060511_134300-0267,==Why did Bush revoke Executive Order 13011 today?,english,content,2.25,2.0,0,5.0,0.6666666666666666,10,0.0,1.0
weblog-blogspot.com_alaindewitt_20060924104100_ENG_20060924_104100-0014,Why do I put aside Israel and its own immediate neighborhood?,english,content,2.4,3.0,0,4.0,0.5454545454545454,12,0.0,1.0
weblog-blogspot.com_alaindewitt_20060924104100_ENG_20060924_104100-0054,So what is all the fuss about suicide killings?,english,content,2.625,2.0,0,0,0.4444444444444444,10,0.0,1.0
weblog-blogspot.com_alaindewitt_20060924104100_ENG_20060924_104100-0066,Who could stop a suicide murder in the midst of the crowded line waiting to be checked by the airport metal detector?,english,content,2.238095238095238,7.0,2.0,2.0,0.5,23,66.66666666666667,3.0
weblog-blogspot.com_alaindewitt_20060924104100_ENG_20060924_104100-0067,How about the lines to the check-in counters in a busy travel period?,english,content,3.6153846153846154,4.0,1.0,1.0,0.5,16,100.0,1.0
weblog-blogspot.com_alaindewitt_20060924104100_ENG_20060924_104100-0073,What is behind the suicide murders?,english,content,3.0,1.0,0,0,0.3333333333333333,7,0.0,1.0
weblog-blogspot.com_alaindewitt_20060924104100_ENG_20060924_104100-0168,"Does free speech protect you when you shout ""fire"" in a crowded theater?",english,content,2.3333333333333335,3.0,1.0,3.5,0.6153846153846154,16,50.0,2.0
weblog-blogspot.com_alaindewitt_20060924104100_ENG_20060924_104100-0172,"Do you raid a mosque, which serves as a terrorist ammunition storage?",english,content,2.272727272727273,4.0,1.0,2.0,0.5,14,50.0,2.0
weblog-blogspot.com_alaindewitt_20060924104100_ENG_20060924_104100-0174,Do you storm a church taken over by terrorists who took the priests hostages?,english,content,1.6153846153846154,6.0,1.0,2.3333333333333335,0.5,15,66.66666666666667,3.0
weblog-blogspot.com_alaindewitt_20060924104100_ENG_20060924_104100-0179,"Do you shoot an arch-murderer who deliberately moves from one location to another, always surrounded by children?",english,content,2.25,5.0,2.0,3.0,0.47058823529411764,19,66.66666666666667,3.0
weblog-blogspot.com_alaindewitt_20060924104100_ENG_20060924_104100-0181,What do you do?,english,content,2.0,1.0,0,2.0,0.25,5,0.0,1.0
weblog-blogspot.com_alaindewitt_20060924104100_ENG_20060924_104100-0197,What can we do about it?,english,content,1.8,2.0,0,3.0,0.16666666666666666,7,0.0,1.0
weblog-blogspot.com_dakbangla_20050311135387_ENG_20050311_135387-0111,"If mistaken, how did those reports first come about?",english,content,2.75,2.0,0,5.0,0.5555555555555556,11,0.0,1.0
weblog-blogspot.com_dakbangla_20050311135387_ENG_20050311_135387-0216,What mosques exactly did they visit and who did they meet?,english,content,2.4,2.0,0,3.0,0.36363636363636365,12,0.0,2.0
email-enronsent00_01-0039,How about dinner on Wednesday after that ?,english,content,1.8333333333333333,3.0,0,0,0.42857142857142855,8,0,0.0
email-enronsent09_01-0002,Who has the 2000 tax return file for 969?,english,content,2.125,3.0,0,2.0,0.4444444444444444,10,0.0,1.0
email-enronsent09_01-0014,How do you feel about taking on another company?,english,content,1.75,3.0,1.0,3.0,0.4444444444444444,10,50.0,2.0
email-enronsent09_01-0025,Can you recommend where these companies each fit within the new organization?,english,content,2.3636363636363638,3.0,1.0,3.0,0.5,13,50.0,2.0
email-enronsent09_01-0070,How do you feel about taking on another company?,english,content,1.75,3.0,1.0,3.0,0.4444444444444444,10,50.0,2.0
email-enronsent09_01-0081,Can you recommend where these companies each fit within the new organization?,english,content,2.3636363636363638,3.0,1.0,3.0,0.5,13,50.0,2.0
email-enronsent26_01-0025,"Do we want to attach a draft of the Development Agreement, and condition the final deal on agreeing to terms substantially the same as what's in the draft?",english,content,2.5357142857142856,7.0,1.0,2.5,0.4482758620689655,31,75.0,5.0
email-enronsent26_01-0037,"Do we want to attach a draft of the Development Agreement, and condition the final deal on agreeing to terms substantially the same as what's in the draft?",english,content,2.5357142857142856,7.0,1.0,2.5,0.4482758620689655,31,75.0,5.0
email-enronsent08_02-0002,What are we going to get her?,english,content,2.0,2.0,1.0,2.5,0.2857142857142857,8,50.0,2.0
email-enronsent08_02-0030,What are some good interview questions?,english,content,2.4,2.0,0,0,0.5,7,0.0,1.0
email-enronsent08_02-0063,How about meeting at 11:30 or 12?,english,content,1.5,4.0,1.0,2.0,0.2857142857142857,8,100.0,1.0
email-enronsent01_02-0025,"Is there an article to be included in an Enron publication and in addition a letter to be sent under John's name (if so, to whom will the letter be sent)?",english,content,3.7419354838709675,5.0,1.0,3.5,0.40625,36,66.66666666666667,4.0
email-enronsent01_02-0039,Would a more appropriate time be after the Global Operations Controller meeting in October when we should have worldwide buy-in and commitment to these standards and (hopefully) our first draft of a meaningful exception report?,english,content,3.257142857142857,5.0,1.0,3.0,0.5833333333333334,40,50.0,2.0
email-enronsent20_01-0005,Do you have a view on how we might be able to achieve this goal?,english,content,2.357142857142857,5.0,2.0,2.0,0.4,16,66.66666666666667,3.0
email-enronsent20_01-0052,"Do we have a sense for how many we can reach, how many we can't and where they are?",english,content,2.4210526315789473,5.0,1.0,3.5,0.4,22,50.0,3.0
email-enronsent20_01-0053,Are whole offices (eg Tokyo) unreachable or is it only those who have home offices?,english,content,2.7142857142857144,4.0,1.0,2.0,0.6,18,50.0,3.0
email-enronsent42_01-0003,the deal number is 814014-why can't you see this?,english,content,2.3,2.0,0,4.0,0.36363636363636365,13,0,1.0
email-enronsent42_01-0015,Actually-upon second look the deal number is 814014-why can't you see this?,english,content,2.857142857142857,2.0,0,4.0,0.4666666666666667,18,0,1.0
email-enronsent42_01-0024,Can you please confirm which price is correct and make the change in Sitara if necessary?,english,content,2.4,3.0,1.0,4.0,0.4375,17,50.0,3.0
email-enronsent42_01-0039,Can you please confirm which price is correct and make the change in Sitara if necessary?,english,content,2.4,3.0,1.0,4.0,0.4375,17,50.0,3.0
email-enronsent42_01-0059,Can you please confirm which price is correct and make the change in Sitara if necessary?,english,content,2.4,3.0,1.0,4.0,0.4375,17,50.0,3.0
email-enronsent42_01-0076,How was your trip to Des Moines?,english,content,1.5,3.0,0,0,0.5714285714285714,8,0.0,1.0
email-enronsent42_01-0079,When are we going to get NetMeeting going ?,english,content,1.7142857142857142,2.0,2.0,2.0,0.625,9,66.66666666666667,3.0
email-enronsent42_01-0080,How is Deb's knee?,english,content,2.0,3.0,0,0,0.6,6,0.0,1.0
email-enronsent12_01-0052,"Can you tell the free world just what enabled women here to achieve this reversal of roles?""",english,content,1.9375,5.0,2.0,3.0,0.5882352941176471,19,66.66666666666667,3.0
email-enronsent17_01-0037,What about 7:00 at the office or breakfast meeting at 7:00?,english,content,2.1,4.0,0,0,0.2727272727272727,12,0,0.0
email-enronsent17_01-0052,What about 10:30 my time?,english,content,1.5,3.0,0,0,0.2,6,0,0.0
email-enronsent17_01-0055,"how about Thursday, July 6?",english,content,1.5,3.0,0,0,0.6,7,0,0.0
email-enronsent17_01-0069,"How about a pre-meeting web site cruise on Friday, July 7 at 11AM EDT?",english,content,2.7142857142857144,4.0,0,0,0.6,17,0,0.0
email-enronsent17_01-0074,How can we arrange it?,english,content,1.75,1.0,0,3.0,0.4,6,0.0,1.0
email-enronsent17_01-0079,"How about a pre-meeting web site cruise on Friday, July 7 at 11AM EDT?",english,content,2.7142857142857144,4.0,0,0,0.6,17,0,0.0
email-enronsent17_01-0089,How is Wednesday at 2:30?,english,content,1.5,3.0,0,0,0.4,6,0.0,1.0
email-enronsent17_01-0092,How is the site doing?,english,content,2.25,2.0,0,2.0,0.6,6,0.0,1.0
email-enronsent36_02-0003,what do you think?,english,content,2.0,1.0,0,2.0,0.25,5,0.0,1.0
email-enronsent36_02-0059,What person(s) in London prepares credit for the English and Singapore financial transactions?,english,content,3.3076923076923075,4.0,0,3.0,0.5714285714285714,17,0.0,1.0
email-enronsent25_01-0002,Can you find out who I need to send it to in HR?,english,content,1.8333333333333333,4.0,2.0,3.3333333333333335,0.3076923076923077,14,66.66666666666667,3.0
email-enronsent11_01-0004,Could you tell me what deal tickets you are seeing?,english,content,2.2222222222222223,3.0,1.0,2.5,0.4,11,50.0,2.0
email-enronsent11_01-0038,When is the wedding?,english,content,1.6666666666666667,2.0,0,0,0.5,5,0.0,1.0
email-enronsent11_01-0076,What do you think?,english,content,2.0,1.0,0,2.0,0.25,5,0.0,1.0
email-enronsent11_01-0077,"If that's ok, how do you want your name to show up on the title and what address should I use?",english,content,3.0,3.0,1.0,4.0,0.36363636363636365,24,66.66666666666667,4.0
email-enronsent11_01-0079,How many of Dad's shares do you have?,english,content,2.625,4.0,0,2.0,0.5555555555555556,10,0.0,1.0
email-enronsent24_01-0020,Which do you prefer?,english,content,2.0,1.0,0,2.0,0.25,5,0.0,1.0
email-enronsent24_01-0064,Where and to whom do you want it faxed?,english,content,2.5,4.0,1.0,2.0,0.3333333333333333,10,50.0,2.0
email-enronsent24_01-0077,Which do you prefer?,english,content,2.0,1.0,0,2.0,0.25,5,0.0,1.0
email-enronsent15_01-0029,"I don't understand, what do you mean by ""log in an email""?",english,content,2.25,4.0,1.0,3.0,0.3076923076923077,17,50.0,3.0
email-enronsent15_01-0035,Why didn't Craig show Ma his appartment?,english,content,2.142857142857143,2.0,0,5.0,0.625,9,0.0,1.0
email-enronsent15_01-0036,What do you think about your phone ocnversation with Unlce Ben (he was almost shocked)?,english,content,2.857142857142857,3.0,1.0,4.0,0.4666666666666667,18,50.0,2.0
email-enronsent15_01-0067,"Thinking about that, what's your title?",english,content,2.0,3.0,1.0,1.0,0.2857142857142857,9,50.0,2.0
email-enronsent34_01-0022,How are you doing?,english,content,2.0,1.0,0,2.0,0.5,5,0.0,1.0
email-enronsent34_01-0055,How was the play?,english,content,1.6666666666666667,2.0,0,0,0.5,5,0.0,1.0
email-enronsent40_01-0079,Is that what you want?,english,content,1.5,2.0,1.0,1.0,0.2,6,50.0,2.0
email-enronsent06_01-0065,I would like to thank all of the parties who participated in this settlement process.?,english,content,1.8571428571428572,6.0,1.0,2.0,0.4,16,66.66666666666667,3.0
email-enronsent16_01-0021,"I assume this is akin to why McDonald's trademarks ""Mc""Everything?",english,content,2.5454545454545454,4.0,2.0,3.0,0.5,15,66.66666666666667,3.0
email-enronsent31_01-0058,What power curve are we valuing the deal against - PJM East or West Hub?,english,content,2.8461538461538463,4.0,0,4.0,0.5714285714285714,16,0.0,1.0
email-enronsent31_01-0060,What volatilities are you using to value the options - monthly volatilities or intra-day volatilities or a blend of the two (if blending please show me what formula you using to blend the two vols)?,english,content,2.696969696969697,5.0,1.3333333333333333,2.6666666666666665,0.4411764705882353,38,80.0,6.0
email-enronsent31_01-0061,"What expiration date are you using, i.e.: for monthly call options the 15th of the relevant month, and for daily options?",english,content,2.7,5.0,0,3.0,0.5714285714285714,25,0.0,1.0
email-enronsent31_01-0062,"What correlation are you assuming, 15% flat for twenty years?",english,content,1.9,3.0,0,3.0,0.36363636363636365,13,0.0,1.0
email-enronsent10_01-0006,Do we have someone who is watching this out there?,english,content,1.6666666666666667,4.0,1.0,2.5,0.4,11,50.0,2.0
email-enronsent39_01-0002,Who is responsible for completing all paperwork for entering a new market?,english,content,1.6363636363636365,5.0,1.0,2.0,0.5,13,66.66666666666667,3.0
email-enronsent39_01-0040,Can we visit about what went on with Ursula at the PRC meeting when you catch up?,english,content,2.75,3.0,1.0,3.6666666666666665,0.47058823529411764,18,66.66666666666667,3.0
email-enronsent39_01-0093,"In the meantime, could you please provide a contact on your side with whom we could discuss technical issues?",english,content,2.2777777777777777,4.0,1.0,3.5,0.3684210526315789,21,50.0,2.0
email-enronsent39_01-0094,What do I need to do?,english,content,2.2,2.0,1.0,2.0,0.3333333333333333,7,50.0,2.0
email-enronsent14_01-0038,What is the subject matter you wish to visit about?,english,content,1.6666666666666667,4.0,2.0,2.0,0.4,11,66.66666666666667,3.0
email-enronsent03_01-0023,What do you think?,english,content,2.0,1.0,0,2.0,0.25,5,0.0,1.0
email-enronsent03_01-0027,"After that, what do we do?",english,content,2.4,2.0,0,3.0,0.16666666666666666,8,0.0,1.0
email-enronsent35_01-0014,Have you decided who will be assisting tax-wise for these two countries?,english,content,2.5833333333333335,3.0,1.0,2.5,0.38461538461538464,15,50.0,2.0
email-enronsent35_01-0028,"How about Friday, Sept. 17, at 9 am (Houston time) which is 11 am (Sao Paulo) time?",english,content,2.6875,6.0,1.0,0,0.5882352941176471,24,100.0,1.0
email-enronsent35_01-0068,"Can we reschedule the phone call for 9 am (Houston) which is 11 am (Sao Paulo) on Friday, Sept. 17?",english,content,2.789473684210526,4.0,1.0,3.0,0.5,26,50.0,2.0
email-enronsent35_01-0108,To what do I owe this small pleasure?,english,content,1.8571428571428572,2.0,0,3.0,0.375,9,0.0,1.0
email-enronsent35_01-0110,Where are you living these days?,english,content,1.8,2.0,0,3.0,0.5,7,0.0,1.0
email-enronsent35_01-0121,How's your family?,english,content,1.6666666666666667,2.0,0,0,0.5,5,0.0,1.0
email-enronsent37_01-0083,How's school going?,english,content,2.0,1.0,0,2.0,0.75,5,0.0,1.0
email-enronsent37_01-0131,Where does our 50% (the 1.65 million dollars) show up?,english,content,4.2,4.0,0,3.0,0.2727272727272727,14,0.0,1.0
email-enronsent38_01-0010,8. Where is the defined term Govt Authority used?,english,content,3.875,3.0,0,2.0,0.6666666666666666,11,0.0,2.0
email-enronsent38_01-0055,How are you making out on the revised version of the LOC?,english,content,2.1818181818181817,3.0,0,2.0,0.4166666666666667,13,0.0,2.0
email-enronsent43_01-0024,"Has a location, Theirs or TW land/ROW, been settled and when is the required in-service date?",english,content,3.7058823529411766,4.0,0,1.5,0.5555555555555556,23,0.0,3.0
email-enronsent43_01-0055,How much notification would you like to give the TW customers before implementing the new TW Hotline phone number?,english,content,2.4444444444444446,5.0,2.0,2.6666666666666665,0.6842105263157895,20,66.66666666666667,3.0
email-enronsent43_01-0072,How much notification would you like to give the TW customers before implementing the new TW Hotline phone number?,english,content,2.4444444444444446,5.0,2.0,2.6666666666666665,0.6842105263157895,20,66.66666666666667,3.0
email-enronsent07_01-0006,You know when the meeting with schedulers will be?,english,content,2.375,4.0,1.0,2.0,0.4444444444444444,10,50.0,2.0
email-enronsent07_01-0093,Any news on how SCE and SDG&E will move forward?,english,content,3.111111111111111,4.0,1.0,4.0,0.6,11,100.0,1.0
email-enronsent33_01-0007,"Where is the ""simple"" explanation of the transportation piece?",english,content,2.875,3.0,0,0,0.5555555555555556,12,0.0,1.0
email-enronsent33_01-0010,What say ye?,english,content,1.0,1.0,0,2.0,0.3333333333333333,4,0.0,1.0
email-enronsent33_01-0030,How does this look?,english,content,2.0,1.0,0,2.0,0.5,5,0.0,1.0
email-enronsent33_01-0047,I guess the questions on which I should like your steer are: (a) Do you have a particular sensitivity about the reference to bad faith proceedings made by United India?,english,content,2.6551724137931036,8.0,1.0,2.25,0.4666666666666667,34,66.66666666666667,4.0
email-enronsent33_01-0141,The real focus of the meeting will be on how we should build these services to meet the needs of businesses operating in B2B marketplaces.?,english,content,2.5416666666666665,6.0,1.0,1.0,0.48,26,66.66666666666667,3.0
newsgroup-groups.google.com_alt.animals.badgers_172dcd8baf26948f_ENG_20040823_121900-0003,"How can I say such an abomination, ask you?",english,content,2.25,3.0,1.0,2.5,0.4444444444444444,11,50.0,2.0
newsgroup-groups.google.com_herpesnation_c74170a0fcfdc880_ENG_20051125_075200-0018,What are you doing to the least of the people?,english,content,2.0,3.0,0,3.0,0.3,11,0.0,1.0
newsgroup-groups.google.com_eHolistic_417b09016150421f_ENG_20051120_175800-0003,What are you searching for?,english,content,2.5,2.0,0,2.0,0.2,6,0.0,1.0
newsgroup-groups.google.com_eHolistic_417b09016150421f_ENG_20051120_175800-0029,What is long term viability?,english,content,1.75,3.0,0,0,0.6,6,0.0,1.0
newsgroup-groups.google.com_GuildWars_086f0f64ab633ab3_ENG_20041111_173500-0002,"There are already several forums around the net focused on discussing Guild Wars, so why create a new one?",english,content,2.5555555555555554,5.0,2.0,2.5,0.7368421052631579,21,66.66666666666667,4.0
newsgroup-groups.google.com_GuildWars_086f0f64ab633ab3_ENG_20041111_173500-0003,I say why not?,english,content,1.3333333333333333,2.0,0,2.0,0.5,5,0.0,1.0
newsgroup-groups.google.com_GuildWars_086f0f64ab633ab3_ENG_20041111_173500-0023,"I was kind of curious, what exactly is Guild Wars?",english,content,2.2222222222222223,3.0,1.0,0,0.5,12,50.0,2.0
newsgroup-groups.google.com_humanities.lit.authors.shakespeare_0c155162a7dfaf28_ENG_20031127_172200-0004,Who are we?,english,content,1.5,1.0,0,0,0.0,4,0.0,1.0
newsgroup-groups.google.com_humanities.lit.authors.shakespeare_0c155162a7dfaf28_ENG_20031127_172200-0010,And who are you?,english,content,1.3333333333333333,1.0,0,0,0.0,5,0.0,1.0
newsgroup-groups.google.com_humanities.lit.authors.shakespeare_0c155162a7dfaf28_ENG_20031127_172200-0011,You who like the tough talk of Tough on Crime?,english,content,1.6666666666666667,5.0,1.0,2.0,0.5,11,100.0,1.0
newsgroup-groups.google.com_humanities.lit.authors.shakespeare_0c155162a7dfaf28_ENG_20031127_172200-0012,You who watch as budgets are cut in education and health care while you militarize a police force?,english,content,2.2941176470588234,5.0,3.0,3.3333333333333335,0.5,19,100.0,3.0
newsgroup-groups.google.com_humanities.lit.authors.shakespeare_0c155162a7dfaf28_ENG_20031127_172200-0014,And what is there to show for it?,english,content,1.5714285714285714,3.0,1.0,3.0,0.25,9,50.0,2.0
newsgroup-groups.google.com_humanities.lit.authors.shakespeare_0c155162a7dfaf28_ENG_20031127_172200-0019,"More like a cohesive society with a shared sense of purpose, who can identify Us and Them?",english,content,2.5,4.0,1.0,1.0,0.4117647058823529,19,100.0,2.0
newsgroup-groups.google.com_humanities.lit.authors.shakespeare_0c155162a7dfaf28_ENG_20031127_172200-0032,Do you have the heart to face monumental failures while bravely struggling beyond where we are now?,english,content,1.6875,6.0,2.0,2.6666666666666665,0.5294117647058824,18,66.66666666666667,3.0
newsgroup-groups.google.com_humanities.lit.authors.shakespeare_0c155162a7dfaf28_ENG_20031127_172200-0043,"Subject: Where can I get the necessary software to get a ""smart"" mail system running on my machine that will take advantage of the postings in comp.mail.maps? (E.g., pathalias, smail, etc.)",english,content,3.6666666666666665,8.0,1.3333333333333333,2.5,0.6129032258064516,40,100.0,4.0
newsgroup-groups.google.com_humanities.lit.authors.shakespeare_0c155162a7dfaf28_ENG_20031127_172200-0048,"Subject: What is ""food for the NSA line-eater""?",english,content,3.75,3.0,1.0,0,0.5555555555555556,14,100.0,1.0
newsgroup-groups.google.com_FOOLED_1bf9cdc5a4c2ac48_ENG_20050904_130400-0012,How much money does the USA give NASA per year?,english,content,1.7777777777777777,3.0,0,4.0,0.7,11,0.0,1.0
newsgroup-groups.google.com_alt.animals.cat_01ff709c4bf2c60c_ENG_20040418_040100-0024,And what am I DOING about it?,english,content,2.1666666666666665,2.0,0,4.0,0.14285714285714285,8,0.0,1.0
newsgroup-groups.google.com_alt.animals.cat_01ff709c4bf2c60c_ENG_20040418_040100-0038,What justifies this extraordinary mistreatment?,english,content,1.75,2.0,0,2.0,0.6,6,0.0,1.0
newsgroup-groups.google.com_alt.animals_02c2d614bfbf6b20_ENG_20050223_232900-0001,Blue Planet: Who's afraid of Big Bad Wolf?,english,content,2.25,3.0,0,0,0.6666666666666666,11,0,0.0
newsgroup-groups.google.com_alt.animals_02c2d614bfbf6b20_ENG_20050223_232900-0032,"""There's a lot of impact on plants and they say, 'Who cares?'",english,content,2.25,4.0,0,2.3333333333333335,0.46153846153846156,18,0.0,3.0
newsgroup-groups.google.com_INTPunderground_b2c62e87877e4a22_ENG_20050906_165900-0004,How has Katrina changed the US?,english,content,1.8,2.0,0,3.0,0.6666666666666666,7,0.0,1.0
newsgroup-groups.google.com_INTPunderground_b2c62e87877e4a22_ENG_20050906_165900-0005,What will be the lasting effects of Hurricane Katrina and what can be learnt from the response?,english,content,2.8125,3.0,0,2.0,0.35294117647058826,18,0.0,3.0
newsgroup-groups.google.com_INTPunderground_b2c62e87877e4a22_ENG_20050906_165900-0009,How has Katrina changed the US?,english,content,1.8,2.0,0,3.0,0.6666666666666666,7,0.0,1.0
newsgroup-groups.google.com_INTPunderground_b2c62e87877e4a22_ENG_20050906_165900-0064,Or will the nearly year-round snow be too much for those who have never experienced snow in their lives?,english,content,3.0,4.0,1.0,4.0,0.5,22,50.0,2.0
newsgroup-groups.google.com_INTPunderground_b2c62e87877e4a22_ENG_20050906_165900-0067,What will the federal government do to prevent inflation in the housing and building market?,english,content,2.7857142857142856,5.0,1.0,3.0,0.5333333333333333,16,50.0,2.0
newsgroup-groups.google.com_INTPunderground_b2c62e87877e4a22_ENG_20050906_165900-0074,I rarely listen to the news or to what politicians or lawyers say because so many tell lies that none have credibility so what's the point?,english,content,2.423076923076923,6.0,1.3333333333333333,3.0,0.5185185185185185,28,80.0,5.0
newsgroup-groups.google.com_INTPunderground_b2c62e87877e4a22_ENG_20050906_165900-0083,When common sense takes a back seat to politics and legal mumbo jumbo what have we become?,english,content,2.6875,5.0,1.0,3.0,0.6470588235294118,18,50.0,2.0
newsgroup-groups.google.com_INTPunderground_b2c62e87877e4a22_ENG_20050906_165900-0091,"We have the technology; if you are going to spend billions of dollars touting ""FREEDOM"" why not spend those billions making all of us free?",english,content,2.9583333333333335,6.0,2.0,2.8333333333333335,0.52,29,80.0,6.0
newsgroup-groups.google.com_misc.consumers_a534e32067078b08_ENG_20060116_030800-0114,The question must be put as directly as possible: what manner of maniac would undertake a path so fraught with peril and potential economic catastrophe?,english,content,2.1666666666666665,6.0,1.0,3.0,0.6,27,50.0,2.0
newsgroup-groups.google.com_misc.consumers_a534e32067078b08_ENG_20060116_030800-0122,What manner of maniac would undertake such a dangerous course?,english,content,2.111111111111111,3.0,0,2.0,0.5,11,0.0,1.0
newsgroup-groups.google.com_misc.consumers_a534e32067078b08_ENG_20060116_030800-0129,"What kind of political cover would be gained from an attack on Iran, and from the diversion of attention to that attack?",english,content,2.3333333333333335,4.0,0,3.0,0.4090909090909091,24,0.0,1.0
answers-20111108094740AA1lbom_ans-0001,"Besides from Pacquiao, what else is The Philipines famous for?",english,content,3.0,2.0,0,0,0.4,12,0.0,1.0
answers-20111107152509AA78ktV_ans-0002,"I've been given the opportunity to live in Limerick, Ireland, next year as part of my course..if you know about Limerick, what are the pros and cons?",english,content,2.9642857142857144,5.0,1.5,3.6666666666666665,0.4482758620689655,34,75.0,4.0
answers-20111108105559AAkQd38_ans-0002,and how big are they?,english,content,1.5,1.0,0,0,0.4,6,0.0,1.0
answers-20111108075853AAUIKRQ_ans-0003,how has ur experience with it?,english,content,1.4,3.0,0,0,0.3333333333333333,7,0.0,0.0
answers-20111108083309AAg9jwT_ans-0002,just want to ask..i have an nikon dslr..im wondering why if i zoom my picture zoom like almost 200-300percent..i can see some dead pixel...is there something wrong with my camera body?,english,content,4.2894736842105265,7.0,1.5,3.0,0.5128205128205128,44,75.0,7.0
answers-20111108083309AAg9jwT_ans-0005,please help me..and what should i do to fix this problem?,english,content,2.272727272727273,4.0,1.0,3.0,0.3333333333333333,14,50.0,3.0
answers-20111106153454AAgT9Df_ans-0001,"In Chicago, what is the best restaurant to dine at on a budget?",english,content,1.8333333333333333,4.0,1.0,3.0,0.38461538461538464,15,50.0,2.0
answers-20111107194625AAAUBXm_ans-0013,2. What kind of paint do I use to paint the giraffe?,english,content,2.3636363636363638,3.0,1.0,3.0,0.4166666666666667,14,50.0,2.0
answers-20111108105225AAAJ9ek_ans-0008,if so how quick will she adapt to a litter box inside?,english,content,2.1818181818181817,2.0,0,4.0,0.5833333333333334,13,0.0,1.0
answers-20111108092738AA2dtyW_ans-0001,What cleaners should I use for dusting around my parakeet?,english,content,1.7777777777777777,3.0,1.0,2.5,0.4,11,50.0,2.0
answers-20111108092738AA2dtyW_ans-0004,"If not, what is?",english,content,1.6666666666666667,2.0,0,0,0.0,6,0.0,0.0
answers-20111108100918AATaSIx_ans-0001,How do I take care of my newborn baby fish?,english,content,2.5555555555555554,2.0,0,4.0,0.6,11,0.0,1.0
answers-20111108100918AATaSIx_ans-0009,what kind of newborn fish you have?,english,content,2.1666666666666665,3.0,0,2.0,0.5714285714285714,8,0.0,1.0
answers-20111108110437AA5JNkr_ans-0001,what is a kimberwick bit used for?,english,content,3.1666666666666665,2.0,0,3.0,0.42857142857142855,8,0.0,1.0
answers-20111108082505AAtbdh9_ans-0001,How long to save up for a canon t3i?,english,content,2.0,2.0,0,4.0,0.5555555555555556,10,0.0,1.0
answers-20111108082505AAtbdh9_ans-0008,Can someone cunclude how long it might take me to save up for the canan t3i or some extra tips to save/gain money? :O,english,content,3.52,4.0,1.5,3.0,0.46153846153846156,27,75.0,5.0
answers-20111108072912AAccket_ans-0002,How can I change my boarding station against the ticket I booked a month back from counter?,english,content,2.125,4.0,1.0,3.5,0.5294117647058824,18,50.0,2.0
answers-20111108072912AAccket_ans-0004,Does your train pass Asansol when starting from Howrah?,english,content,1.625,3.0,1.0,2.5,0.6666666666666666,10,50.0,2.0
answers-20111108091609AAHOFa6_ans-0005,"(in the visa itself, it does not mention anything about which school I m suppose to attend, and problem is, the embassy here in DC are not too nice and would never answer ANY questions....) any advice please?",english,content,4.378378378378378,5.0,2.0,3.75,0.39473684210526316,45,66.66666666666667,5.0
answers-20111108100523AA1i7no_ans-0001,How Do you Prevent A Dwarf Hamster Escaping From The Cage?,english,content,2.0,3.0,1.0,2.5,0.5454545454545454,12,50.0,2.0
answers-20111107212131AACQ65F_ans-0015,What is the best way of doing it?,english,content,1.7142857142857142,3.0,1.0,2.0,0.375,9,50.0,2.0
answers-20111108084111AAl5ras_ans-0003,Why is it stil doing this even though I don't have the other phone connected?,english,content,2.8666666666666667,3.0,2.0,3.6666666666666665,0.5,17,66.66666666666667,3.0
answers-20111108083256AAnI6Wt_ans-0003,What do other Holga owners do when they need to change film when they are traveling?,english,content,2.2,4.0,3.0,2.75,0.625,17,75.0,4.0
answers-20111108110610AA4bcXX_ans-0001,What is the most interesting place to see in South Korea?,english,content,2.0,4.0,1.0,2.0,0.5454545454545454,12,50.0,2.0
answers-20111108110610AA4bcXX_ans-0003,What place or town would be most interesting to visit for european?,english,content,2.1818181818181817,3.0,1.0,1.0,0.5,13,50.0,2.0
answers-20111108085945AAgJhOG_ans-0002,what do I feed it?,english,content,1.75,1.0,0,3.0,0.2,6,0.0,1.0
answers-20111108085945AAgJhOG_ans-0004,"It's pure white, no marks or streaks or anything, I don't know what type of bird it is, probably a dove?",english,content,3.3636363636363638,4.0,1.0,3.0,0.391304347826087,27,50.0,3.0
answers-20111108085945AAgJhOG_ans-0005,What should I feed it?,english,content,1.75,1.0,0,3.0,0.2,6,0.0,1.0
answers-20111107194805AAdINwt_ans-0001,how do i get to paris cdg airport to paris montparnasse?,english,content,2.6,2.0,0,4.0,0.6363636363636364,12,0.0,1.0
answers-20111107194805AAdINwt_ans-0005,if not what transfers should i get on?,english,content,2.4285714285714284,2.0,0,3.0,0.25,9,0.0,1.0
answers-20111108080100AAJHNUK_ans-0001,What are good B&W software's Photography?,english,content,3.25,4.0,0,0,0.5555555555555556,10,0.0,1.0
answers-20111108080100AAJHNUK_ans-0002,What are really good programs for smooth crisp Black & White editing?,english,content,3.1818181818181817,5.0,0,0,0.6666666666666666,13,0.0,1.0
answers-20111108103158AARnMLC_ans-0008,How would I need to set a sump for this 10 gallon?,english,content,2.1818181818181817,4.0,1.0,2.5,0.4166666666666667,13,50.0,2.0
answers-20111108103211AA4XhnU_ans-0001,How to start a new fish tank?,english,content,2.1666666666666665,2.0,0,3.0,0.7142857142857143,8,0.0,1.0
answers-20111108080049AAgT0iA_ans-0007,What is the problem?,english,content,1.6666666666666667,2.0,0,0,0.25,5,0.0,1.0
answers-20111108103333AA3eSCk_ans-0002,"Ok maybe that isn't the right question, but my question is can you text from a united states number when your in canada, can you send texts to another united states number?",english,content,3.6363636363636362,5.0,0,1.5,0.4411764705882353,37,0.0,3.0
answers-20111108105919AAHXkZF_ans-0001,What is the typical lifespan of a cat?,english,content,2.0,3.0,0,0,0.375,9,0.0,1.0
answers-20111108105919AAHXkZF_ans-0006,In your experience how long do cats do cats typically live?,english,content,3.3,2.0,0,6.0,0.6363636363636364,12,0.0,1.0
answers-20111108071852AAxbh5F_ans-0003,What do I do?,english,content,2.0,1.0,0,2.0,0.25,5,0.0,1.0
answers-20111108065707AAj7DaH_ans-0001,How to make a breyer horse stable?,english,content,2.0,3.0,0,3.0,0.7142857142857143,8,0.0,1.0
answers-20111108103914AAcdeIt_ans-0001,How can i get my kitten to stop biting when he plays?,english,content,1.9090909090909092,4.0,3.0,2.25,0.5833333333333334,13,75.0,4.0
answers-20111108102133AAwVd7m_ans-0001,Which rat cage is better?,english,content,1.5,2.0,0,0,0.6,6,0.0,1.0
answers-20111108111010AASEk0S_ans-0006,what are your suggestions and opinons?,english,content,1.6,3.0,0,0,0.3333333333333333,7,0.0,1.0
answers-20111106215236AAycANO_ans-0001,What are good places to eat brunch at? ?,english,content,1.7142857142857142,2.0,1.0,3.0,0.5,10,50.0,2.0
answers-20111107193815AAhaJjy_ans-0017,When was the last time you heard about a ship sinking?,english,content,2.0,5.0,2.0,2.0,0.5454545454545454,12,66.66666666666667,3.0
answers-20111108101300AAIAKXN_ans-0001,What are some fun things I could do while in Japan?,english,content,2.0,4.0,1.0,2.0,0.36363636363636365,12,50.0,2.0
answers-20111108101300AAIAKXN_ans-0002,I'll be in Okinawa for about a week so I was wondering what are some fun things I could do?,english,content,2.45,5.0,1.0,2.0,0.38095238095238093,22,100.0,3.0
answers-20111108101300AAIAKXN_ans-0005,How is the night life in Naha?,english,content,1.8333333333333333,3.0,0,0,0.5714285714285714,8,0.0,1.0
answers-20111108094927AA5NjHj_ans-0002,What size horse do i need?,english,content,1.6,3.0,0,2.0,0.5,7,0.0,1.0
answers-20111108094927AA5NjHj_ans-0003,"Im around 5'2 - 5'4 , 11 years old and im wondering what size horse i'll need that i wont grow out of quickly?",english,content,2.933333333333333,7.0,1.0,3.3333333333333335,0.3548387096774194,33,100.0,3.0
answers-20090605110235AAALlCt_ans-0001,Where in the world is Iguazu?,english,content,3.0,2.0,0,0,0.5,7,0.0,1.0
answers-20111108084416AAoPgBv_ans-0002,I am going to try and study aboard but idk where I can go I cannot decide where do you think would be the best place to go?,english,content,3.4642857142857144,5.0,1.0,2.25,0.4482758620689655,30,80.0,9.0
answers-20111108084416AAoPgBv_ans-0003,where would you go?,english,content,2.0,1.0,0,2.0,0.5,5,0.0,1.0
answers-20111108104551AAVAVQR_ans-0001,How can i make my Jack Dempsey reproduce?,english,content,2.2857142857142856,2.0,1.0,2.0,0.625,9,50.0,2.0
answers-20111108105029AARU1Lf_ans-0009,What could be the issue and can I try some home remedies first?,english,content,2.5,3.0,0,4.0,0.38461538461538464,14,0.0,2.0
answers-20111108101827AALT6Zq_ans-0024,"Why have a ""minimum "" if it is going to be ignored ?",english,content,2.6,3.0,2.0,2.6666666666666665,0.45454545454545453,14,66.66666666666667,3.0
answers-20111108073322AA27tkh_ans-0001,What is Italian High Renaissance?,english,content,2.0,2.0,0,0,0.6,6,0.0,1.0
answers-20111108111128AAwfype_ans-0001,"I'm American and I am going to the UK for the first time, what should I expect?",english,content,3.176470588235294,3.0,0,3.0,0.3333333333333333,20,0.0,3.0
answers-20111108092029AAsHTYP_ans-0001,What would you get if you cross a sussex male and a silkie female?,english,content,2.1538461538461537,4.0,1.0,3.0,0.42857142857142855,15,50.0,2.0
answers-20111108092029AAsHTYP_ans-0002,i had a sussex male and a pekin female i bought 2 silkies what would the sussex female and the silkie females would make ?,english,content,3.9565217391304346,4.0,0,2.6666666666666665,0.5,25,0.0,3.0
answers-20111108090616AAv6fpU_ans-0002,What do you think of these photos?,english,content,2.0,2.0,0,3.0,0.2857142857142857,8,0.0,1.0
answers-20111108090616AAv6fpU_ans-0004,What do you think of these photos?,english,content,2.0,2.0,0,3.0,0.2857142857142857,8,0.0,1.0
answers-20111107144339AA0qw5S_ans-0001,what are some unique customs in ireland?,english,content,1.8333333333333333,3.0,0,0,0.42857142857142855,8,0.0,1.0
answers-20111108102810AAfCh1W_ans-0010,So what about T.V.?,english,content,1.3333333333333333,2.0,0,0,0.5,5,0,0.0
answers-20111108090524AAofoXT_ans-0001,How much should I be looking at for horse transportation?,english,content,2.5555555555555554,2.0,0,3.0,0.5,11,0.0,1.0
answers-20111108090524AAofoXT_ans-0005,"If they ask how much I'm willing to pay, what is a good price range?",english,content,2.7333333333333334,5.0,3.0,2.5,0.5,18,75.0,4.0
answers-20111108104350AAp4hGP_ans-0001,How to convince my parents to let me get a Ball python?,english,content,1.8181818181818181,4.0,2.0,2.6666666666666665,0.5833333333333334,13,66.66666666666667,3.0
answers-20111108100419AAKZvMH_ans-0001,"My Snake's meal is TOO big, what can I do?",english,content,2.1,3.0,0,2.0,0.45454545454545453,13,0.0,2.0
answers-20111108100419AAKZvMH_ans-0006,"So my true question comes to this, how can I knock the rat out?",english,content,2.3076923076923075,3.0,0,4.0,0.5,16,0.0,2.0
answers-20111108111107AAlrzok_ans-0001,How to train my puppy ?,english,content,1.5,2.0,0,3.0,0.6,6,0.0,1.0
answers-20111108111107AAlrzok_ans-0007,Is there any way can let him know how to walk with leash ?,english,content,1.6666666666666667,6.0,3.0,2.0,0.5384615384615384,14,75.0,4.0
answers-20111108111107AAlrzok_ans-0010,How to prevent this ?,english,content,1.3333333333333333,1.0,0,3.0,0.5,5,0.0,1.0
answers-20111108064026AA86V9T_ans-0001,What sort of Hotel could I expect to find in New Delhi/Agra/Varanasi for rs500 per night?,english,content,2.3,4.0,1.0,3.0,0.42857142857142855,22,50.0,2.0
answers-20111108102428AAMzXRG_ans-0001,which one out of these makes the best pet?,english,content,2.125,3.0,0,2.0,0.4444444444444444,10,0.0,1.0
answers-20111108102428AAMzXRG_ans-0003,and why is the one a better pet?,english,content,3.5714285714285716,2.0,0,0,0.5,9,0.0,1.0
answers-20111108092321AAK0Eqp_ans-0001,what r the requirements to apply for a delay birth certificate in canada?,english,content,2.5833333333333335,4.0,1.0,3.0,0.46153846153846156,14,50.0,2.0
answers-20111108092321AAK0Eqp_ans-0002,what r the evidentary requirements to apply for a delay birth certificate in canada?,english,content,2.6153846153846154,4.0,1.0,3.0,0.5,15,50.0,2.0
answers-20111107155912AAS93e5_ans-0003,i want to know which you liked better and WHY?,english,content,1.6666666666666667,4.0,2.0,2.6666666666666665,0.5,11,66.66666666666667,3.0
answers-20111108102445AA5mfrq_ans-0001,What countries are the best to travel to?,english,content,1.4285714285714286,3.0,1.0,2.0,0.375,9,50.0,2.0
answers-20111108102445AA5mfrq_ans-0003,Where in the states could I go?,english,content,2.5,3.0,0,2.0,0.42857142857142855,8,0.0,1.0
answers-20111108102445AA5mfrq_ans-0004,Where in Europe?,english,content,1.5,2.0,0,0,0.6666666666666666,4,0,0.0
answers-20111108102445AA5mfrq_ans-0006,How long should I go for to each place?,english,content,2.25,2.0,0,3.0,0.4444444444444444,10,0.0,1.0
answers-20111108102445AA5mfrq_ans-0008,&Also how much money would I need?,english,content,3.0,3.0,0,4.0,0.625,9,0.0,1.0
answers-20111108102445AA5mfrq_ans-0018,What do you like to do?,english,content,2.2,2.0,1.0,2.0,0.3333333333333333,7,50.0,2.0
answers-20111108102445AA5mfrq_ans-0034,Does your budget limit you to how long you can stay in each place?,english,content,2.3846153846153846,3.0,1.0,3.5,0.42857142857142855,15,50.0,2.0
answers-20111108102445AA5mfrq_ans-0043,But where in nigeria?,english,content,1.3333333333333333,2.0,0,0,0.5,5,0,0.0
answers-20111108105749AABv7vx_ans-0001,How do you make your cat adjust to a new house?,english,content,2.2,3.0,1.0,2.5,0.5454545454545454,12,50.0,2.0
answers-20111108111031AARG57j_ans-0009,How do I train him to feel comfortable in his crate?,english,content,1.9,3.0,1.0,3.5,0.45454545454545453,12,50.0,2.0
answers-20111108111031AARG57j_ans-0019,"...but basically, what I do is the same thing I did with my puppy...lots of patience, lots of time, lots of praise, lots of treats, and lots of repition....Right?",english,content,4.366666666666666,4.0,1.0,2.0,0.5161290322580645,40,66.66666666666667,3.0
answers-20111107094641AATmyb6_ans-0001,where can I find the best tours to the Mekong Delta at reasonable prices?,english,content,2.6923076923076925,3.0,0,4.0,0.5714285714285714,15,0.0,1.0
answers-20111108103957AAcF3iZ_ans-0023,what are you having problems with?,english,content,2.6,3.0,0,2.0,0.3333333333333333,7,0.0,1.0
answers-20111108111312AAq4ETn_ans-0001,What to feed my dog after gastroenteritis?,english,content,1.8333333333333333,2.0,0,4.0,0.42857142857142855,8,0.0,1.0
answers-20111108111312AAq4ETn_ans-0011,I have tryed to give him water but he wont take it.. what should i do?,english,content,3.125,2.0,1.0,3.25,0.29411764705882354,19,50.0,4.0
answers-20111108082831AAco5PI_ans-0036,Why not just take your chances and do it your way?,english,content,1.9,3.0,0,4.0,0.5454545454545454,12,0.0,2.0
answers-20111107211742AAHZaPe_ans-0025,How would you know?,english,content,2.0,1.0,0,2.0,0.5,5,0.0,1.0
answers-20111107211742AAHZaPe_ans-0030,"Yes things like philosophy and fashion design are interesting, but how many jobs are out there for someone with these qualifications?",english,content,2.8,4.0,0,0,0.5238095238095238,23,0.0,2.0
answers-20111108105629AAiZUDY_ans-0001,why does my baby king snake refuse to eat?,english,content,2.625,2.0,1.0,2.0,0.6666666666666666,10,50.0,2.0
answers-20111108105629AAiZUDY_ans-0028,When you feed him how many pinkies do you feed him?,english,content,2.0,3.0,1.0,3.5,0.5454545454545454,12,50.0,2.0
answers-20111108110329AAxl1pb_ans-0002,how rough is too rough?,english,content,1.75,2.0,0,0,0.8,6,0.0,1.0
answers-20111107092617AAgKm4X_ans-0001,What was the goal for North Vietnam in the Tet offensive?,english,content,2.7,3.0,0,0,0.45454545454545453,12,0.0,1.0
answers-20111107175720AAlb2TB_ans-0001,When is the best time to travel to Ireland?,english,content,1.75,4.0,1.0,2.0,0.5555555555555556,10,50.0,2.0
answers-20111107175720AAlb2TB_ans-0007,Can anyone give me an idea of when the best time for us to go to Ireland would be?,english,content,2.8333333333333335,6.0,1.0,3.5,0.3684210526315789,20,66.66666666666667,3.0
answers-20111108065616AAKtL2c_ans-0003,What is the best time of year?,english,content,1.8333333333333333,3.0,0,0,0.42857142857142855,8,0.0,1.0
answers-20111108065616AAKtL2c_ans-0011,What is the best option?,english,content,2.0,2.0,0,0,0.4,6,0.0,1.0
answers-20111108065616AAKtL2c_ans-0012,"Especially if you are planning to spend couple days with family and kids, which best suit you can select?",english,content,2.6666666666666665,5.0,2.0,3.3333333333333335,0.5263157894736842,21,66.66666666666667,3.0
answers-20111108091921AAaLK4e_ans-0058,sorta wonder what it would have been like?,english,content,2.375,2.0,1.0,2.0,0.2222222222222222,10,50.0,2.0
answers-20111108091921AAaLK4e_ans-0072,"This is, after all, his business, and if he wants you to remain a customer why on earth is he doing shoddy work?",english,content,3.8181818181818183,5.0,2.0,3.6666666666666665,0.391304347826087,27,66.66666666666667,4.0
answers-20111108104724AAuBUR7_ans-0102,"Who knows what the future might hold, and it might be expensive?",english,content,3.1818181818181817,3.0,1.0,2.5,0.3333333333333333,14,50.0,3.0
reviews-348247-0006,How else can excellent be described for a business of this sort?,english,content,2.1818181818181817,3.0,0,4.0,0.5,13,0.0,1.0
reviews-127252-0003,I tell them: why not just go with these guys?,english,content,2.2222222222222223,3.0,1.0,3.5,0.5,12,50.0,2.0
reviews-022533-0005,What kind of rude service is that?,english,content,2.6666666666666665,2.0,0,0,0.42857142857142855,8,0.0,1.0
reviews-240287-0002,Boutique stores dealing in children's clothing/gifts are often outrageously priced (who wants to pay 40 dollars for a newborn onesie?),english,content,2.4545454545454546,5.0,1.0,2.75,0.6086956521739131,26,66.66666666666667,4.0
reviews-190256-0006,We have had nothing but compliments on our bathroom when guest come over- who would have guessed that one?,english,content,2.888888888888889,3.0,1.0,3.0,0.47368421052631576,21,50.0,3.0
reviews-275919-0006,How FusionRetail has overcome these issues ?,english,content,1.8,2.0,0,3.0,0.6666666666666666,7,0.0,1.0
reviews-275919-0009,How long does it take to train new people at work ?,english,content,1.6,4.0,1.0,2.5,0.6363636363636364,12,50.0,2.0
reviews-275919-0011,How fast your support queries get answered ?,english,content,2.0,2.0,0,3.0,0.7142857142857143,8,0.0,1.0
reviews-003418-0011,How much could it possibly cost?,english,content,2.2,2.0,0,3.0,0.6666666666666666,7,0.0,1.0
reviews-036753-0009,"From a moral standpoint,you guys are really gonna take 2,000 bucks from someone that needs that truck to work and support his family when you know its just a piece of scrap metal?",english,content,2.5142857142857142,7.0,2.5,3.0,0.5,38,83.33333333333333,7.0
reviews-361545-0007,"Whereas my answer to the question ""Where do you get your laundry done?"" used to be, ""At the checkout line at WalMart,"" I can honestly say the answer now is, ""At The Laundry Tub.""",english,content,3.8181818181818183,6.0,2.0,2.75,0.47058823529411764,45,80.0,5.0
reviews-162422-0004,"After a good few minutes, he asked: ""what do you want?""",english,content,2.6,2.0,1.0,2.5,0.45454545454545453,16,50.0,2.0
reviews-278775-0007,How has it gone so far?,english,content,1.8,2.0,0,3.0,0.6666666666666666,7,0.0,1.0
reviews-290594-0012,No business is going to push customers away without good reason; so isn't it reasonable to think they might know what they're doing?,english,content,2.5,5.0,2.5,2.6,0.48,27,83.33333333333333,6.0
reviews-351561-0014,he says: Why you tell me your in WARWICK TOWNSHIP?,english,content,2.5,3.0,1.0,3.0,0.45454545454545453,13,50.0,2.0
reviews-351561-0024,"Hmmm, she says, Then why are you calling here, we don't go past broad?",english,content,3.0,3.0,0,1.3333333333333333,0.4666666666666667,19,0.0,3.0
weblog-blogspot.com_aggressivevoicedaily_20060814163400_ENG_20060814_163400-0001,Remember when a whole lot of people had to die because a Swedish newspaper printed those cartoons of the Prophet Mohammed?,english,content,2.55,6.0,3.0,2.25,0.6190476190476191,22,75.0,4.0
weblog-blogspot.com_aggressivevoicedaily_20060814163400_ENG_20060814_163400-0008,"""Though we do not deny that fact that Jews were killed in the (second world) war, why should the Palestinians pay for it?""",english,content,3.5,5.0,1.0,4.0,0.43478260869565216,29,66.66666666666667,3.0
weblog-blogspot.com_alaindewitt_20060827093500_ENG_20060827_093500-0011,And what do we get for this effort?,english,content,2.2857142857142856,2.0,0,4.0,0.25,9,0.0,1.0
weblog-blogspot.com_tacitusproject_20040712123425_ENG_20040712_123425-0005,"After you are elected in 2004, what will your memoirs say about you, what will the title be, and what will the main theme say?",english,content,3.2083333333333335,3.0,1.0,4.333333333333333,0.28,29,50.0,4.0
weblog-typepad.com_ripples_20050410122300_ENG_20050410_122300-0003,"They have acquired Urchin, Zipdash, Applied Semantics, Picasa, Blogger, and satellite imaging company Keyhole, so why not Firefox?",english,content,4.529411764705882,5.0,0,1.5,0.7777777777777778,25,0.0,2.0
weblog-juancole.com_juancole_20040404101100_ENG_20040404_101100-0002,"How did the CPA get to the point where it has turned even Iraqi Shiites, who were initially grateful for the removal of Saddam Hussein, against the United States?",english,content,2.75,7.0,1.0,3.5,0.5517241379310345,32,66.66666666666667,3.0
weblog-juancole.com_juancole_20040404101100_ENG_20040404_101100-0003,"Where it risks fighting dual Sunni Arab and Shiite insurgencies simultaneously, at a time when US troops are rotating on a massive scale and hoping to downsize their forces in country?",english,content,2.7333333333333334,8.0,1.0,2.8,0.6451612903225806,33,75.0,5.0
weblog-juancole.com_juancole_20040404101100_ENG_20040404_101100-0004,"At a time when the Spanish, Thai and other contingents are already committed to leaving, and the UN is reluctant to get involved?",english,content,3.227272727272727,5.0,1.5,1.5,0.5652173913043478,26,100.0,4.0
weblog-juancole.com_juancole_20040404101100_ENG_20040404_101100-0027,The Army is unlikely to forgive or forget; but who provoked it and why?,english,content,2.0,3.0,1.0,2.3333333333333335,0.42857142857142855,16,50.0,4.0
weblog-juancole.com_juancole_20040404101100_ENG_20040404_101100-0030,Why were they suddenly acted on Saturday?,english,content,2.1666666666666665,1.0,0,6.0,0.5714285714285714,8,0.0,1.0
email-enronsent23_13-0007,you don't know what that means?,english,content,2.0,2.0,1.0,2.5,0.2857142857142857,8,50.0,2.0
email-enronsent23_13-0008,where did you grow up?,english,content,1.75,1.0,0,3.0,0.4,6,0.0,1.0
email-enronsent23_13-0011,should I be embarrassed that I haven't the slightest idea what that means?,english,content,2.0,4.0,1.0,3.0,0.35714285714285715,15,66.66666666666667,3.0
email-enronsent23_11-0011,why do you think they are mean?,english,content,2.0,2.0,1.0,3.0,0.42857142857142855,8,50.0,2.0
email-enronsent23_11-0013,why would you want a chihuahua?,english,content,1.8,2.0,0,3.0,0.5,7,0.0,1.0
email-enronsent23_14-0015,what do you mean i am perverted?,english,content,2.0,2.0,1.0,3.0,0.2857142857142857,8,50.0,2.0
email-enronsent28_03-0023,What's going on dude?,english,content,1.5,1.0,0,3.0,0.4,6,0.0,1.0
email-enronsent28_03-0037,How is it going?,english,content,2.0,1.0,0,2.0,0.5,5,0.0,1.0
email-enronsent01_01-0020,WHO WANTS TO HELP MILLIONS FOR UNITED WAY?,english,content,1.7142857142857142,3.0,1.0,2.5,0.625,9,50.0,2.0
email-enronsent01_01-0036,"also, what's the deal with the weather this weekend?",english,content,1.7777777777777777,4.0,0,0,0.4,12,0.0,1.0
email-enronsent01_01-0039,"Your father never listens to me, what can I say?",english,content,2.2222222222222223,2.0,0,3.0,0.4,12,0.0,2.0
email-enronsent01_01-0041,How are you?,english,content,1.5,1.0,0,0,0.3333333333333333,4,0.0,1.0
email-enronsent08_01-0017,How are things going with you?,english,content,1.8,2.0,0,3.0,0.5,7,0.0,1.0
email-enronsent29_01-0006,"In addition, I received feedback from our Gas Desk that the access to the Gas segment of Enron On-Line was cut off to CPS --- do you know who would handle this at Enron that we can speak to?",english,content,3.789473684210526,6.0,1.0,3.6,0.41025641025641024,43,66.66666666666667,5.0
email-enronsent29_01-0046,Could this be what your referencing?,english,content,2.0,2.0,1.0,1.0,0.14285714285714285,8,50.0,2.0
email-enronsent19_02-0046,How are you doing?,english,content,2.0,1.0,0,2.0,0.5,5,0.0,1.0
email-enronsent00_02-0055,Is this how your clients usually evaluate these properties?,english,content,1.75,3.0,1.0,3.0,0.5555555555555556,10,50.0,2.0
newsgroup-groups.google.com_alt.animals.badgers_2044a3376e5a87a5_ENG_20040529_135300-0001,are there any sadists out there who share the same tastes as i do ?,english,content,2.230769230769231,6.0,1.0,2.5,0.5,15,50.0,2.0
answers-20110909115731AAl3uzs_ans-0001,How much is a big mac in your country?,english,content,2.375,2.0,0,0,0.5555555555555556,10,0.0,1.0
answers-20090717131608AAqDfYJ_ans-0001,What foods do you eat in Miramar?,english,content,1.6666666666666667,2.0,0,3.0,0.42857142857142855,8,0.0,1.0
answers-20111108082957AAzQGgo_ans-0001,What influenced Picasso's cubism style of painting?,english,content,1.8571428571428572,3.0,0,2.0,0.625,9,0.0,1.0
answers-20080426141111AAgPUwU_ans-0001,What do you eat in Miramar?,english,content,1.8,2.0,0,3.0,0.3333333333333333,7,0.0,1.0
answers-20111106193025AA2h62V_ans-0002,I do hold a HHa certificate in the state of NY but I looking to move to Delaware anyone know how I can get certified in delaware?,english,content,2.8461538461538463,4.0,1.0,3.0,0.4444444444444444,28,66.66666666666667,5.0
answers-20111107213255AAT0HQq_ans-0001,How to prepare a silicon rubber mould for human statue of size 375mm in height?,english,content,2.066666666666667,5.0,0,4.0,0.625,17,0.0,1.0
answers-20111108084633AAzZD8i_ans-0001,How many days will speed post take to reach from Delhi to Mumbai?,english,content,1.8333333333333333,3.0,1.0,3.0,0.6923076923076923,14,50.0,2.0
answers-20111108092417AAt9bST_ans-0001,"What is the nearest National Park to Birmingham, UK?",english,content,2.125,3.0,0,0,0.5555555555555556,11,0.0,1.0
answers-20090705172848AAU56mj_ans-0002,When was Miramar founded?,english,content,2.0,1.0,0,3.0,0.75,5,0.0,1.0
answers-20111105145356AAtOJyP_ans-0001,What are some GOOD 18+ clubs in the bay area?,english,content,2.7,3.0,0,0,0.36363636363636365,12,0.0,1.0
answers-20100605133330AAeW6nm_ans-0001,I have hundreds of VHS movies lying around... what should I do with them?,english,content,2.5384615384615383,3.0,1.0,2.3333333333333335,0.5,16,50.0,3.0
answers-20111105140228AANN2ZV_ans-0001,What to do in San Rafael Ca?,english,content,2.1666666666666665,3.0,0,3.0,0.5714285714285714,8,0.0,1.0
answers-20111105140228AANN2ZV_ans-0002,okay so i live in San Rafael Ca like by the mi pueble and the Home Depot.. what are fun things to do around there?,english,content,2.8333333333333335,5.0,1.0,4.0,0.52,27,66.66666666666667,3.0
answers-20111105140228AANN2ZV_ans-0005,what about downtown...?,english,content,1.5,2.0,0,0,0.3333333333333333,5,0,0.0
answers-20090625143116AAhML1y_ans-0001,"Which of these do you like: McDonalds, Burger King, Taco Bell, Wendys?",english,content,2.8461538461538463,3.0,0,3.0,0.5,19,0.0,1.0
answers-20111024210339AAIqPa3_ans-0001,What is the dress code for males at Del Frisco's Philadelphia?,english,content,2.0,3.0,0,0,0.5,13,0.0,1.0
answers-20111024210025AAVtDL7_ans-0001,What is the dress code for females at Del Frisco's Philadelphia?,english,content,2.0,3.0,0,0,0.5,13,0.0,1.0
answers-20081229195853AAYQ8mR_ans-0002,How about empanadas arabes or other empanadas from that area of Argentina?,english,content,1.8181818181818181,5.0,0,0,0.5833333333333334,13,0,0.0
answers-20111108084227AAtbjAp_ans-0001,I sent a phone to Mobile Phone Exchange and it failed a test due to lost or stolen what should I do?,english,content,3.1904761904761907,4.0,0,3.0,0.5,23,0.0,4.0
answers-20111108084227AAtbjAp_ans-0002,I was sold a phone by a friend and sent it off to get it recycled what can i do?,english,content,2.9473684210526314,3.0,2.0,3.0,0.35,21,66.66666666666667,5.0
answers-20111107180248AAnQ3aE_ans-0001,Erm ya How can I watch Fair City Online in England lols?,english,content,3.0,2.0,0,0.0,0.5,13,0.0,1.0
answers-20111108083850AAzIsFI_ans-0001,Im in school for photography and i want to work in forensic so what else do i need to do.?,english,content,2.8,4.0,1.0,2.5,0.42857142857142855,22,66.66666666666667,5.0
answers-20111108072305AAPJTjj_ans-0002,Which one should i get ?,english,content,1.75,2.0,0,2.0,0.4,6,0.0,1.0
answers-20111106210027AAhMxfE_ans-0001,How can i get Weed in Auckland?,english,content,1.8333333333333333,2.0,0,4.0,0.5714285714285714,8,0.0,1.0
answers-20111106210027AAhMxfE_ans-0008,Why would someone post the location of a dealer in a public place?,english,content,2.5,3.0,0,4.0,0.46153846153846156,14,0.0,1.0
answers-20111107154308AAKOZNX_ans-0003,I should have asked then but i didn't the only line i remember is de lunde bar..or something like that.. does anybody know which song i am talking about?,english,content,3.066666666666667,4.0,1.0,2.5,0.25806451612903225,34,66.66666666666667,4.0
answers-20111106032810AA43zpY_ans-0001,What would happen if you flew the flag of South Vietnam in Modern day Vietnam?,english,content,2.2857142857142856,4.0,1.0,3.0,0.5333333333333333,16,50.0,2.0
answers-20111106213308AA5Nh2g_ans-0002,Where do we vote?,english,content,2.0,1.0,0,2.0,0.5,5,0.0,1.0
answers-20111106213308AA5Nh2g_ans-0004,Where do we vote?,english,content,2.0,1.0,0,2.0,0.5,5,0.0,1.0
answers-20111106213308AA5Nh2g_ans-0006,"And if anyone else has voted, what did you guys vote for?",english,content,3.272727272727273,3.0,1.0,3.5,0.3333333333333333,14,50.0,2.0
answers-20101109081414AAZ3hSI_ans-0001,What kind of Meal do peopel in Argentina have?,english,content,2.625,3.0,0,2.0,0.5555555555555556,10,0.0,1.0
answers-20111108103447AAI7MDa_ans-0001,why do i want to do work experience at an animal center?,english,content,2.1818181818181817,3.0,1.0,3.0,0.5833333333333334,13,50.0,2.0
answers-20111108103447AAI7MDa_ans-0003,How are strangers supposed to know why YOU want to do that sort of job?,english,content,1.7142857142857142,6.0,3.0,2.75,0.6,16,75.0,4.0
answers-20111107173110AA0lVuB_ans-0005,Does anyone have any ideas for restaurants within walking distance where I can't get lost?,english,content,2.2666666666666666,4.0,1.0,3.0,0.5,17,50.0,2.0
answers-20090717131757AAVh6rG_ans-0001,Why is the city called Miramar?,english,content,2.0,2.0,0,4.0,0.6666666666666666,7,0.0,1.0
answers-20090205181308AAZghOH_ans-0008,whose better looking ?,english,content,2.0,1.0,0,0,0.5,5,0.0,1.0
answers-20111108110008AA7xHnL_ans-0002,i am from mexico traveling to san francisco california one week i wanna meet american girls there where i can find them?,english,content,3.090909090909091,4.0,1.0,2.5,0.5652173913043478,24,100.0,4.0
answers-20070404104007AAY1Chs_ans-0001,"where can I get morcillas in tampa bay , I will like the argentinian type , but I will to try anothers please?",english,content,2.65,3.0,0,4.333333333333333,0.42857142857142855,24,0.0,3.0
answers-20111108081748AAkQhGe_ans-0001,how can you get wifi anywhere 24/7 on your apple ipod 8gb?,english,content,3.230769230769231,2.0,0,6.0,0.5,16,0.0,1.0
answers-20111107115952AAqfsHV_ans-0001,how are vietnam and Afghanistan alike?,english,content,3.0,3.0,0,0,0.6666666666666666,7,0.0,1.0
answers-20111107115952AAqfsHV_ans-0009,who fought the wars?,english,content,1.3333333333333333,2.0,0,2.0,0.5,5,0.0,1.0
answers-20111108105146AAtiEx7_ans-0001,What is your cats name and why did you name him/her that?,english,content,2.7142857142857144,4.0,0,5.0,0.26666666666666666,16,0.0,2.0
answers-20111108104131AAWUQHU_ans-0001,what does it mean when a veiled chameleon egg is soft?,english,content,2.8,3.0,1.0,3.0,0.5454545454545454,12,50.0,2.0
answers-20111107155302AAXXuM1_ans-0001,I have 24hrs in San Francisco - what are the best sights to see in my short time?,english,content,2.235294117647059,5.0,1.0,3.0,0.5,20,66.66666666666667,3.0
answers-20111107155302AAXXuM1_ans-0004,"We have limited time What are the best sights to see, geiven that we only have a short time?",english,content,2.6666666666666665,4.0,2.5,2.25,0.5789473684210527,21,80.0,5.0
answers-20111108071348AAWu2FU_ans-0007,What do french men find sexy?,english,content,2.0,2.0,0,3.0,0.6666666666666666,7,0.0,1.0
reviews-021370-0002,"It's fine for mass-market chocolate, but with companies like Scharffen Berger, TCHO, and smaller artisan chocolate makers in the area, why?",english,content,5.363636363636363,5.0,0,0,0.6086956521739131,29,0.0,1.0
