unique_id,text,language,type,avg_links_len,avg_max_depth,avg_subordinate_chain_len,avg_verb_edges,lexical_density,n_tokens,subordinate_proposition_dist,verbal_head_per_sent
ko_content_0,그렇다면 무엇이 현대인으로 하여금 이러한 새로운 물음을 묻지 않을 수 없게 만들어 주고 있는가?,korean,content,3.1538461538461537,2.0,1.0,0.0,0.7142857142857143,15,66.66666666666667,4.0
ko_content_1,그 이유는 무엇인가?,korean,content,1.0,2.0,0,1.0,0.6666666666666666,4,0.0,1.0
ko_content_2,"성경에는 하나님을 두려워하고 백성을 사랑하는 위대한 정치가들이 많이 나오는데, 한국교회에선 위대한 정치가들이 많이 나오지 못하는 이유가 어디에 있습니까?",korean,content,2.235294117647059,7.0,1.5,2.3333333333333335,0.8888888888888888,20,100.0,3.0
ko_content_3,그런 파렴치한 전과자들이 어떻게 면책특권까지 부여된 신성한 국회에 들어가서 올바른 정치를 할 수 있겠습니까?,korean,content,2.4615384615384617,4.0,1.0,1.2,0.9285714285714286,15,50.0,5.0
ko_content_4,법을 어기면서 금권타락선거를 조성하고 폭력을 앞세우는 사람이 대통령이 되면 앞으로 우리나라 꼴이 뭐가 되겠습니가?,korean,content,2.3076923076923075,5.0,0,2.5,0.7142857142857143,15,0.0,2.0
ko_content_5,일본과 같은 경제대국도 미국의 보호무역주의에 두 손을 드는 판국에 우리나라가 무슨 재주로 미국의 경제정책을 엿장수 맘대로 요리할 수 있겠습니까?,korean,content,2.4444444444444446,5.0,1.0,4.5,0.7894736842105263,20,50.0,2.0
ko_content_6,지극히 작은 약속시간도 제대로 지키지 못하는 사람이 어떻게 그보다 엄청난 큰 약속을 제대로 지킬 수 있겠습니까?,korean,content,2.0,5.0,2.0,2.6666666666666665,1.0,17,66.66666666666667,3.0
ko_content_7,상식에서 벗어난 사람이 어떻게 좋은 대통령이 될 수 있겠습니까?,korean,content,1.625,3.0,1.0,2.5,1.0,10,50.0,2.0
ko_content_8,시간도 지킬 줄 모르는 사람이 어떻게 국민들과의 큰 약속을 지킬 수 있겠습니까?,korean,content,1.7272727272727273,5.0,1.0,2.0,1.0,13,66.66666666666667,3.0
ko_content_9,경상도 사람들의 표 때문에 당선된 대통령이 경상도보다 먼저 전라도에 관심을 쏟는다면 얼마나 멋진 대통령이 될 수 있겠습니까?,korean,content,1.8125,7.0,1.0,2.0,0.9411764705882353,18,50.0,2.0
ko_content_10,"무슨 일이든지 시작하기는 쉽지만, 끝내기는 어렵기 때문에 용두사미라는 말이 종종 쓰이는 것 아니겠습니까?",korean,content,2.25,7.0,1.0,1.5,0.7692307692307693,15,100.0,2.0
ko_content_11,그리고 그 밖에 배경 좋은 공직자들과 재벌들이 가지고 있는 땅은 얼마나 많겠습니까?,korean,content,3.0,6.0,1.0,1.0,0.6666666666666666,13,100.0,1.0
ko_content_12,"이미 금싸라기가 된 땅과 앞으로 금싸라기가 될 땅은 그들이 다 차지해 버렸으니, 앞으로 우리 서민들은 어디서 쓸 만 한 땅을 구하겠습니까?",korean,content,2.9,5.0,1.0,2.3333333333333335,0.8095238095238095,23,83.33333333333333,6.0
ko_content_13,"언제 어떤 암초에 걸릴는지 모르는데, 누가 안개 자욱한 바다를 향해하려 하겠습니까?",korean,content,2.0,4.0,0,1.5,0.6363636363636364,13,0.0,2.0
ko_content_14,과연 이럴 때 우리 성도들은 어떻게 처신해야 좋겠습니까?,korean,content,2.2857142857142856,2.0,0,0.0,0.625,9,0,1.0
ko_content_15,그럼 우리 성도들은 어떻게 해야 합니까?,korean,content,1.8,2.0,0,3.0,0.5,7,0.0,1.0
ko_content_16,우리나라 국회의원선거가 왜 이 모양 이 꼴입니까?,korean,content,2.3333333333333335,2.0,0,4.0,0.7142857142857143,8,0.0,1.0
ko_content_17,우리가 돌보지 아니하면 누가 돌보겠습니까?,korean,content,1.5,2.0,1.0,2.0,0.4,6,50.0,2.0
ko_content_18,우리가 도와주지 아니하면 누가 도와주겠습니까?,korean,content,1.5,2.0,1.0,2.0,0.4,6,50.0,2.0
ko_content_19,우리는 지난 한해 동안 무엇을 심고 무엇을 거두게 되었습니까?,korean,content,2.25,4.0,1.0,1.3333333333333333,0.5555555555555556,10,100.0,3.0
ko_content_20,기독교인이 1천만명이나 된다는 우리 나라가 왜 무질서의 천국이 되었으며 왜 시한부 종말론자들의 온상이 되었습니까?,korean,content,2.4615384615384617,3.0,1.0,3.0,0.8571428571428571,15,50.0,2.0
ko_content_21,"그 사람들도 하나같이 우리의 이웃이요, 우리의 형제자매인데 왜 그렇게 되었습니까?",korean,content,2.6666666666666665,3.0,1.0,1.0,0.5,12,100.0,2.0
ko_content_22,강도 만난 사람을 도와 준 사람은 누구입니까?,korean,content,1.1666666666666667,5.0,1.5,1.0,1.0,8,75.0,4.0
ko_content_23,여러분 생각에는 과연 강도 만난 사람의 이웃은 누구라고 생각되십니까?,korean,content,2.125,5.0,1.0,1.0,0.7777777777777778,10,50.0,2.0
ko_content_24,우리가 말과 혀로만 사랑하면 재난 당한 L.A 교민들에게 무슨 유익이 있겠습니까?,korean,content,2.2,4.0,1.0,1.0,0.6363636363636364,12,100.0,1.0
ko_content_25,사랑하는 시민 여러분 세상에 큰 것을 싫어하는 사람이 어디 있겠습니까?,korean,content,2.111111111111111,4.0,1.0,1.0,0.8,11,100.0,2.0
ko_content_26,"작은 황금덩어리보다 큰 황금덩어리가 좋고, 13평짜리 아파트보다 70평짜리 아파트가 좋은 줄을 누가 모르겠습니까?",korean,content,2.3333333333333335,5.0,0,2.0,0.8461538461538461,15,0.0,1.0
ko_content_27,"그래도 세상 사람들보다 어디가 나아도 조금은 낫다는 기독교인들 가운데도 사람 구실을 못하고 사는 사람이 많으니, 세상 사람들은 오죽 하겠습니까?",korean,content,2.5,6.0,1.0,2.3333333333333335,0.8421052631578947,21,66.66666666666667,3.0
ko_content_28,나 자신의 가치관이 변화되지 않고 어떻게 타인의 가치관을 변화시킬 수 있겠습니까?,korean,content,1.6,4.0,1.0,2.5,0.7272727272727273,12,50.0,2.0
ko_content_29,"인기가 없어 따라 주는 사람이 적으면 자연히 교인의 머리 수가 줄어 들기 마련인데, 어느 목사가 그런 목회를 들겠습니까?",korean,content,2.235294117647059,5.0,2.0,1.1666666666666667,0.7777777777777778,20,80.0,6.0
ko_content_30,그런데 여러분은 과연 어느 편에 속한 사람입니까?,korean,content,2.6666666666666665,3.0,1.0,2.0,0.5714285714285714,8,50.0,2.0
ko_content_31,왜 이렇게 다리가 많았을까?,korean,content,2.0,1.0,0,0,0.75,5,0,0.0
ko_content_32,무엇이 달라지는가?,korean,content,1.0,1.0,0,1.0,0.5,3,0.0,1.0
ko_content_33,도시의 경관을 도시의 얼굴이라고 한다면 눈빛에 해당하는 것은 무엇일까?,korean,content,1.5,4.0,1.0,1.5,0.7777777777777778,10,50.0,2.0
ko_content_34,왜 그랬을까?,korean,content,1.0,1.0,0,1.0,1.0,3,0.0,1.0
ko_content_35,무엇이 진정한 아름다움일까?,korean,content,1.5,1.0,0,0.0,0.6666666666666666,4,0,1.0
ko_content_36,상품이란 무엇인가?,korean,content,1.0,1.0,0,1.0,1.0,3,0.0,1.0
ko_content_37,국가란 무엇인가?,korean,content,1.0,1.0,0,1.0,1.0,3,0.0,1.0
ko_content_38,도대체 무엇을 규제한단 말인가?,korean,content,1.3333333333333333,2.0,1.0,1.5,0.75,5,50.0,2.0
ko_content_39,그렇다면 맑스는 고타강령 비판에서 소위 정치적 과도기라는 의미를 어떻게 가정하고 있는가?,korean,content,3.2,3.0,1.0,3.5,0.7272727272727273,12,50.0,2.0
ko_content_40,먼저 프롤레타리아 독재란 무엇인가?,korean,content,1.6666666666666667,2.0,0,2.0,0.75,5,0.0,1.0
ko_content_41,그런데 국가란 무엇인가?,korean,content,1.5,1.0,0,2.0,0.6666666666666666,4,0.0,1.0
ko_content_42,소위 남한의 PDR이란 무엇인가?,korean,content,1.6666666666666667,2.0,0,2.0,1.0,5,0.0,1.0
ko_content_43,왜 노동자의 꾸가에서 노동자의 상태개선이 아니라 농민의 상태개선인가?,korean,content,2.2857142857142856,3.0,0,3.0,0.875,9,0.0,1.0
ko_content_44,그렇다면 스탈린의 범죄행위와 사회주의 노선의 왜곡과 포기는 구체적으로 어떠한 것이었는가?,korean,content,2.6666666666666665,5.0,1.0,2.0,0.7,11,50.0,2.0
ko_content_45,도대체 그는 어떻게 죽음을 맞이할 수 있었을까?,korean,content,2.0,2.0,0,5.0,0.7142857142857143,8,0.0,1.0
ko_content_46,1941년 도대체 어떤 해인가?,korean,content,2.0,1.0,0,1.5,1.0,5,0.0,2.0
ko_content_47,계급존재가 사멸되어 그 투쟁이 없어진 이상 정치적 지배가 무슨 필요가 있는가?,korean,content,2.1,5.0,0,1.0,0.7272727272727273,12,0,1.0
ko_content_48,역사적 현실을 통해 배우지 않는다면 이론의 할 일이란 도대체 무엇이란 말인가?,korean,content,1.7,5.0,1.5,1.25,0.8181818181818182,12,75.0,4.0
ko_content_49,그의 심리 비평은 두브로브스치의 왜신비평인가?에서 비판되었다.,korean,content,1.6,2.0,0,2.0,0.8333333333333334,7,0.0,1.0
ko_content_50,그러면 무엇을 전하는 신앙인가?,korean,content,1.6666666666666667,2.0,1.0,1.5,0.5,5,50.0,2.0
ko_content_51,그런데 그들이 앞장서서 옛 종교건물을 팔고 신개발지구로 가서 땅투기의 세태에 가세했다는 사실을 우리의 후세들이 어떻게 평가할 것인가?,korean,content,2.6875,6.0,1.0,2.3333333333333335,0.5882352941176471,18,66.66666666666667,3.0
ko_content_52,우리는 어떤 근거에서 그들을 광신이라고 말할 수 있는가?,korean,content,2.0,3.0,0,1.6666666666666667,0.75,9,0.0,3.0
ko_content_53,그들의 행동이 건강한 종교행위와 어떤 점에서 그 성격을 달리하고 있는가?,korean,content,2.3333333333333335,3.0,1.0,1.0,0.6,11,100.0,3.0
ko_content_54,"어째서 우리 사회에는 이런 일들이 알게 모르게, 여러 종교에서 그렇게도 많이 일어나고 있는가?",korean,content,3.4166666666666665,3.0,0,3.0,0.6923076923076923,15,0.0,2.0
ko_content_55,어째서 그들 사이에는 쉽게 친구가 될 수 있을까?,korean,content,2.0,2.0,0,5.0,0.875,9,0.0,1.0
ko_content_56,동물이 소년 소녀의 성장과 무슨 직접적인 관계가 있겠습니까?,korean,content,2.7142857142857144,3.0,1.0,0.0,0.75,9,100.0,1.0
ko_content_57,아까 여기에 오는 길에 있는 소나무에 솔잎이 얼마나 붙어 있었소?,korean,content,1.6666666666666667,6.0,1.0,2.0,0.9,11,100.0,1.0
ko_content_58,돌부처 냉가슴 앓는 데는 무엇이 약이오?,korean,content,1.4,3.0,1.0,2.0,0.8333333333333334,7,50.0,2.0
ko_content_59,그렇다면 자네가 오는 길에 본 소의 털이 모두 얼마나 되는지 알기나 하는가?,korean,content,2.3636363636363638,6.0,1.0,1.3333333333333333,0.75,13,66.66666666666667,3.0
ko_content_60,아이가 꿈 속에서 외뿔박이 도깨비와 싸운다는 것은 얼마나 환상적입니까?,korean,content,2.0,5.0,0,2.0,0.8888888888888888,10,0.0,2.0
ko_content_61,깔끔하고 말쑥한 동화의 차림새는 무엇보다도 소년 소녀들의 마음의 빛이요 모습이라고 생각되지 않는지요?,korean,content,2.272727272727273,3.0,0,1.0,0.6666666666666666,13,0.0,2.0
ko_content_62,릴케가 파리에서 아내 클라라에게 보낸 이 편지의 한 구절은 마치 무슨 불가사의한 주문 같지 않습니까?,korean,content,2.2142857142857144,4.0,1.0,1.5,0.8,16,100.0,2.0
ko_content_63,"전환의 계기 또는 역전의 동기, 이를테면 야구의 9회 말 만루역전 홈런에 비유할 수 있는 극적인 변화는 무엇으로 해서 동화에 주어질까요?",korean,content,2.6315789473684212,5.0,1.0,2.0,0.9,22,50.0,3.0
ko_content_64,신데렐라 이야기에서 만약 호박을 황금 마차로 탈바꿈시키는 장면이 없었더라면 얼마나 삭막했겠습니까?,korean,content,2.4,5.0,1.0,2.0,0.9090909090909091,12,50.0,2.0
ko_content_65,가령 <황금 돼지 이야기> 에서 보완 시련이 어떻게 나타나고 있나 살펴볼까요?,korean,content,2.1,4.0,1.0,2.0,0.7272727272727273,14,50.0,2.0
ko_content_66,누가 어디서 어떻게 살고 있나?,korean,content,1.0,3.0,0,1.0,0.4,6,0.0,1.0
ko_content_67,"그럼, 이 종자돈 300만 원을 어떻게 활용하면 좋을 것인가?",korean,content,2.125,3.0,1.0,0.0,0.5555555555555556,11,100.0,1.0
ko_content_68,"근래 영업사원이 ""오를 것으로 예상되는데, 어떻게 좀더 사시겠습니까?"" 라고 전화를 걸어 왔는데.",korean,content,4.545454545454546,3.0,1.0,2.0,0.75,17,100.0,3.0
ko_content_69,왜 그럴까?,korean,content,1.0,1.0,0,1.0,1.0,3,0.0,1.0
ko_content_70,"나는 직감적으로 무엇인가 이 나라에 심상치 않은 일이 벌어진 것을 깨닫고는 자리에서 일어서며 다짜고짜 `왜, 무슨 일이요?' 하고 물었다.",korean,content,4.888888888888889,7.0,1.5,1.8,0.6842105263157895,24,100.0,5.0
ko_content_71,"고르비는 현재 어디에 있으며, 그에게 무슨 일이 있는가?",korean,content,2.142857142857143,3.0,0,0,0.75,10,0,0.0
ko_content_72,옐친의 포고령에 대해서는 어떻게 생각하는가?,korean,content,1.25,3.0,0,2.0,0.8,6,0.0,1.0
ko_content_73,대통령 유고시 부통령이 권한을 대행하는 것일 뿐인데 어째서 정부전복인가?,korean,content,1.875,3.0,2.0,2.3333333333333335,0.8888888888888888,10,66.66666666666667,3.0
ko_content_74,어떻게 당신이 비상위원회를 설치할 수 있는가?,korean,content,1.6,2.0,0,4.0,0.8333333333333334,7,0.0,1.0
ko_content_75,세상에 어느 나라 어느 역사의 쿠데타나 혁명이 구체제의 법적 질서에 의해 그 행위의 정당성을 입증하려 했던가?,korean,content,2.2666666666666666,5.0,0,3.0,0.625,17,0.0,1.0
ko_content_76,뿌치 지도부가 중앙아시아 출신의 이민족으로 탱크 주력군을 삼은 이유는 무엇일까?,korean,content,1.7777777777777777,5.0,1.0,2.0,1.0,11,50.0,2.0
ko_content_77,'당신은 지금 여기에 무엇 때문에 왔는지 아는가?' 병사는 머뭇거리며 대답을 못했다.,korean,content,2.5,5.0,1.0,2.5,0.6363636363636364,15,100.0,2.0
ko_content_78,그러나 우리에게 뻬레스트로이카와 자유는 누가 주었는가?,korean,content,2.8,2.0,0,4.0,0.5,7,0.0,1.0
ko_content_79,왜 군은 게까쩨페 (비상위원회) 의 명령을 듣지 않았는가?,korean,content,4.0,3.0,0,3.0,0.625,11,0.0,1.0
ko_content_80,백악관측엔 어떤 군사적 지원이 있었는가?,korean,content,2.0,2.0,0,0,0.8,6,0,0.0
ko_content_81,도대체 왜 고르비는 리슈꼬프와 빠블로프 등 매우 단견적인 인물들에 의해 경제정책을 입안하게 했는가?,korean,content,2.8333333333333335,5.0,1.0,2.5,0.7692307692307693,14,50.0,2.0
ko_content_82,그러면 임화가 말하는 인물과 환경의 조화란 과연 무엇인가?,korean,content,2.4285714285714284,2.0,1.0,2.0,0.75,9,50.0,3.0
ko_content_83,그러면 이러한 현상을 어떻게 극복할 수 있을까?,korean,content,1.6666666666666667,2.0,0,2.0,0.7142857142857143,8,0.0,2.0
ko_content_84,그러면 소설 속에서 적극적 주인공이 필요없다면 어떻게 전형성을 통해 작품의 주제를 이끌어 낼 수 있을까?,korean,content,2.7142857142857144,3.0,1.0,0.0,0.8,16,50.0,2.0
ko_content_85,지구는 어디에서 왔는가?,korean,content,1.5,1.0,0,2.0,1.0,4,0.0,1.0
ko_content_86,"예를 들어 축구경기장의 관람자는 다른 곳에서보다 휘파람을 부는 것 같은 불만행위 표출에 쉽게 참여하는데, 어떻게 이러한 명백한 현상이 생겨날까?",korean,content,3.2222222222222223,5.0,1.0,1.25,0.7894736842105263,21,50.0,4.0
ko_content_87,즉 사람은 미디어와 무엇을 하는가?,korean,content,2.5,2.0,0,3.0,0.4,6,0,1.0
ko_content_88,미디어는 어떻게 구성되는가?,korean,content,1.5,1.0,0,2.0,0.6666666666666666,4,0.0,1.0
ko_content_89,왜 텔레비전과 스포츠 사이뿐만 아니라 텔레비전 보도자와 텔레비전 소비자 사이의 교환적 관계는 예외적인 것을 만들어내는가?,korean,content,3.0714285714285716,5.0,1.0,2.0,0.8,16,50.0,2.0
ko_content_90,그럼 광주에서 미국의 어떤 행태가 그러한 심오한 인식의 변화를 초래한 것인가?,korean,content,3.1,3.0,1.0,1.25,0.8181818181818182,12,50.0,4.0
ko_content_91,"오히려 다실과 조선민가의 유사성으로부터 배우는 것은, 직접적인 영향관계가 아니고, 양국문화의 공유부분이 무엇인가 하는 점이 아닐까?",korean,content,3.2857142857142856,6.0,1.3333333333333333,0.75,0.8666666666666667,18,100.0,4.0
ko_content_92,"1982년에 처음 출판한 한 저서에 그는 아예 ""문학이란 무엇이었나?"" 라는 제목을 붙이고 있다.",korean,content,3.5833333333333335,3.0,1.0,2.6666666666666665,0.6923076923076923,17,66.66666666666667,3.0
ko_content_93,이렇게 적지 않은 문학가들이 주장하듯이 문학이 죽음을 맞이했다면 그 원인은 어디에 있을까?,korean,content,2.272727272727273,4.0,0,0,0.5833333333333334,13,0,0.0
ko_content_94,문학은 과연 무엇때문에 20세기 후반에 이르러 종말을 맞이하게 되었을까?,korean,content,2.375,3.0,1.0,2.5,0.8888888888888888,10,50.0,2.0
ko_content_95,도대체가 치안 1위라는 나라에서 어떻게 10만 명이라는 군대 이상의 폭력 조직이 존속할 수 있을까?,korean,content,3.076923076923077,3.0,1.0,2.3333333333333335,0.9285714285714286,15,66.66666666666667,3.0
ko_content_96,어느 정도일까?,korean,content,1.0,1.0,0,1.0,0.5,3,0.0,1.0
ko_content_97,1991년 모든 방송국이 집계했던 올해의 10대 뉴스 1 위는 무엇이었을까?,korean,content,2.111111111111111,4.0,1.0,1.5,0.9,11,50.0,2.0
ko_content_98,그렇다면 도대체 뭐가 일본의 1 위란 말인가?,korean,content,3.1666666666666665,2.0,0,4.0,0.5714285714285714,8,0.0,1.0
ko_content_99,그렇다면 대체 노자의 진짜 성은 무엇이었을까?,korean,content,2.6,2.0,0,3.0,0.8333333333333334,7,0.0,1.0
ko_content_100,"특히 노자의 사상은 다른 무엇보다도 우선 ""도의 가르침"" 이 아닌가?",korean,content,4.555555555555555,2.0,1.0,2.0,0.9,13,100.0,1.0
ko_content_101,"""소련이 될 모양이야."" ""아니, 뭐라구?"" KBS 홍성규 차장이 급히 외무부 기자실로 연락을 취했다.",korean,content,3.0,4.0,3.0,2.25,0.9230769230769231,21,75.0,4.0
ko_content_102,저 사람이 왜 나왔지?,korean,content,1.3333333333333333,2.0,0,2.0,0.75,5,0.0,1.0
ko_content_103,"내 혀가 온전한가, 어떤가?",korean,content,1.3333333333333333,3.0,1.0,1.0,0.75,6,50.0,2.0
ko_content_104,어떻게 이런 일이 일어날 수 있을까?,korean,content,1.4,2.0,0,1.5,0.8333333333333334,7,0.0,2.0
ko_content_105,무엇이 관광인가?,korean,content,1.0,1.0,0,1.0,0.5,3,0.0,1.0
ko_content_106,왜 관광을 하는가?,korean,content,1.5,1.0,0,2.0,1.0,4,0.0,1.0
ko_content_107,그러면 이들은 왜 관광을 하는가?,korean,content,2.5,1.0,0,4.0,0.6,6,0.0,1.0
ko_content_108,때문에 누가 관광객인가?,korean,content,1.5,1.0,0,2.0,0.3333333333333333,4,0.0,1.0
ko_content_109,어디로 갈 것인가?,korean,content,1.0,1.0,1.0,1.0,1.0,4,50.0,2.0
ko_content_110,"니카라과 혁명사회 건설과정, 혹은 혁명의 과도기에서의 주요한 전략이 프롤레타리아 독재가 아니라 어떤 다른 형태였다는 사실이 분명해진다면, 이것이 갖는 의미는 무엇인가?",korean,content,2.4210526315789473,7.0,1.0,1.4,0.8,23,66.66666666666667,5.0
ko_content_111,그렇다면 그 무엇에 해당하는 새로운 사회구성체의 본질은 무엇인가?,korean,content,2.2857142857142856,4.0,1.0,1.5,0.75,9,50.0,2.0
ko_content_112,만약 이 새로운 사회구성체의 성격이 사회주의적이라면 이행기 사회구성체의 성격은 무엇인가?,korean,content,2.111111111111111,3.0,0,2.0,0.8,11,0.0,1.0
ko_content_113,"그렇다면 니카라과 혁명 이후의 혁명사회 건설과정의 성격, 다시 말해 그 일반적 성격과 특수적 성격은 무엇인가?",korean,content,3.5,4.0,0,4.0,0.7333333333333333,17,0.0,1.0
ko_content_114,철학에서는 무엇을 문제로 하는가?,korean,content,2.0,1.0,0,3.0,0.75,5,0.0,1.0
ko_content_115,자네 생각은 어떤가?,korean,content,1.0,2.0,0,1.0,0.6666666666666666,4,0.0,1.0
ko_content_116,"자, 당신은 인간으로서 이것에 어떻게 답할 것인가?",korean,content,2.8333333333333335,1.0,1.0,3.0,0.5714285714285714,9,50.0,2.0
ko_content_117,그 이유는 무엇인가?,korean,content,1.0,2.0,0,1.0,0.6666666666666666,4,0.0,1.0
ko_content_118,그러면 인간의 육체에 영혼이 깃들어서 그 움직임을 지배하고 있다는 사고는 어디에서 생긴 것인가?,korean,content,2.25,5.0,1.0,2.0,0.6923076923076923,14,66.66666666666667,3.0
ko_content_119,유럽은 어디서부터 어디까지인가?,korean,content,1.5,1.0,0,2.0,1.0,4,0.0,1.0
ko_content_120,왜 통합이 필요한가?,korean,content,1.5,1.0,0,2.0,1.0,4,0.0,1.0
ko_content_121,그렇다면 우리민족의 음악관은 무엇인가?,korean,content,1.6666666666666667,2.0,0,2.0,0.5,5,0.0,1.0
ko_content_122,흑인을 노예 취급하는 게 그처럼 부당하다면 왜 그들을 노예로 사고 팔았을까?,korean,content,2.2,5.0,1.0,3.0,0.7272727272727273,12,100.0,2.0
ko_content_123,"출판사는 왜 자신들이 보지도 않을 책을 만들고, 제화점에선 신지도 않을 구두를 만드는 걸까?",korean,content,3.0833333333333335,5.0,0,1.5,0.7692307692307693,15,0.0,2.0
ko_content_124,걸인을 보고 불쌍하다고 생각하는 건 어째서 당연한 일일까?,korean,content,1.4285714285714286,5.0,0,1.0,0.875,9,0.0,4.0
ko_content_125,그러면 이 두 게임에서 장종훈 선수의 타율은 얼마일까?,korean,content,2.4285714285714284,3.0,0,3.0,0.625,9,0.0,1.0
ko_content_126,그렇다면 우리는 분수 계산법이 언제나 타당하다는 믿음을 다시 한번 생각해 보고 의심해 봐야 하지 않을까?,korean,content,3.0,5.0,1.0,2.25,0.6666666666666666,16,50.0,4.0
ko_content_127,"아니, 어떤 물음이신지요?",korean,content,2.0,1.0,0,1.0,0.6666666666666666,5,0.0,2.0
ko_content_128,그는 왜 대답을 하지 못했을까?,korean,content,1.75,1.0,1.0,2.0,0.8,6,50.0,2.0
ko_content_129,과연 누가 수수께끼를 풀어 장자를 설득시킬 것인지?,korean,content,1.6666666666666667,2.0,1.0,2.0,0.7142857142857143,8,50.0,2.0
ko_content_130,염라국에서 장자에 대한 판결은 또 어떻게 날 것인지?,korean,content,2.0,3.0,1.0,1.6666666666666667,0.875,9,66.66666666666667,3.0
ko_content_131,일이 이렇게 되면 당황하지 않을 사람이 어디 있겠습니까?,korean,content,2.0,3.0,1.0,1.0,0.625,9,100.0,2.0
ko_content_132,"그렇다면 대체 무얼 근거로 판단을 해야 할지, 누구를 평가해야하는지 모를 일 아니겠나?",korean,content,2.6363636363636362,6.0,3.0,2.0,0.6666666666666666,14,100.0,3.0
ko_content_133,"꿈 속에서 한 일 역시 내가 한 일인데, 그것에 대해서는 왜 책임을 지지 않는가?",korean,content,1.7692307692307692,6.0,1.0,2.0,0.7857142857142857,16,66.66666666666667,3.0
ko_content_134,"셋째는 장 선생님 말마따나 꿈속에서 한 일 역시 내가 한 일인데, 그것에 대해서는 왜 책임을 지지 않는가?",korean,content,2.9375,5.0,1.0,2.3333333333333335,0.7647058823529411,19,66.66666666666667,3.0
ko_content_135,해보지도 않고 시합에 이겼다는 주장이 대체 어디 있니?,korean,content,2.142857142857143,4.0,0,1.0,0.625,9,0,1.0
ko_content_136,그러니 과연 논리적 사고 규칙을 얼마나 믿어도 좋을지 의심해 봐야 하지 않겠어요?,korean,content,2.6363636363636362,4.0,1.0,2.0,0.6666666666666666,13,50.0,2.0
ko_content_137,"그런데 육체가 어떤 항구성, 지속성을 갖고 있나요?",korean,content,3.3333333333333335,3.0,0,1.5,0.7142857142857143,9,0.0,2.0
ko_content_138,"어렸을 적 제 얼굴을 아는 사람이, 늙고 병들어 누워 있는 제 모습을 보고 같은 사람이라고 판단할 가능성이 과연 얼마나 될까요?",korean,content,2.1052631578947367,9.0,1.0,1.4,0.75,22,66.66666666666667,5.0
ko_content_139,이 완전한 원에 대한 관념은 어디서 생겨나는 걸까요?,korean,content,1.2857142857142858,5.0,1.0,1.0,0.875,9,66.66666666666667,4.0
ko_content_140,그런데 이 여인이 존재라는 속성을 갖지 않는다면 어떻게 되겠습니까?,korean,content,2.125,2.0,1.0,1.25,0.6666666666666666,10,66.66666666666667,4.0
ko_content_141,다른 건 다 완전하게 갖추었는데 존재하지 않는다면 그게 어디 완전한 미인인가요?,korean,content,1.9,4.0,1.0,1.6666666666666667,0.6363636363636364,12,50.0,3.0
ko_content_142,그럼 사물은 어떻게 운동할까요?,korean,content,2.0,1.0,0,3.0,0.5,5,0.0,1.0
ko_content_143,대체 당신은 무엇이 해결되었다고 생각하지요?,korean,content,2.25,2.0,0,2.0,0.6,6,0.0,2.0
ko_content_144,고령화 사회가 도래하면 우리사회에는 어떤 문제가 발생할 것인가?,korean,content,1.7142857142857142,3.0,1.0,2.0,0.625,9,50.0,2.0
ko_content_145,그렇다면 앞으로 산업활동에 필요한 노동력의 수요와 공급은 어떤 상황이 될 것인가?,korean,content,2.3,5.0,1.0,2.0,0.7272727272727273,12,50.0,3.0
ko_content_146,미래에는 어떤 상품이 등장할까?,korean,content,1.6666666666666667,2.0,0,2.0,0.75,5,0.0,1.0
ko_content_147,위대한 이 시대에 우리가 세계 문화에 무슨 공헌을 했습니까?,korean,content,2.5,2.0,0,2.0,0.6666666666666666,10,0.0,2.0
ko_content_148,도대체 당신들 서양 사람들 중에서 몇 사람이나 내 이름의 유래를 알고 있겠소?,korean,content,2.6363636363636362,3.0,0,4.0,0.8333333333333334,13,0.0,1.0
ko_content_149,조상들로부터 전해 내려오는 긍지가 무엇인지 알기나 하겠어요?,korean,content,1.3333333333333333,4.0,1.0,1.5,0.7142857142857143,8,50.0,2.0
ko_content_150,과거를 재창조해 보려는 시도에서 우리는 얼마나 멀 과거까지 거슬러 올라가야 하는가?,korean,content,2.3,4.0,2.0,1.6666666666666667,0.7272727272727273,12,66.66666666666667,3.0
ko_content_151,그게 뭐요?,korean,content,1.0,1.0,0,1.0,0.5,3,0.0,1.0
ko_content_152,이 이상한 생물체가 찾고 싶어하는 게 어떤 성운입니까?,korean,content,1.4285714285714286,4.0,2.0,0.8,0.875,9,66.66666666666667,5.0
ko_content_153,왜 금권선거가 한국선거의 특징이 되겠는가?,korean,content,2.25,2.0,0,3.0,1.0,6,0.0,1.0
ko_content_154,이러한 막대한 선거비용이 과연 어떻게 충당되는 것일까?,korean,content,1.5,2.0,1.0,1.0,0.8571428571428571,8,50.0,3.0
ko_content_155,"통 반장이 전입, 전출 서류에 형식적으로 도장 찍어주는 일 이외에 구체적으로 하는 일이 무엇인가?",korean,content,2.1538461538461537,6.0,1.0,2.3333333333333335,1.0,16,66.66666666666667,3.0
ko_content_156,그러면 새 정부가 수행해야 할 시대적 과업은 무엇인가?,korean,content,2.142857142857143,4.0,1.0,1.5,0.75,9,50.0,2.0
ko_content_157,농민들이 이루고자 했던 사회의 도덕적 가치는 무엇인가?,korean,content,1.6666666666666667,3.0,1.0,1.0,0.8571428571428571,8,50.0,2.0
ko_content_158,그렇다면 갑오경장과 적대관계였던 농민군의 반봉건성은 어떻게 규정되어야 하는가?,korean,content,2.0,4.0,0,1.5,0.5,9,0.0,2.0
ko_content_159,"1894 년 농민전쟁의 객관적 정세와 주체, 그리고 원인에 대해 위와 같이 보았을 때 농민군이 지향하는 바는 어떻게 정리될 수 있을까?",korean,content,2.0526315789473686,8.0,1.0,2.3333333333333335,0.65,22,66.66666666666667,3.0
ko_content_160,그렇다면 1876 1894 년에 침략을 주도한 청과 일본의 자본주의 발전수준은 어느 정도였을까?,korean,content,2.3636363636363638,7.0,1.0,2.5,0.6666666666666666,13,50.0,2.0
ko_content_161,왜 우리를 이렇게 만드느냐?,korean,content,2.0,1.0,0,3.0,0.5,5,0.0,1.0
ko_content_162,그러기에 엑스포는 무엇인가?,korean,content,1.5,1.0,0,2.0,1.0,4,0.0,1.0
ko_content_163,그러나 그중에서 가장 중심이 되는 것은 무엇일까?,korean,content,2.3333333333333335,3.0,1.0,2.5,0.8571428571428571,8,50.0,2.0
ko_content_164,그렇다면 이러한 경제력의 부침을 결정하는 관건은 무엇인가?,korean,content,2.0,4.0,1.0,1.0,0.8571428571428571,8,50.0,3.0
ko_content_165,그렇다면 어떻게 자그마한 섬나라에 불과한 영국이 해가 지지 않는 나라를 만들며 '팩스 브리태니카시대' 를 이끌 수 있었을까?,korean,content,4.125,5.0,1.0,3.0,0.7058823529411765,20,100.0,2.0
ko_content_166,그렇다면 이러한 디지털혁명에 뒤이은 21 세기의 기술신대륙은 과연 무엇일까?,korean,content,2.25,4.0,1.0,1.3333333333333333,0.7777777777777778,10,50.0,3.0
ko_content_167,그러나 마치 만화영화와도 같은 이 일이 가능해진다면 우리 생활은 어떻게 변할까?,korean,content,2.5,4.0,0,4.0,0.5454545454545454,12,0.0,1.0
ko_content_168,테라비트 광통신은 어떻게 가능할까?,korean,content,1.3333333333333333,2.0,0,2.0,0.75,5,0.0,1.0
ko_content_169,사회적 경제적으로 어떤 영향을 미칠 것인가?,korean,content,1.4,2.0,1.0,1.5,0.8333333333333334,7,50.0,2.0
ko_content_170,그러면 그런 전화는 어떻게 처리하는가?,korean,content,2.0,2.0,0,3.0,0.4,6,0.0,1.0
ko_content_171,우리가 의미하는 순수한 물질이란 무엇인가?,korean,content,1.25,3.0,1.0,0.6666666666666666,0.8,6,50.0,3.0
ko_content_172,조성이란 무엇을 의미하는가?,korean,content,1.5,1.0,0,2.0,0.6666666666666666,4,0.0,1.0
ko_content_173,그러나 기원전 3 세기나 2 세기에 누가 그러한 일을 하겠다고 생각했겠는가?,korean,content,3.2,4.0,0,1.6666666666666667,0.5454545454545454,12,0.0,3.0
ko_content_174,그러나 누가 아리스토텔레스와 엠페도클레스를 의심했겠는가?,korean,content,2.5,2.0,0,3.0,0.4,6,0.0,1.0
ko_content_175,"이러한 말은 ""쌀값이 얼마인가?"" ""교통사고 났어"" 와 같은 말과는 구별되는 점이 있다.",korean,content,3.1818181818181817,6.0,1.0,1.5,0.9166666666666666,18,100.0,4.0
ko_content_176,공부는 왜 하는가?,korean,content,1.5,1.0,0,2.0,1.0,4,0.0,1.0
ko_content_177,사람은 무엇 때문에 사는가?,korean,content,1.6666666666666667,2.0,0,2.0,0.75,5,0.0,1.0
ko_content_178,진리란 무엇인가?,korean,content,1.0,1.0,0,1.0,1.0,3,0.0,1.0
ko_content_179,"대수롭지 않은 생각이지만, 그 눈의 느낌이 얼마나 참신하고 개성적인가?",korean,content,2.125,4.0,0,2.0,0.5555555555555556,11,0,1.0
ko_content_180,그런데 이 여러 가지 가능한 말들 가운데에서 하필이면 어느 하나의 말을 가지고 특별한 경우에 실수로 말하도록 강요하는 것은 무엇인가?,korean,content,3.0555555555555554,7.0,0,1.0,0.6842105263157895,20,0.0,4.0
ko_content_181,그러면 실수로 한 말 자체에 의미가 있다고 함은 어떤 뜻일까?,korean,content,2.2222222222222223,5.0,1.0,2.3333333333333335,0.8,11,66.66666666666667,3.0
ko_content_182,우리는 왜 사는 것일까?,korean,content,1.3333333333333333,1.0,1.0,1.5,0.75,5,50.0,2.0
ko_content_183,"이처럼 한국에 관련된 역사 전반에 걸친 왜곡이 10년에 이른 지금 얼마나 시정되었고, 또 그들은 시정하기 위해 얼마나 노력하였는가?",korean,content,2.411764705882353,9.0,1.0,1.8,0.7777777777777778,20,100.0,5.0
ko_content_184,이처럼 한국인의 역량과 역할이 배제된 상황에서는 도저히 역사 그 자체를 설명할 수 없는 일본의 고대사를 그들 사학은 어떻게 보고 있는가?,korean,content,2.0526315789473686,7.0,1.0,3.0,0.8,21,66.66666666666667,3.0
ko_content_185,일본이 이민족의 침입을 받지 않았다는 사실과 한국이 오랜 동안 중국의 지배하에 있었다는 사실에서 일본 사학이 궁극적으로 표현하고자 하는 바는 무엇인가?,korean,content,2.5789473684210527,5.0,1.0,2.0,0.85,21,66.66666666666667,3.0
ko_content_186,"왜 한국의 역사가 일본 사학에 의해 훼손되고, 왜곡되는 작폐를 그대로 방치해 둔 것일까?",korean,content,2.8333333333333335,6.0,1.0,1.75,0.8461538461538461,15,66.66666666666667,4.0
ko_content_187,그러면 역사적 사실로서의 규정이 애매한 임나 일본부에 대한 주장의 근거로서 채택되고 있는 사료는 무엇인가?,korean,content,2.076923076923077,10.0,1.0,1.25,0.8571428571428571,15,66.66666666666667,4.0
ko_content_188,즉 이 칠지도를 백제가 왜에게 하사했는가?,korean,content,2.4,2.0,0,4.0,0.6666666666666666,7,0.0,1.0
ko_content_189,아니면 왜왕에게 바쳤는가?,korean,content,1.5,1.0,0,2.0,0.6666666666666666,4,0.0,1.0
ko_content_190,그러나 같은 시기에 왜왕의 직위보다 훨씬 높은 칭호를 부여받았던 백제왕이 왜왕에게 조공을 바치는 등의 해괴한 일에 대해선 어떻게 설명하겠는가?,korean,content,2.5555555555555554,10.0,1.0,2.0,0.8947368421052632,20,66.66666666666667,4.0
ko_content_191,그럼에도 불구하고 서로 전혀 다른 이질 문화와의 연계성을 주장하는 논리적 배경은 무엇인가?,korean,content,2.090909090909091,8.0,1.0,1.0,0.9166666666666666,13,100.0,2.0
ko_content_192,"그러나 ""대륙에서 온 도래인"" 이라면 과연 누구를 지칭하는 것일까?",korean,content,2.75,3.0,1.5,2.0,0.6666666666666666,12,75.0,4.0
ko_content_193,과연 아스카 문화와 관련하여 대륙 (여기에서 대륙이라면 분명 중국을 의미할 텐데) 에서 온 도래인은 누구였다는 말인가?,korean,content,4.266666666666667,8.0,1.0,1.6,0.75,19,75.0,5.0
ko_content_194,"아스카 문화에 기여한 남북조인들은 구체적으로 누구였으며, 백제와 고구려인들이 어째서 대륙에서 온 도래인이 될 수 있다는 말인가?",korean,content,2.7333333333333334,5.0,1.0,1.75,0.875,18,66.66666666666667,4.0
ko_content_195,우주는 어디서 왔을까?,korean,content,1.5,1.0,0,2.0,1.0,4,0.0,1.0
ko_content_196,우주는 언제나 여기에 머무는가?,korean,content,2.0,1.0,0,3.0,1.0,5,0.0,1.0
ko_content_197,우주에 관해서 우리는 무엇을 알고 있으며 또 어떻게 그것을 알게 되었을까?,korean,content,3.0,2.0,1.0,0.3333333333333333,0.36363636363636365,12,66.66666666666667,3.0
ko_content_198,"우주는 어디서 왔으며, 어디로 가고 있는 것일까?",korean,content,2.1666666666666665,2.0,1.0,1.5,0.7142857142857143,9,100.0,2.0
ko_content_199,시간이란 무엇인가?,korean,content,1.0,1.0,0,1.0,1.0,3,0.0,1.0
ko_content_200,별들은 모두 어떤 한 점으로 떨어져 버리는 것이 아닐까?,korean,content,2.5,4.0,2.0,1.0,0.8888888888888888,10,100.0,3.0
ko_content_201,그렇다면 우리는 어떻게 별의 종류를 구별할 수 있었을까?,korean,content,2.2857142857142856,2.0,0,5.0,0.625,9,0.0,1.0
ko_content_202,도대체 어떻게 우리들은 이처럼 자연스럽게 가이아의 한 부분으로 동화될 수 있을까?,korean,content,3.2,2.0,0,6.0,0.6363636363636364,12,0.0,1.0
ko_content_203,도대체 어떻게 해야 오감으로 가이아를 인식할 수 있는 것일까?,korean,content,2.25,2.0,1.0,2.0,0.8888888888888888,10,50.0,3.0
ko_content_204,물리학자들 중에는 소위 그들이 말하는 '소프트 사이언스' 에 대하여 무지한 것을 오히려 자랑스럽게 생각하는 사람들이 얼마나 많은가?,korean,content,2.75,7.0,1.0,1.6666666666666667,0.7647058823529411,20,100.0,3.0
ko_content_205,생물화학자들 중에 자기 주변의 야생화 이름을 손꼽을 수 있는 사람이 과연 몇이나 될까?,korean,content,2.25,6.0,1.0,3.0,0.9230769230769231,14,50.0,2.0
ko_content_206,그런데 우리들은 왜 지구와 지구의 생물들을 함께 다루어야만 할까?,korean,content,3.375,3.0,0,0,0.5555555555555556,10,0,0.0
ko_content_207,과연 화성에 생물체를 이식시키는 존재는 무엇일까?,korean,content,2.0,3.0,1.0,2.0,1.0,7,50.0,2.0
ko_content_208,만약 이처럼 부적절한 설명이 우리에게 허락된 생명에 관한 정의라면 과연 나는 이런 전제하에서 어떻게 가이아의 생명성을 정의해야만 할까?,korean,content,3.1176470588235294,4.0,1.0,0.75,0.7777777777777778,19,100.0,4.0
ko_content_209,도대체 어떻게 박테리아와 나무와 동물들이 적절한 환경 조건을 결정하기 위하여 회의를 개최할 수 있겠는가?,korean,content,3.3076923076923075,4.0,1.0,2.3333333333333335,0.7142857142857143,15,50.0,3.0
ko_content_210,어떻게 생물들이 산소의 농도를 정하기 위하여 회의를 개최할 수 있겠는가?,korean,content,2.3333333333333335,4.0,1.0,3.0,0.8,11,50.0,2.0
ko_content_211,어떻게 생물들이 산소의 농도를 21 퍼센트로 유지시키고 기온을 섭씨 20 도로 조절할 수 있겠는가?,korean,content,3.230769230769231,3.0,0,5.0,0.7142857142857143,15,0,1.0
ko_content_212,가이아 모델은 어떤 점에서 이제까지의 생물 지구 화학적 모델들과 다를까?,korean,content,2.7777777777777777,3.0,0,0.0,0.9,11,0,1.0
ko_content_213,그러면 가이아는 도대체 무엇인가?,korean,content,2.0,1.0,0,3.0,0.75,5,0.0,1.0
ko_content_214,"""가이아란 무엇인가?"" 하는 질문을 추구하면서 우리들은 어느 정도 해답을 발견하였다.",korean,content,2.111111111111111,4.0,2.0,1.6666666666666667,0.7,14,100.0,3.0
ko_content_215,도대체 이러한 이론이 무슨 쓸모가 있겠는가?,korean,content,2.2,2.0,0,0.0,0.8333333333333334,7,0,1.0
ko_content_216,이 돌중 녀석은 브래지어의 훅이 어디에 있는지 알기나 할까?,korean,content,1.75,3.0,0,0,0.6666666666666666,10,0,0.0
ko_content_217,"만약 알고 있다면 열반경 (涅槃經), 반야경 (般若經) 등 그 많은 불경 (佛經) 중 어느 대목에 세존 (世尊) 의 말씀으로 기록되어 있을까?",korean,content,5.35,3.0,1.0,3.0,0.7619047619047619,31,50.0,2.0
ko_content_218,나는 용의 어디쯤에 붙어 있는 것일까?,korean,content,1.6,2.0,1.0,1.5,0.6666666666666666,7,50.0,2.0
ko_content_219,왜 귀중한 생명을 체념하려 합니까?,korean,content,1.5,2.0,0,1.0,0.8,6,0.0,2.0
ko_content_220,나는 어떤 빛깔일까?,korean,content,1.5,1.0,0,1.0,0.6666666666666666,4,0.0,2.0
ko_content_221,어떤 빛깔로 어둠 속에서 한 점 반딧불 같이 반짝이는 삶을 가진 것일까?,korean,content,1.9090909090909092,6.0,1.0,1.25,0.8333333333333334,13,66.66666666666667,4.0
ko_content_222,그런데 왜 마담으로 변모해 버린 걸까?,korean,content,1.8,1.0,1.0,1.6666666666666667,0.8333333333333334,7,66.66666666666667,3.0
ko_content_223,그런데 청초한 백합처럼 신성하게 보이는 까닭은 무엇 때문일까?,korean,content,2.142857142857143,4.0,1.0,1.6666666666666667,0.625,9,50.0,3.0
ko_content_224,술을 마시며 무엇을 생각하고 있었지?,korean,content,1.25,2.0,0,1.0,0.4,6,0,1.0
ko_content_225,어디가 좋을까?,korean,content,1.0,1.0,0,0,0.5,3,0,0.0
ko_content_226,어떻게 할까?,korean,content,1.0,1.0,0,0.0,0.5,3,0.0,1.0
ko_content_227,무엇을 하는 여자일까?,korean,content,1.0,2.0,1.0,1.0,0.6666666666666666,4,50.0,2.0
ko_content_228,그런데 왜 내 주변을 기웃거려 본 것일까?,korean,content,2.0,2.0,1.0,1.6666666666666667,0.7142857142857143,8,66.66666666666667,3.0
ko_content_229,나는 무엇을 위해 살아 왔는가?,korean,content,1.5,2.0,1.0,1.5,0.4,6,50.0,2.0
ko_content_230,왜 그것을 이제야 깨달았을까?,korean,content,2.0,1.0,0,3.0,0.75,5,0.0,1.0
ko_content_231,러시아 땅에 전기와 기계가 소나기처럼 퍼부어졌는데도 낙원의 여왕은 왜 오지 않았을까?,korean,content,1.9,3.0,0,3.0,0.8181818181818182,12,0.0,1.0
ko_content_232,돈키호테의 판단 착오는 어디에서 연유한 것일까?,korean,content,1.4,2.0,1.0,1.5,1.0,7,50.0,2.0
ko_content_233,신나는 혁명 권력을 장악한 볼셰비키는 그것으로 무슨 일을 하였던가?,korean,content,1.75,4.0,1.0,1.3333333333333333,0.8888888888888888,10,66.66666666666667,3.0
ko_content_234,나아가 부르주아지의 사유 재산을 몰수하여 국유화한 마당에 이런 사회를 사회라 부르지 않는다면 무엇을 사회주의라 부를 수 있단 말인가?,korean,content,1.8235294117647058,6.0,1.5,1.25,0.7777777777777778,19,85.71428571428571,8.0
ko_content_235,어느 정도였던가?,korean,content,1.0,1.0,0,1.0,0.5,3,0.0,1.0
ko_content_236,어디에서 탈출구를 찾을 것인가?,korean,content,1.3333333333333333,1.0,1.0,1.5,1.0,5,50.0,2.0
ko_content_237,그런데 그 이별의 모티프가 남녀간의 애증의 갈등에서 오는 것이라기보다는 삶의 어려움에서 비롯된 것처럼 느껴 지는 까닭은 무엇일까?,korean,content,2.6875,7.0,2.0,1.8,0.8823529411764706,18,80.0,5.0
ko_content_238,그리고 어느 집단이 민중진영 혹은 우리 당만큼 근로대중의 이익을 대변하기 위해 스스로 고민하고 노력했단 말인가?,korean,content,3.7857142857142856,6.0,1.0,2.3333333333333335,0.6666666666666666,16,50.0,3.0
ko_content_239,왜 이런 현상이 생겼는가?,korean,content,1.6666666666666667,2.0,0,1.0,1.0,5,0.0,2.0
ko_content_240,그런데 대안이란 무엇인가?,korean,content,1.5,1.0,0,2.0,0.6666666666666666,4,0.0,1.0
ko_content_241,우리나라 재벌이 모델로 삼고 있는 일본은 어떤가?,korean,content,1.3333333333333333,4.0,1.0,1.5,0.8571428571428571,8,50.0,2.0
ko_content_242,토지는 어떤가?,korean,content,1.0,1.0,0,1.0,1.0,3,0.0,1.0
ko_content_243,중소기업의 토대가 허약한 가운데 재벌기업이 쓰러지면 그 혼란을 누가 감당할 수 있을 것인가?,korean,content,1.5833333333333333,5.0,1.0,2.0,0.8461538461538461,14,50.0,3.0
ko_content_244,"일한 만큼 더 많은 대가를 받고, 더 많은 보람을 주어진다면 모르겠지만 그렇지 않은 바에야 제조업에 남아 있을 이유가 무엇인가?",korean,content,2.388888888888889,6.0,1.0,1.0,0.7368421052631579,21,66.66666666666667,4.0
ko_content_245,이런 상태에서 어떻게 노동자들이 기업의 주인된 자세로 일을 할 수가 있다는 말인가?,korean,content,2.6363636363636362,4.0,1.0,2.0,0.9166666666666666,13,66.66666666666667,4.0
ko_content_246,자본주의란 무엇인가?,korean,content,1.0,1.0,0,1.0,1.0,3,0.0,1.0
ko_content_247,어떻게 하면 경영상태를 객관적으로 파악할 수 있을까?,korean,content,1.5,2.0,0,4.0,0.7142857142857143,8,0.0,1.0
ko_content_248,아니면 주변 어디에 남아있는 걸까?,korean,content,1.5,2.0,1.0,1.5,0.8,6,50.0,2.0
ko_content_249,과연 우리가 언제 영국 수준에 이를까?,korean,content,2.8,2.0,0,4.0,0.8333333333333334,7,0.0,1.0
ko_content_250,과연 언제 지금 정도의 영국 수준에 이를 것인가?,korean,content,2.4285714285714284,3.0,1.0,2.0,1.0,9,50.0,2.0
ko_content_251,우리는 교육 투자를 얼마나 늘려야 우리의 2 세들이 이런 환경에서 공부할 수 있을까?,korean,content,2.0,3.0,0,2.0,0.6923076923076923,14,0.0,2.0
ko_content_252,영국은 어떤 나라일까?,korean,content,1.5,1.0,0,1.0,1.0,4,0.0,2.0
ko_content_253,도대체 어떻게 이처럼 보수적인 국민들이 산업 혁명을 선도하였고 지금도 선진 고학 기술을 보유하고 있는가?,korean,content,2.8461538461538463,4.0,1.0,2.5,0.7857142857142857,15,100.0,2.0
ko_content_254,어떻게 뿌리 깊은 지역 감정이 미봉될 수 있을까?,korean,content,1.7142857142857142,3.0,0,3.0,0.875,9,0.0,1.0
ko_content_255,과연 영국과 대륙의 거리는 얼마나 먼가?,korean,content,2.2,3.0,0,0,0.8333333333333334,7,0,0.0
ko_content_256,"영국의, 그 대국의 자존심은 어디로 갔는가?",korean,content,1.6,3.0,0,2.0,0.8333333333333334,8,0.0,1.0
ko_content_257,도대체 왜 세계 대전의 전승국이었던 영국이 계속 쇠략의 길을 걸어야 했던가?,korean,content,2.3,4.0,1.0,2.5,0.9090909090909091,12,50.0,2.0
ko_content_258,무슨 비행기를 타고 왔나?,korean,content,1.0,2.0,0,0.0,0.5,5,0,1.0
ko_content_259,왜 안쪽에서 열 수 없는가?,korean,content,1.25,2.0,0,3.0,1.0,6,0.0,1.0
ko_content_260,파르메니데스 편의 성과를 결여한 노고가 어떻게 해서 절대자가 정신이라는 진정한 결과를 증명한다는 것인가?,korean,content,2.0,5.0,1.0,1.0,0.9230769230769231,14,75.0,6.0
ko_content_261,"본질적인 진술에 관계되는 본래적으로 철학적인 영역에서, 예컨대 정의의 경우 술어란 진정으로 무엇인가?",korean,content,2.3636363636363638,4.0,1.0,1.75,1.0,14,75.0,4.0
ko_content_262,무엇에 의해서 그것으로부터 회화를 궤변가처럼 하여 혼란시키는 술 (術) 을 제거할 수 있는가?,korean,content,2.1666666666666665,5.0,1.0,1.5,0.7692307692307693,16,50.0,2.0
ko_content_263,헤겔이 그러한 확실성을 가지고서 아리스토텔레스 속에 사변적인 것을 알아차린다는 것은 무엇에 의해서 가능하게 되었던 것일까?,korean,content,2.142857142857143,6.0,1.0,1.1666666666666667,0.8666666666666667,16,100.0,6.0
ko_content_264,의식이란 어떻게 해서 자기 의식이 될까?,korean,content,2.4,2.0,0,1.5,0.6666666666666666,7,0.0,2.0
ko_content_265,혹은 어떻게 해서 자신이 자기 의식임을 자각하게끔 될까?,korean,content,2.4285714285714284,2.0,1.0,1.3333333333333333,0.625,9,50.0,3.0
ko_content_266,그러면 자본주의와 공산주의의 이론 및 실제 경험이 우리에게 가르치는 바는 무엇인가?,korean,content,2.7,5.0,1.0,2.0,0.7272727272727273,12,50.0,2.0
ko_content_267,왜 이처럼 한국과 인도 간에 성장실적의 차이가 나는가?,korean,content,3.0,3.0,0,4.0,0.875,9,0.0,1.0
ko_content_268,그러면 한국은 세계경제의 지역주의 추세에 어떻게 대응해야 하는가?,korean,content,2.5714285714285716,2.0,0,4.0,0.625,9,0.0,1.0
ko_content_269,그러면 우리가 과학기술을 발전시킬 수 있는 구체적인 방법은 무엇인가?,korean,content,2.375,4.0,1.0,1.6666666666666667,0.7777777777777778,10,66.66666666666667,3.0
