unique_id,text,language,avg_max_depth,avg_subordinate_chain_len,avg_verb_edges,lexical_density,n_tokens,question_type,complexity_score
korean_content_10491,2018년 사법고시에 합격한 사람은 몇 명인가?,ko,1.184,1.0,0.3,1.0,2.079,0,5.563
korean_content_7488,누가 첫번째 활을 발명했는가?,ko,-0.816,0.0,0.4,0.75,1.792,0,2.126
korean_polar_342,양반은 보통 유학을 업(業)으로 하고 아무 제한 없이 관료로 승진할 수 있나요?,ko,0.864,1.0,0.5,0.75,2.708,1,5.822
korean_polar_25,DNA는 이중나선 구조로 되어 있나요?,ko,-1.136,0.0,0.5,0.8,1.946,1,2.11
korean_polar_23,16세기 이탈리아의 신학자인 조르다노 부르노(코페르니쿠스의 태양중심설을 옹호했음)는 붙박이별들은 태양과 비슷하며 그 주위는 우리 태양계처럼 행성들이 돌고 있다고 주장했나요?,ko,3.864,1.0,0.5,0.7,3.135,1,9.199
korean_content_3105,말레이시아에서 세금 부과되는 최저 월급은 얼마인가?,ko,0.184,1.0,0.3,1.0,2.079,0,4.563
korean_polar_13,아서왕 이야기는 실제로 있었던 이야기인가?,ko,-1.136,0.0,0.5,1.0,1.946,1,2.31
korean_content_5925,소크라테스는 언제 태어났는가?,ko,-1.816,0.0,0.4,1.0,1.609,0,1.193
korean_content_4015,그리스어로 미의 여신은 누구인가?,ko,-0.816,0.0,0.4,1.0,1.792,0,2.376
korean_polar_373,전기적 위치 에너지는 전하량과 전위의 곱으로 나타내나요?,ko,-0.136,0.0,0.5,0.857,2.197,1,3.418
korean_polar_319,북학파를 중상학파라고도 하나요?,ko,-1.136,0.0,0.25,1.0,1.609,1,1.723
korean_content_271,2018년 장수말벌에 의해 사망한 사람은 몇 명인가?,ko,1.184,1.0,0.4,0.857,2.197,0,5.638
korean_content_1690,세이난 전쟁이 일어나게된 배경은 무엇인가?,ko,1.184,1.0,0.2,1.0,1.946,0,5.33
korean_content_9599,콘스탄티노폴리스 공방전의 승자는 누구인가?,ko,0.184,0.0,0.2,1.0,1.792,0,3.176
korean_polar_142,"무함마드 사후, 이슬람은 신도의 장로 중에서 교통(敎統)의 후계자인 칼리파를 선출하였나요?",ko,0.864,1.0,0.625,0.917,2.773,1,6.179
korean_polar_118,"유대교, 기독교, 그리고 이슬람교의 교리에서는 전지전능한 유일신이 세계를 창조했다고 주장하나요?",ko,1.864,0.0,0.333,0.9,2.639,1,5.736
korean_polar_250,적색편이는 물체가 내는 빛의 파장이 늘어나 보이는 현상인가요?,ko,1.864,1.0,0.333,0.875,2.303,1,6.375
korean_polar_180,구조 미치타카는 후지와라 씨의 지파 구조 가문인가요?,ko,-1.136,0.0,0.75,1.0,2.197,1,2.811
korean_polar_252,근육에 자극을 가하면 먼저 근섬유 막에 흥분이 생기나요?,ko,-1.136,0.0,1.0,0.875,2.303,1,3.042
korean_polar_197,오늘날의 법치주의 사상은 고대 그리스의 플라톤(Plato)의 법사상에 기원을 두고 있나요?,ko,0.864,0.0,0.75,0.75,2.708,1,5.072
korean_content_11420,왕건의 고향은 어디인가?,ko,-0.816,0.0,0.2,1.0,1.609,0,1.993
korean_content_4977,원자력발전소의 한해 평균 유지비용은 얼마인가?,ko,-0.816,0.0,0.2,1.0,1.946,0,2.33
korean_polar_232,대뇌는 감각과 수의 운동의 중추인가요?,ko,-0.136,0.0,0.5,0.8,1.946,1,3.11
korean_content_4542,오스만 제국의 폐망 시기는 언제인가요?,ko,0.184,0.0,0.2,1.0,1.946,0,3.33
korean_polar_280,가톨릭교회의 모든 전례를 통틀어 가장 중심이 되는 것은 성체성사를 포함하는 미사(성찬예배 (동방 교회)인가요?,ko,2.864,1.0,0.5,1.0,2.833,1,8.197
korean_polar_111,예쁜꼬마선충은 자궁 안에서 알의 상태로 난할을 계속하나요?,ko,-1.136,0.0,1.0,1.0,2.197,1,3.061
korean_content_8948,게르만 족은 어느 지역에 살았나?,ko,-0.816,0.0,0.4,0.8,1.946,0,2.33
korean_polar_322,신토는 일본의 민속 신앙인가요?,ko,-2.136,0.0,0.75,1.0,1.792,1,1.406
korean_content_6524,한국에서 가장 오래된 신문사는 무엇인가?,ko,0.184,1.0,0.3,1.0,1.946,0,4.43
korean_content_219,야구를 처음 시작한 나라는 어디인가?,ko,0.184,1.0,0.3,1.0,1.946,0,4.43
korean_polar_234,스케티스 계곡의 수도원들은 중세 시대에 나타나게 되었던 듯한 대규모의 중앙집권화된 공동체들인가요?,ko,-0.136,1.667,0.35,1.0,2.565,1,5.446
korean_polar_92,날다람쥐가 날 수 있을까?,ko,-1.136,0.0,0.5,1.0,1.792,1,2.156
korean_content_5119,2013년 대한민국의 지도자는 누구인가?,ko,-0.816,0.0,0.4,1.0,1.792,0,2.376
korean_content_1922,텍사스 주에서 가장 큰 도시는 무엇인가?,ko,1.184,0.0,0.2,1.0,2.079,0,4.463
korean_polar_4,리투아니아는 발트 3국 가운데 가장 인구가 넓나요?,ko,-0.136,0.0,1.0,1.0,2.197,1,4.061
korean_content_8997,유언자가 손으로 직접 쓰는 형식의 유언은 어떤 유언을 말하나요?,ko,0.184,1.0,0.333,1.0,2.398,0,4.915
korean_polar_86,찰스 다윈은 생물학자 프랜시스 골튼의 외사촌 형인가요?,ko,-1.136,0.0,0.75,1.0,2.197,1,2.811
korean_polar_31,러시안 룰렛은 2명이 하는 게임인가요?,ko,-1.136,1.0,0.375,0.8,1.946,1,2.985
korean_content_3406,한국외국어대학교는 언제 만들어 졌는가?,ko,-1.816,1.0,0.3,1.0,1.792,0,2.276
korean_content_8936,함안군의 군장은 누구인가요?,ko,-0.816,0.0,0.2,1.0,1.609,0,1.993
korean_content_6616,일본의 평균 강수량은 얼마인가요?,ko,-0.816,0.0,0.2,1.0,1.792,0,2.176
korean_content_4585,"2019년 5월 기준, 세상에서 가장 키가 큰 사람은 누구인가?",ko,0.184,0.0,0.4,1.0,2.485,0,4.069
korean_content_2597,조선에서 가장 오랜기간 왕의 자리를 지킨 인물은 누구인가?,ko,3.184,1.0,0.3,1.0,2.303,0,7.787
korean_content_7419,일본 원자력 위원회는 언제 설립 되었나요?,ko,0.184,0.0,0.6,1.0,2.079,0,3.863
korean_content_2779,나무의 수명을 어떻게 계산하는가?,ko,-0.816,0.0,0.4,0.75,1.792,0,2.126
korean_content_5933,창씨개명을 한 사람은 몇 명인가?,ko,0.184,1.0,0.3,1.0,1.946,0,4.43
korean_content_229,세상에서 가장 긴 시집은 무엇인가?,ko,0.184,0.0,0.2,1.0,1.946,0,3.33
korean_content_5545,닥터 후의 장르는 무엇인가요?,ko,0.184,0.0,0.2,1.0,1.792,0,3.176
korean_content_8002,태풍은 최대 풍속 몇 이상의 현상을 말하나요?,ko,1.184,0.0,0.4,1.0,2.197,0,4.781
korean_content_10729,몽골 국제전화 번호는 무엇인가요?,ko,0.184,0.0,0.2,1.0,1.792,0,3.176
korean_polar_165,소리의 높낮이는 진동수에 의해서만 결정되나요?,ko,-1.136,0.0,0.5,1.0,1.946,1,2.31
korean_polar_237,"다른 법률행위를 보충, 확정하는 행위를 무엇이라 하나요?",ko,1.864,1.0,0.333,1.0,2.303,1,6.5
korean_polar_256,제3궤조 방식은 전기 철도의 역사에서 내장 축전지 다음으로 가장 오래된 급전 방식인가요?,ko,0.864,1.0,0.75,0.917,2.639,1,6.17
korean_polar_331,베네치아는 최근 지구 온난화로 인해 가라앉고 있나요?,ko,-0.136,0.0,0.75,0.714,2.197,1,3.525
korean_content_10098,풋볼과 사커의 차이는 무엇인가?,ko,0.184,0.0,0.2,0.75,1.792,0,2.926
korean_polar_369,목탁수구리는 점토질 지형을 좋아하나요?,ko,-1.136,0.0,0.5,1.0,1.792,1,2.156
korean_content_4142,한국 표준과학연구원의 소재진지는 어디인가요?,ko,0.184,0.0,0.2,1.0,1.792,0,3.176
korean_polar_117,약제가 든 흡입제를 증기에 추가하여 기침을 줄이는데 도움을 주나요?,ko,1.864,1.0,0.375,0.778,2.398,1,6.415
korean_content_1146,장미의 기사는 언제 첫 공연을 열었는가?,ko,-0.816,0.0,0.6,0.833,2.079,0,2.696
korean_polar_366,십이분위각(十二分位角) 또는 세미섹스타일(Semi-sextile 또는 SSx)은 30°의 각도인가요?,ko,-0.136,0.0,0.75,0.4,2.639,1,3.653
korean_polar_88,PowerVR 칩셋은 3D 처리에 타일 기반 지연된 렌더링을 사용하나요?,ko,0.864,1.0,0.5,0.778,2.398,1,5.54
korean_polar_107,주식회사는 주식으로 세분화된 일정한 자본을 가진 회사를 말하나요?,ko,1.864,1.0,0.25,1.0,2.303,1,6.417
korean_content_3575,2019년 상반기 리버풀의 감독은 누구인가?,ko,0.184,0.0,0.4,1.0,1.946,0,3.53
korean_content_11101,존 조지 테리는 국가대표팀에서 몇번 활동했나요?,ko,-0.816,0.0,0.6,1.0,2.079,0,2.863
korean_content_5125,러시아는 세계에서 몇 번째로 큰 국가인가?,ko,0.184,0.0,0.4,1.0,2.079,0,3.663
korean_content_5581,잉글랜드의 귀족 계급은 총 몇개가 있는가?,ko,-0.816,0.0,0.0,0.833,2.079,0,2.096
korean_content_2,로마 가톨릭교회 초대 추기경은 누구인가?,ko,0.184,0.0,0.2,1.0,1.946,0,3.33
korean_content_5609,귀금속은 몇 종류가 있는가?,ko,-0.816,0.0,0.0,1.0,1.792,0,1.976
korean_content_1350,한국에서 가장 큰 공방은 무엇인가?,ko,0.184,0.0,0.2,1.0,1.946,0,3.33
korean_polar_140,재건된 '2차 미림팀(94년 6월∼97년 11월)'은 3년5개월 동안 매일 1건 꼴로 모두 1000여개의 도청 테이프를 만들었나요?,ko,-1.136,1.0,0.75,0.882,3.091,1,4.587
korean_content_3100,2011년 민주노동당 원내대표는 누구인가?,ko,-0.816,0.0,0.4,1.0,1.792,0,2.376
korean_polar_301,가부장제란 아버지의 지배를 뜻하나요?,ko,-1.136,0.0,0.5,1.0,1.792,1,2.156
korean_polar_367,신토는 다신교 종교인가요?,ko,-2.136,0.0,0.5,1.0,1.609,1,0.973
korean_polar_352,한국의 제사상에는 복숭아를 올릴 수 있나요?,ko,-1.136,1.0,0.375,1.0,2.079,1,3.318
korean_polar_32,"근삿값에 대한 오차의 절댓값이 어떤 값 이하일 때, 그 값을 근삿값에 대한 오차의 한계라고 하나요?",ko,2.864,1.0,0.45,0.867,2.89,1,8.071
korean_content_11401,일본의 통화는 무엇인가요?,ko,-0.816,0.0,0.2,1.0,1.609,0,1.993
korean_content_6916,스탈린은 언제 군무인민위원이 되었나요?,ko,-1.816,0.0,0.6,1.0,1.792,0,1.576
korean_content_10795,2019년까지 가장 많은 프로야구선수를 배출한 일본의 고등학교는 어디인가?,ko,2.184,1.0,0.3,1.0,2.303,0,6.787
korean_content_8984,예수의 제자는 몇 명이었는가?,ko,-0.816,0.0,0.4,1.0,1.792,0,2.376
korean_content_4152,세상에서 가장 처음 출시된 스마트폰은 무엇인가?,ko,0.184,1.0,0.4,1.0,2.079,0,4.663
korean_content_10076,프랑스 옷계열 유명 브랜드는 몇개인가?,ko,0.184,0.0,0.2,1.0,1.946,0,3.33
korean_content_4234,세상에서 가장 큰 전등은 무엇인가?,ko,0.184,0.0,0.2,1.0,1.946,0,3.33
korean_polar_115,담배에 니코틴이 들어있니?,ko,-2.136,0.0,0.5,1.0,1.609,1,0.973
korean_content_10394,듀랜트의 첫 농구구단은 어디인가?,ko,-0.816,0.0,0.2,1.0,1.792,0,2.176
korean_content_508,"2019년 기준, 현대자동차의 대주주는 누구인가?",ko,-0.816,0.0,0.4,1.0,2.079,0,2.663
korean_polar_34,질량의 단위는 SI 단위계에서 킬로그램(kg)인가요?,ko,-1.136,0.0,0.75,0.833,2.079,1,2.526
korean_content_1022,2019년 아시아에서 가장 출산율이 낮은 나라는 어디인가?,ko,0.184,0.0,0.2,1.0,2.197,0,3.581
korean_content_2955,한국에서 가장 큰 우체통은 무엇인가?,ko,0.184,0.0,0.2,1.0,1.946,0,3.33
korean_content_10651,레오니트 일리치 브레주네프의 사망일은 언제인가요?,ko,0.184,0.0,0.2,1.0,1.946,0,3.33
korean_polar_15,2D의 직교 좌표계를 좌표평면이라고 하나요?,ko,-1.136,0.0,0.25,0.8,1.946,1,1.86
korean_polar_226,한국에서 쓰는 용수철이란 단어는 용수의 성질을 가진 쇠를 가리키나요?,ko,0.864,1.5,0.312,1.0,2.398,1,6.074
korean_content_5684,세상에서 가장 큰 거울은 무엇인가?,ko,0.184,0.0,0.2,1.0,1.946,0,3.33
korean_polar_230,"기수(汽水, 영어: brackish water)는 해수와 담수가 혼합되어 있는 곳의 물로 민물보다는 염분이 높고 해수보다는 염분이 적은 물인가요?",ko,1.864,1.0,0.5,0.684,3.091,1,7.139
korean_polar_157,예쁜꼬마선충은 크게 2가지의 성을 가지고 있나요?,ko,-1.136,0.0,0.75,0.5,2.079,1,2.193
korean_polar_9,양산시는 경상남도에 속해있나요?,ko,-2.136,0.0,0.5,1.0,1.609,1,0.973
korean_polar_128,1215년 마그나 카르타는 국왕의 권리보다도 개인의 자유가 우선한다고 선언한 문서인가요?,ko,-0.136,1.0,0.5,1.0,2.485,1,4.849
korean_polar_186,마이크로소프트 가젯(Microsoft Gadgets)은 사용자의 컴퓨터 바탕 화면에 놓거나 웹 페이지 위에 호스트할 수 있는 가벼운 단일 목적의 응용 프로그램인가요?,ko,1.864,0.0,0.75,0.81,3.178,1,6.602
korean_polar_294,브라질에서도 동성결혼이 합법적인가?,ko,-2.136,0.0,0.5,1.0,1.609,1,0.973
korean_content_11278,한국에 있는 문화재 중 가장 작은 문화재는 무엇인가?,ko,2.184,0.0,0.2,1.0,2.303,0,5.687
korean_content_2915,애드호크라시가 처음 조직된 해는 언제인가?,ko,0.184,1.0,0.3,1.0,1.946,0,4.43
korean_polar_181,코뿔소는 멸종위기에 처한 종인가?,ko,-1.136,1.0,0.375,1.0,1.792,1,3.031
korean_polar_151,하이텔은 한국PC통신 주식회사에서 운영하던 PC통신 서비스인가요?,ko,-0.136,1.0,0.5,0.833,2.079,1,4.276
korean_content_8800,한국이올림픽 야구를 우승한 년도는 언제인가?,ko,1.184,1.0,0.2,1.0,1.946,0,5.33
korean_content_6013,M1 에이브럼스의 개발사는 어디인가요?,ko,0.184,0.0,0.2,0.75,1.792,0,2.926
korean_polar_22,기독교는 아브라함 계열의 종교인가요?,ko,-1.136,0.0,0.5,1.0,1.792,1,2.156
korean_polar_196,인도는 의원내각제를 채택하고 있나요?,ko,-2.136,0.0,0.5,0.75,1.792,1,0.906
korean_content_1545,노르웨이에서 가장 인구밀도가 높은 도시는 어디인가?,ko,0.184,0.0,0.2,1.0,2.079,0,3.463
korean_polar_330,대한민국 법에서 서면에 증여의 의사를 명기하지 않고 구두 S 쪽으로부터라도 이 증여계약을 취소할 수가 있나요?,ko,-0.136,1.0,0.583,0.8,2.833,1,5.08
korean_polar_278,프리드리히 2세는 신성 로마 제국의 황제인가요?,ko,-1.136,0.0,0.5,0.833,2.079,1,2.276
korean_content_5170,적혈구의 순환순서는 어떻게 되는가?,ko,-0.816,0.0,0.4,0.75,1.792,0,2.126
korean_content_7684,레드벨벳은 몇명으로 구성되어있는가?,ko,-1.816,0.0,0.4,1.0,1.609,0,1.193
korean_content_7246,미이라를 처음 시작한 나라는 어디인가?,ko,0.184,1.0,0.3,1.0,1.946,0,4.43
korean_content_11195,현대는 몇 개의 계열사를 가지고 있는가?,ko,0.184,0.0,0.4,0.833,2.079,0,3.496
korean_content_1802,한국의 박정희 대통령은 언제 죽었나요?,ko,-0.816,0.0,0.4,1.0,1.946,0,2.53
korean_polar_148,이시애는 이인화 아들인가요?,ko,-2.136,0.0,0.5,1.0,1.609,1,0.973
korean_content_3072,2019년까지 세상에서 가장 많은 책을 판매한 작가는 누구인가?,ko,2.184,1.0,0.4,1.0,2.303,0,6.887
korean_content_11024,퍼시픽 리그는 언제 설립 되었나요?,ko,-0.816,0.0,0.6,1.0,1.946,0,2.73
korean_polar_355,클라우드 컴퓨팅은 사용 중인 서비스들의 메트릭을 제공하나요?,ko,0.864,1.0,0.375,1.0,2.197,1,5.436
korean_content_6174,2009년 우승한 월드 시리즈 우승팀은 월드 시리즈에서 몇번 우승 했나요?,ko,0.184,1.0,0.4,1.0,2.485,0,5.069
korean_content_7477,2017년 미국에서 가장 뛰어난 소설 작가는 누구인가?,ko,0.184,0.0,0.2,1.0,2.197,0,3.581
korean_polar_191,대한민국은 병역이 의무인가요?,ko,-2.136,0.0,0.5,1.0,1.609,1,0.973
korean_polar_83,감정 표현 규칙은 고객과 종업원 간 원활한 상호작용에 기여하여 업무수행의 목표를 달성할 수 있도록 하는 특정한 방법인가요?,ko,3.864,2.0,0.35,0.824,2.944,1,9.982
korean_polar_129,일본서기는 일본에 존재하는 가장 오래된 정사인가요?,ko,-1.136,1.0,0.417,1.0,2.079,1,3.36
korean_polar_224,신사는 일본에서 신령을 모시는 곳인가요?,ko,-1.136,1.0,0.5,1.0,1.946,1,3.31
korean_content_1409,일본의 마지막 쇼군은 누구인가?,ko,-0.816,0.0,0.2,1.0,1.792,0,2.176
korean_polar_231,초전도는 양자 역학적인 현상인가요?,ko,-1.136,1.0,0.375,1.0,1.792,1,3.031
korean_content_5142,예수는 언제 사망했나요?,ko,-1.816,0.0,0.4,1.0,1.609,0,1.193
korean_polar_101,한국에서는 국민개병제도에 따라 징병을 실시하고 있나요?,ko,-1.136,0.0,0.75,0.667,2.079,1,2.36
korean_content_8352,"2019년 기준, 나라의 지도자를 대통령이라 칭하는 나라는 몇 개국인가?",ko,1.184,2.0,0.333,1.0,2.485,0,7.002
korean_content_11229,인류 최초로 우주 왕복 비행에 성공한 로켓은 무엇인가?,ko,2.184,1.0,0.3,1.0,2.303,0,6.787
korean_polar_349,동예는 제천 행사인가요?,ko,-2.136,0.0,0.5,1.0,1.609,1,0.973
korean_polar_248,LMX이론은 리더-구성원의 관계가 발전하는 과정을 생애주기모형(life cycle model)으로 설명하고 있나요?,ko,0.864,1.0,0.5,0.727,2.639,1,5.73
korean_content_9217,1865년 일본 천황은 누구인가요?,ko,-0.816,0.0,0.4,1.0,1.792,0,2.376
korean_polar_167,한국의 군대는 국방부가 관리하나요?,ko,-1.136,0.0,0.5,1.0,1.792,1,2.156
korean_content_55,쿠바에서 가장 높은 산은 무엇인가?,ko,0.184,0.0,0.2,1.0,1.946,0,3.33
korean_polar_141,공동소송인 가운데 한 사람의 소송행위 또는 이에 대한 상대방의 소송행위와 공동소송인 가운데 한 사람에 관한 사항은 다른 공동소송인에게 영향을 미치지 아니한다는 한국 법률 몇조에 적혀져 있나요?,ko,2.864,1.333,0.35,0.808,3.332,1,8.687
korean_polar_81,셀룰로오스는 펄프의 주성분인가요?,ko,-2.136,0.0,0.5,1.0,1.609,1,0.973
korean_content_7790,한국에서 가장 큰 불교 종파는 무엇인가?,ko,0.184,0.0,0.2,1.0,2.079,0,3.463
korean_content_11221,한국예탁결제원과 고려신용등급은 어떤 관계인가?,ko,-0.816,0.0,0.2,0.75,1.792,0,1.926
korean_content_2271,신성로마제국 시기에 보헤미아 왕국의 왕은 누구인가?,ko,0.184,0.0,0.4,1.0,2.079,0,3.663
korean_content_9653,여성의 오르가즘은 어떻게해야 잘 느낄 수 있는가?,ko,-0.816,0.0,0.8,0.857,2.197,0,3.038
korean_content_350,아흐마드 샤 마수드는 몇 살에 정치군사 지도자가 되었는가?,ko,-0.816,0.0,0.6,1.0,2.303,0,3.087
korean_content_2761,나치는 언제 해산했나요?,ko,-1.816,0.0,0.4,0.667,1.609,0,0.86
korean_polar_275,공기는 지구를 둘러싼 기체인가요?,ko,-1.136,1.0,0.375,1.0,1.792,1,3.031
korean_polar_365,"수학에서 이분법(二分法, Bisection method)은 근이 반드시 존재하는 폐구간을 이분한 후, 이 중 근이 존재하는 하위 폐구간을 선택하는 것을 반복하여서 근을 찾는 알고리즘인가요?",ko,2.864,1.0,0.417,0.792,3.332,1,8.405
korean_polar_216,워싱턴 DC는 계획 도시인가요?,ko,-1.136,0.0,0.5,1.0,1.792,1,2.156
korean_polar_229,성골과 진골은 모든 관직을 차지할 수 있나요?,ko,-1.136,1.0,0.375,0.857,2.197,1,3.293
korean_content_8965,신약성경은 몇 개로 나누어져있는가?,ko,-0.816,0.0,0.4,1.0,1.792,0,2.376
korean_content_11113,중국에는 몇 개의 성이 있는가?,ko,0.184,0.0,0.0,1.0,1.946,0,3.13
korean_polar_204,정적 변수는 정적으로 할당되는 변수인가요?,ko,-1.136,1.0,0.375,1.0,1.946,1,3.185
korean_polar_344,"궤도공명은 하나 또는 그 이상의 궤도 변수의 조합(예를 들면 이심률 대 장반경, 또는 이심률 대 궤도경사각 등)을 수반하나요?",ko,2.864,0.0,0.75,0.7,3.135,1,7.449
korean_content_10153,콩테는 누가 발명했나요?,ko,-1.816,0.0,0.4,0.667,1.609,0,0.86
korean_polar_147,미국은 원자력을 가지고 있는가?,ko,-2.136,0.0,0.5,0.75,1.792,1,0.906
korean_content_11212,미국에 두번째로 가입한 주는 어디인가요?,ko,0.184,1.0,0.3,1.0,1.946,0,4.43
korean_polar_171,닥터 후는 기네스 북에 등재되어 있나요?,ko,-1.136,0.0,0.5,0.833,2.079,1,2.276
korean_polar_133,성공회는 자신의 정체성을 개혁하는 보편교회(Reforming Catholic Church)로 표현하나요?,ko,0.864,1.0,0.375,0.778,2.485,1,5.502
korean_polar_8,파리는 프랑스의 경제 중심지인가요?,ko,-2.136,0.0,0.75,1.0,1.792,1,1.406
korean_polar_3,한국에서는 배아줄기세포를 만들기 위해 생명체로 자랄 수 있는 배아를 이용하는 행위를 금지하고 있나요?,ko,3.864,1.0,0.438,0.846,2.708,1,8.856
korean_content_10960,2019년까지 가장 많은 곡을 작곡한 사람은 누구인가?,ko,2.184,1.0,0.3,1.0,2.197,0,6.681
korean_content_10724,단국 대학교의 현재 총장은 누구인가요?,ko,0.184,0.0,0.2,1.0,1.946,0,3.33
korean_content_5871,중세시대는 몇 년동안 지속되었는가?,ko,-0.816,0.0,0.4,1.0,1.792,0,2.376
korean_polar_41,우주에 대한 관측 성과는 계속적으로 발전하여 윌리엄 허셜은 천왕성을 발견하는 한편 수 많은 항성에 대한 관측을 바탕으로 은하의 지도를 제작하였나요?,ko,2.864,1.0,0.5,0.95,3.091,1,8.405
korean_polar_324,한국의 제사상에는 붉은 팥을 올릴 수 있나요?,ko,-1.136,1.0,0.375,1.0,2.197,1,3.436
korean_polar_169,척추동물의 두뇌 진화는 대뇌를 포함한 전뇌의 부피증가가 특징적인가요?,ko,-0.136,1.0,0.375,1.0,2.303,1,4.542
korean_content_523,태양계에서 지구 다음으로 큰 행성은 무엇인가?,ko,1.184,0.0,0.4,1.0,2.079,0,4.663
korean_content_6735,파리에서 가장 높은 건물은 무엇인가?,ko,0.184,0.0,0.2,1.0,1.946,0,3.33
korean_content_4474,프랑스에는 대학교가 몇개 있나요?,ko,-1.816,0.0,0.6,1.0,1.792,0,1.576
korean_content_5851,의자왕의 아버지는 누구인가요?,ko,-0.816,0.0,0.2,1.0,1.609,0,1.993
korean_content_1985,한글의 ISO 15924 코드는 무엇인가요?,ko,-0.816,0.0,0.2,0.6,1.946,0,1.93
korean_polar_245,초록색의 크레인 암은 가면라이더 버스의 오른팔 부분의 리셉터클 오브를 통해 장착하는 크레인 형태의 전투 유닛인가요?,ko,2.864,1.0,0.625,0.933,2.833,1,8.255
korean_polar_305,균류는 엽록소가 있나요?,ko,-2.136,0.0,0.5,1.0,1.609,1,0.973
korean_content_7691,숲은 동물의 생태계를 유지하는데 어떻게 도움이 되는가?,ko,0.184,0.0,0.8,0.714,2.197,0,3.895
korean_polar_178,외계 행성을 발견했다는 주장은 19세기부터 있었나요?,ko,0.864,1.0,0.375,1.0,2.079,1,5.318
korean_content_9259,2019년 대한민국의 특수학교는 몇 개가 있는가?,ko,-0.816,0.0,0.0,1.0,2.079,0,2.263
korean_polar_375,마케마케는 언제 명왕성형 천체의 지위를 얻었나요?,ko,-0.136,0.0,0.75,1.0,2.079,1,3.693
korean_content_1148,DC코믹스에서 영화로 가장 흥행항 캐릭터는 무엇인가?,ko,-0.816,0.0,0.6,1.0,2.079,0,2.863
korean_content_4627,한국에서 가장 큰 장미축제는 무엇인가?,ko,0.184,0.0,0.2,1.0,1.946,0,3.33
korean_content_5758,남대문은 어디에 있는가?,ko,-1.816,0.0,0.0,1.0,1.609,0,0.793
korean_content_7240,한국에서 불교 사찰이 몇개 있나요?,ko,-0.816,0.0,0.6,1.0,1.946,0,2.73
korean_content_7433,인류 최초로 개발된 컴퓨터 프로그램은 무엇인가?,ko,1.184,1.0,0.2,1.0,2.079,0,5.463
korean_polar_166,식물은 잎에 화학 반응을 자극하는 입사광은 유관속초세포를 통하여 식물 전체에 연쇄적인 신호 반응을 일으키나요?,ko,0.864,1.0,0.583,0.929,2.773,1,6.149
korean_content_7177,일본에는 몇개의 초등학교가 있나요?,ko,-0.816,0.0,0.4,0.75,1.792,0,2.126
korean_content_6776,2019년까지 한국의 광고 중에 가장 긴 광고는 무엇인가?,ko,2.184,0.0,0.4,1.0,2.303,0,5.887
korean_polar_150,재즈는 아프리카계 미국인 특유의 음악성이 가미된 대중음악인가요?,ko,1.864,1.0,0.375,1.0,2.197,1,6.436
korean_content_4806,칼륨의 원소 기호는 무엇인가?,ko,-0.816,0.0,0.2,1.0,1.792,0,2.176
korean_content_447,역사상 가장 긴 형량을 선고받은 범죄자는 누구인가?,ko,2.184,1.0,0.3,1.0,2.197,0,6.681
korean_content_2307,라파엘로 산치오 어디 죽었는가?,ko,-1.816,0.0,0.6,0.75,1.792,0,1.326
korean_polar_30,로마 제국 시대에 동성결혼이 합법적인가?,ko,-0.136,0.0,0.5,1.0,1.946,1,3.31
korean_polar_153,경동교회는 전례적 예배를 지향하는 교회인가요?,ko,-0.136,1.0,0.375,1.0,1.946,1,4.185
korean_polar_363,상피세포가 특수한 물질을 생산하는 기능을 갖게 된 선세포로 구성된 기관인가요?,ko,3.864,1.333,0.25,1.0,2.485,1,8.932
korean_polar_246,터키 의회는 내각제를 실시하고 있나요?,ko,-1.136,0.0,0.5,0.8,1.946,1,2.11
korean_content_7582,베트남에서 가장 큰 도시는 무엇인가?,ko,0.184,0.0,0.2,1.0,1.946,0,3.33
korean_content_5711,한국의 현재 대통령은 누구인가요?,ko,-0.816,0.0,0.2,1.0,1.792,0,2.176
korean_polar_0,로마의 면적은 서울시의 2배인가요?,ko,-1.136,0.0,0.5,1.0,1.792,1,2.156
korean_content_5239,드라마 미생의 원작은 누구의 작품인가?,ko,0.184,0.0,0.4,0.8,1.946,0,3.33
korean_content_4119,독일에서 가장 큰 주는 어디인가?,ko,0.184,0.0,0.2,1.0,1.946,0,3.33
korean_polar_152,구리는 자기적 특성이 있는가?,ko,-1.136,0.0,0.0,1.0,1.792,1,1.656
korean_content_462,2019년 기준 동성결혼이 금지된 나라는 몇 개국인가?,ko,1.184,1.0,0.4,1.0,2.197,0,5.781
korean_content_3712,국무총리 당선 절차는 무엇인가?,ko,0.184,0.0,0.2,1.0,1.792,0,3.176
korean_content_1367,미식축구 공의 공식 무게는 몇 그램인가?,ko,0.184,0.0,0.4,1.0,2.079,0,3.663
korean_content_5253,청소년에게 가장 많은 형량을 선고한 미국의 주는 어디인가?,ko,2.184,1.0,0.3,1.0,2.303,0,6.787
korean_polar_307,코일 형태의 용수철은 15세기에 나타났나요?,ko,-0.136,0.0,0.5,1.0,1.946,1,3.31
korean_polar_200,한국어 위키백과와 영어 위키백과는 다른가?,ko,-0.136,0.0,0.0,0.8,1.946,1,2.61
korean_content_112,세상에서 가장 빨리 자라는 식물은 무엇인가?,ko,1.184,1.0,0.3,1.0,2.079,0,5.563
korean_content_9583,조선민주주의인민공화국에는 몇 개의 초등학교가 있나요?,ko,0.184,0.0,0.4,1.0,1.946,0,3.53
korean_content_6644,2018년 아르헨티나의 인구는 얼마나 될까?,ko,-0.816,0.0,0.6,1.0,1.946,0,2.73
korean_polar_98,관도 대전의 결과로 조조군이 승리했나요?,ko,-0.136,0.0,0.5,1.0,1.946,1,3.31
korean_content_10900,존 스튜어트 밀은 몇 년도에 태어났나?,ko,0.184,0.0,0.4,1.0,2.079,0,3.663
korean_polar_38,"가톨릭 신자들은 모든 주일 (그리스도교)과 더불어 의무 대축일에 해당하는 천주의 성모 마리아 대축일(1월 1일), 주님 부활 대축일, 성모 승천 대축일(8월 15일), 주님 성탄 대축일(12월 25일)에 미사에 참례해야 하는 것이 기본적인 의무가 있나요?",ko,4.864,1.0,0.438,0.892,3.912,1,11.106
korean_content_1894,점성술을 가르치는 조직 중 가장 큰 곳은 무엇인가?,ko,2.184,1.0,0.2,1.0,2.303,0,6.687
korean_content_9728,충칭의 면적은 얼마나 되나요?,ko,-0.816,0.0,0.4,1.0,1.792,0,2.376
korean_content_8417,역사상 가장 많은 나라의 식민지배를 받았던 나라는 어디인가?,ko,3.184,1.0,0.3,1.0,2.303,0,7.787
korean_content_2964,독일에는 총 몇개의 성이 있나요?,ko,0.184,0.0,0.4,0.8,1.946,0,3.33
korean_content_4376,폴란드의 현재 총리는 누구인가요?,ko,-0.816,0.0,0.2,1.0,1.792,0,2.176
korean_polar_156,왜구란 일본인 해적을 뜻하는가?,ko,-1.136,0.0,0.5,1.0,1.792,1,2.156
korean_polar_240,미국은 핵무기를 가지고 있는가?,ko,-2.136,0.0,0.5,0.75,1.792,1,0.906
korean_content_8891,지리산의 높이는 몇 미터인가?,ko,-0.816,0.0,0.4,1.0,1.792,0,2.376
korean_content_3478,근대의 식민지는 어느 시대에 본격화 되었나요?,ko,-0.816,0.0,0.6,0.833,2.079,0,2.696
korean_polar_299,"자연주의는 가설을 세우고, 예측하고, 실험하고, 그 과정을 다시 반복하는 식의 과학적 방법만이, 진실을 규명하는 효율적인 방식이라는 관점인가요?",ko,3.864,2.0,0.4,0.765,3.135,1,10.164
korean_polar_261,기록된 최초의 의료법은 함무라비 법전인가요?,ko,-1.136,1.0,0.25,1.0,1.946,1,3.06
korean_content_3171,최초의 드레드노트를 제작한 국가는 어디인가?,ko,1.184,1.0,0.2,1.0,1.946,0,5.33
korean_polar_353,샤를 드골은 군사학에 관심을 보였나요?,ko,-1.136,0.0,0.75,1.0,1.946,1,2.56
korean_content_4878,호주는 몇 개의 도시가 있는가?,ko,0.184,0.0,0.0,1.0,1.946,0,3.13
korean_polar_185,무중량상태(無重量狀態)는 만유 인력과 원심력 등의 관성력이 서로 상쇄되어 그 합력이 0 내지 0으로 간주 될 수 있는 정도로 작아지고 있는 상태를 말하나요?,ko,5.864,1.0,0.667,0.75,3.258,1,11.539
korean_polar_298,엔트로피는 평균 정보량을 의미하나요?,ko,-1.136,0.0,0.5,1.0,1.792,1,2.156
korean_content_3926,일제강점기를 시작한 일본의 지도자는 누구인가?,ko,0.184,1.0,0.2,1.0,1.946,0,4.33
korean_content_1081,한국의 난민 프로그램은 무엇인가?,ko,-0.816,0.0,0.2,1.0,1.792,0,2.176
korean_content_1636,2018년 코르도바에는 몇 명의 인구가 살고 있는가?,ko,0.184,0.0,0.6,0.857,2.197,0,3.838
korean_polar_163,인동(仁同)은 경상북도 구미시에 위치하는 지명인가요?,ko,-0.136,1.0,0.375,0.857,2.398,1,4.494
korean_content_5123,로마는 왜 분열 되었는가?,ko,-1.816,0.0,0.6,1.0,1.792,0,1.576
korean_polar_48,암사자들은 임신하지 않는 이상 거의 매달 2~3일간 발정하나요?,ko,-0.136,1.0,0.5,0.875,2.303,1,4.542
korean_polar_162,다운 증후군은 유전병인가?,ko,-1.136,0.0,0.25,1.0,1.609,1,1.723
korean_content_1371,체르노빌 사건은 언제 발생했는가?,ko,-0.816,0.0,0.4,1.0,1.792,0,2.376
korean_polar_284,용수철이란 이름은 탄성체의 복원력을 빗대어 붙여진 이름인가요?,ko,0.864,1.0,0.25,0.857,2.197,1,5.168
korean_content_1983,선사시대는 언제 끝났는가?,ko,-1.816,0.0,0.4,1.0,1.609,0,1.193
korean_content_2641,전화기가 처음 발명된 곳은 어디인가?,ko,0.184,1.0,0.3,1.0,1.946,0,4.43
korean_content_9812,독일 국회의사당은 누구에 의해 건축되었나요?,ko,-0.816,0.0,0.4,0.8,1.946,0,2.33
korean_content_1271,콜롬비아에서 직항으로 갈 수 있는 나라는 몇 개국인가?,ko,1.184,1.0,0.5,1.0,2.303,0,5.987
korean_polar_52,노아는 이스라엘과 아랍의 전설에 등장하는 인물인가요?,ko,0.864,1.0,0.375,0.833,2.079,1,5.151
korean_content_8122,최초의 인공장기 이식은 언제 성공했는가?,ko,-0.816,0.0,0.4,1.0,1.946,0,2.53
korean_content_2016,세상에서 가장 큰 조선소는 어디인가?,ko,0.184,0.0,0.2,1.0,1.946,0,3.33
korean_polar_302,거울상 이성질체는 편광면을 회전시키는 방향에 따라 구분지을 수도 있나요?,ko,0.864,1.0,0.333,0.889,2.398,1,5.484
korean_content_9692,중국은 언제 통일되었는가?,ko,-1.816,0.0,0.4,1.0,1.609,0,1.193
korean_polar_361,우리 민법은 유류분제도를 인정하나요?,ko,-1.136,0.0,0.5,0.75,1.792,1,1.906
korean_polar_213,계보학은 가계도를 연구하는 학문인가요?,ko,-1.136,1.0,0.375,1.0,1.792,1,3.031
korean_polar_264,GPU는 독립적인 꼭짓점들과 프래그먼트만 처리할 수 있지만 다수를 병렬로 처리할 수 있나요?,ko,-0.136,1.0,0.438,0.833,2.639,1,4.774
korean_polar_273,모든 생물은 세포로 구성되어 있나요?,ko,-1.136,0.0,0.5,0.8,1.946,1,2.11
korean_content_200,프시타코사우루스의 평균수명은 얼마인가?,ko,-0.816,0.0,0.2,1.0,1.609,0,1.993
korean_content_3630,목성의 평균 지름은 얼마인가요?,ko,-0.816,0.0,0.2,1.0,1.792,0,2.176
korean_polar_378,한국의 민법은 담보물권으로서 유치권·질권·저당권의 세 종류를 규정하고 있나요?,ko,-1.136,0.0,0.75,0.75,2.303,1,2.667
korean_content_11522,중국 전한은 언제 패망 했나요?,ko,-0.816,0.0,0.6,1.0,1.946,0,2.73
korean_content_7431,엔셀라두스는 언제 발견되었는가?,ko,-1.816,0.0,0.4,1.0,1.609,0,1.193
korean_content_3983,세상에서 가장 큰 카톨릭 대학은 어디인가?,ko,0.184,0.0,0.2,1.0,2.079,0,3.463
korean_content_7213,포켓몬스터는 언제 처음 방영을 시작했는가?,ko,-0.816,0.0,0.6,1.0,1.946,0,2.73
korean_polar_356,상형문자는 그림으로 이루어진 문자인가요?,ko,-1.136,1.0,0.375,1.0,1.792,1,3.031
korean_content_11058,제주도에는 총 몇 개의 돌하르방이 있는가?,ko,0.184,0.0,0.0,1.0,2.079,0,3.263
korean_polar_337,클라우드 컴퓨팅은 유틸리티 컴퓨팅의 개념을 활용하나요?,ko,-0.136,0.0,0.5,1.0,2.079,1,3.443
korean_content_4563,노르웨이에서 가장 큰 도시는 무엇인가?,ko,0.184,0.0,0.2,1.0,1.946,0,3.33
korean_polar_295,용은 난생 동물 셋 중에는 첫 번째인가요?,ko,0.864,0.0,0.75,0.714,2.197,1,4.525
korean_content_4313,가장 큰 고양이 종은 무엇인가?,ko,0.184,0.0,0.2,1.0,1.946,0,3.33
korean_content_9260,한국에서 첫번째로 등록된 목사의 이름은 무엇인가요?,ko,0.184,1.0,0.3,1.0,2.079,0,4.563
korean_content_8841,유럽 피겨스케이팅 선수권 대회는 언제 세워졌나요?,ko,1.184,0.0,0.4,1.0,2.079,0,4.663
korean_polar_263,덴마크는 의원내각제를 채택하고 있나요?,ko,-2.136,0.0,0.5,0.75,1.792,1,0.906
korean_content_4382,2019년까지 가장 많은 공연을 한 성악가는 누구인가?,ko,2.184,1.0,0.3,1.0,2.197,0,6.681
korean_polar_87,엽록체는 엽록소가 있어 세포를 관찰했을 때 뚜렷한 녹색이 나타나는 것을 쉽게 확인할 수 있나요?,ko,1.864,1.0,0.5,0.857,2.773,1,6.994
korean_polar_184,구약성경의 명칭은 옛 약속이란 의미인가요?,ko,-1.136,0.0,0.5,1.0,1.946,1,2.31
korean_content_9695,우유를 생산하는 동물은 무엇인가?,ko,0.184,1.0,0.2,1.0,1.792,0,4.176
korean_content_4898,보수당-자유민주당 연합 협약이 이루어진 이유는 무엇인가?,ko,2.184,1.0,0.2,1.0,2.079,0,6.463
korean_content_8713,애들레이드의 우편번호는 무엇인가요?,ko,-0.816,0.0,0.2,1.0,1.609,0,1.993
korean_content_5130,달과 지구의 거리는 얼마인가?,ko,0.184,0.0,0.2,0.75,1.792,0,2.926
korean_content_8138,일본에서 가장 큰 공항은 무엇인가?,ko,0.184,0.0,0.2,1.0,1.946,0,3.33
korean_content_3120,데니스 로 출생일은 언제인가요?,ko,-0.816,0.0,0.4,1.0,1.792,0,2.376
korean_content_10537,전주한옥마을의 시목은 무엇인가요?,ko,-0.816,0.0,0.2,1.0,1.609,0,1.993
korean_polar_259,PSI는 대량살상무기(WMD)가 확산되는 것을 막기 위해 미국 주도로 발족된 일종의 국제 협력체제를 말하나요?,ko,4.864,1.0,0.375,0.8,2.89,1,9.929
korean_polar_351,세계 최초로 여겨지는 상업용 고속철도는 1964년 개업한 일본의 도카이도 신칸센인가요?,ko,0.864,1.0,0.5,1.0,2.485,1,5.849
korean_polar_282,워치독 타이머는 고정된 시간 간격이나 프로그래밍할 수 있는 시간 간격을 가질 수 있나요?,ko,1.864,1.0,0.25,0.923,2.708,1,6.745
korean_content_168,나치가 무너진 년도는 언제인가?,ko,0.184,1.0,0.2,1.0,1.792,0,4.176
korean_content_11521,2019년 6월 기준 가장 비싼 cpu는 무엇인가?,ko,2.184,0.0,0.2,1.0,2.197,0,5.581
korean_polar_207,발효는 분자에서 에너지를 추출하는 방법으로 모든 세균과 진핵생물에서 유일하게 공통적인 대사 방식인가요?,ko,-0.136,1.0,0.667,0.833,2.639,1,5.003
korean_polar_65,화투는 48장으로 4장씩 12달을 상징하나요?,ko,-1.136,0.0,0.75,0.8,1.946,1,2.36
korean_polar_95,부커 T. 워싱턴의 아버지는 백인인가요?,ko,-0.136,0.0,0.25,0.8,2.079,1,2.993
korean_content_1378,영국의 국가는 무엇인가요?,ko,-0.816,0.0,0.2,1.0,1.609,0,1.993
korean_polar_374,유상계약(有償契約)은 계약의 당사자가 상호간에 대가적(對價的) 의의를 갖는 출연(出捐：경제적 손실)을 하는 계약을 말하나요?,ko,3.864,1.0,0.5,0.882,3.135,1,9.381
korean_polar_343,고려 시대 김부식은 고려 숙종대 문과를 나왔나요?,ko,-0.136,0.0,0.5,1.0,2.197,1,3.561
korean_polar_104,"영어의 카메라라는 말은 카메라 옵스큐라(Camera obscura, 라틴어로 어두운 방을 뜻함)에서 온 용어인가요?",ko,1.864,1.0,0.333,0.846,2.833,1,6.876
korean_polar_19,금속결합은 금속에 고르게 퍼져있는 전자와 이온들 간의 전기적인 인력인가요?,ko,2.864,1.0,0.333,0.778,2.398,1,7.373
korean_polar_310,전 세계적으로 생리학에 크게 기여한 공로가 있는 사람에게는 스웨덴 왕립과학 아카데미에서 1901년부터 매년 노벨 생리학상을 수상하고 있나요?,ko,2.864,1.0,1.0,0.882,2.944,1,8.69
korean_polar_348,클라우드 컴퓨팅의 주된 기술은 가상화인가요?,ko,-0.136,1.0,0.125,1.0,1.946,1,3.935
korean_content_5422,암스테르담의 공식 종교는 무엇인가?,ko,-0.816,0.0,0.2,1.0,1.792,0,2.176
korean_content_9801,교황과 추기경의 차이점은 무엇인가?,ko,0.184,0.0,0.2,0.75,1.792,0,2.926
korean_content_6097,이탈리아의 2019년 지도자는 누구인가?,ko,-0.816,0.0,0.2,1.0,1.792,0,2.176
korean_content_7130,센고쿠 시대는 언제 끝나나요?,ko,-0.816,0.0,0.4,1.0,1.792,0,2.376
korean_content_11425,이기 아젤리아의 첫 노래는 무엇인가?,ko,-0.816,0.0,0.2,0.6,1.946,0,1.93
korean_content_8876,일본에서 가장 긴 성씨는 무엇인가?,ko,0.184,0.0,0.2,1.0,1.946,0,3.33
korean_content_9419,라이베리아의 수도는 어디인가요?,ko,-0.816,0.0,0.2,1.0,1.609,0,1.993
korean_content_5979,GO 트랜싯의 교통비용은 얼마인가?,ko,0.184,0.0,0.2,0.75,1.792,0,2.926
korean_content_10209,태백산맥이란 영화의 감독은 누구인가요?,ko,0.184,1.0,0.1,1.0,1.792,0,4.076
korean_content_836,가와카미 데쓰하루의 생일은 언제인가요?,ko,0.184,0.0,0.2,1.0,1.792,0,3.176
korean_polar_277,이마누엘 칸트는 도덕적 인격을 목표로 하면서도 자의적인 ‘한 사람의 의욕과 다른 사람의 의욕이 자유의 보편원칙에 따라 합치될 수 있는 여러 조건’을 법이라 생각하였나요?,ko,2.864,1.0,0.35,0.913,3.219,1,8.346
korean_content_5284,교황 우르바노5세는 언제 사망하였는가?,ko,-0.816,0.0,0.4,1.0,1.792,0,2.376
korean_content_7363,한국 역사상 가장 긴 전투는 무엇인가?,ko,1.184,0.0,0.2,1.0,2.079,0,4.463
korean_polar_359,문민정부는 대한민국 제 6공화국의 두번째 정부인가요?,ko,-1.136,0.0,0.75,0.833,2.079,1,2.526
korean_content_8435,그리스의 첫번째 식민지는 어디인가요?,ko,-0.816,0.0,0.2,1.0,1.792,0,2.176
korean_polar_5,도솔가는 고대 시가 중 최초의 정형시인가요?,ko,-0.136,0.0,0.75,1.0,2.079,1,3.693
korean_polar_73,피에르 플랑타르는 귀족가문에서 태어났나요?,ko,-1.136,0.0,0.5,1.0,1.792,1,2.156
korean_content_11318,일제고사의 과목은 무엇인가?,ko,-0.816,0.0,0.2,1.0,1.609,0,1.993
korean_content_11520,최초로 우주에 간 인간 이외의 생물은 무엇인가?,ko,2.184,1.0,0.3,1.0,2.197,0,6.681
korean_content_3626,쓰다 산조는 어떻게 되었는가?,ko,-1.816,0.0,0.6,0.5,1.792,0,1.076
korean_content_3052,아르헨티나에서는 몇 번의 월드컵이 개최되었는가?,ko,0.184,0.0,0.4,1.0,1.946,0,3.53
korean_content_7954,포르투갈은 유럽 어디에 위치한 나라인가요?,ko,0.184,1.0,0.3,1.0,1.946,0,4.43
korean_content_11085,일본의 도라에몽 작가는 언제 도라에몽 만화를 그리기 시작했나요?,ko,0.184,1.0,0.4,1.0,2.303,0,4.887
korean_polar_91,채권관계에서 채무를 지는 사람을 채무자라고 하나요?,ko,-0.136,1.0,0.333,1.0,2.079,1,4.276
korean_polar_116,기화식 가습기는 물을 가열하거나 끌여서 증기와 수분을 대기로 내보낸다.,ko,-1.136,0.0,1.0,0.667,2.398,1,2.929
korean_polar_320,궤도공명은 장기간의 궤도 안정화 또는 불안정화의 발생으로 이어질 수 있나요?,ko,-0.136,1.0,0.375,0.9,2.485,1,4.624
korean_polar_289,미림(美林)팀은 1960년대 중반 중앙정보부가 정치인 등 주요 인사들의 동향 파악을 위해 운영하던 정보 수집팀의 별칭으로 미림이라는 팀명은 고급 술집의 마담 등을 협조자(속칭 '망원')로 활용한 데서 비롯됐나요?,ko,2.864,1.0,0.562,0.931,3.584,1,8.941
korean_polar_187,"가톨릭교회의 교회법(CIC)은 교회의 고유한 조직과 운영, 그리고 신자들이 교회의 목적을 좇아 이루도록 합법적인 교회의 권위로 제정한 법을 말하나요?",ko,2.864,1.0,0.25,0.7,3.135,1,7.949
korean_polar_350,히브리어 성경 《타나크》에서 할타므티는 엘람(Elam: 고지대 또는 산악 지대)으로 알려져 있나요?,ko,-0.136,0.0,0.75,0.75,2.708,1,4.072
korean_polar_203,태풍으 해수면 온도 26.5℃ 이상의 열대 해상에서 발생하는 경우인가요?,ko,1.864,1.0,0.375,0.889,2.398,1,6.526
korean_content_2949,김대중 정부는 언제 처음 초고속 인터넷 서비스를 시작했나요?,ko,0.184,0.0,0.8,1.0,2.303,0,4.287
korean_content_11302,현재 방송사 스포츠 해설위원 중 전직 프로선수 출신은 몇 명인가?,ko,1.184,0.0,0.6,1.0,2.485,0,5.269
korean_content_5605,공식적인 야구배트의 길이는 몇 센티미터인가?,ko,0.184,1.0,0.2,1.0,1.946,0,4.33
korean_content_6130,아저씨는 몇 명의 관객을 기록했는가?,ko,0.184,0.0,0.4,1.0,1.946,0,3.53
korean_polar_67,인도는 원자력을 가지고 있는가?,ko,-2.136,0.0,0.5,0.75,1.792,1,0.906
korean_content_5617,코리올리 힘은 무엇인가?,ko,-0.816,0.0,0.2,1.0,1.609,0,1.993
korean_polar_84,민주주의의 기원은 고대 그리스의 폴리스에서 유래하였나요?,ko,-0.136,0.0,0.5,1.0,2.079,1,3.443
korean_polar_258,용의 목 밑에는 한 장의 커다란 비늘을 중심으로 하여 반대 방향으로 나 있는 49장의 비늘이 있나요?,ko,2.864,1.0,0.5,0.75,2.89,1,8.004
korean_polar_60,동양에서는 경제가 ‘경세제민(經世濟民)’의 약자인가요?,ko,-1.136,0.0,0.75,1.0,1.946,1,2.56
korean_content_2545,헬리콥터가 최초로 발명된 사람은 누구인가?,ko,0.184,1.0,0.3,1.0,1.946,0,4.43
korean_content_8716,1950년 미국의 대통령은 누구인가요?,ko,-0.816,0.0,0.4,1.0,1.792,0,2.376
korean_content_10272,스튜디오 미르가 제작한 애니매이션은 총 몇개인가?,ko,1.184,1.0,0.3,1.0,2.079,0,5.563
korean_polar_124,판테온 신전에는 이탈리아의 비토리오 에마누엘레 2세와 움베르토 1세 두 왕이 묻혀 있나요?,ko,-0.136,0.0,0.75,0.75,2.639,1,4.003
korean_polar_27,태양은 태양계의 중심에서 태양계 천체를 중력적으로 지배하나요?,ko,-1.136,0.0,1.0,1.0,2.197,1,3.061
korean_polar_54,렘 수면의 양은 나이와 관련되나요?,ko,0.864,0.0,0.25,0.8,1.946,1,3.86
korean_polar_340,고혈압은 본태성 고혈압과 이차성 고혈압으로 구분되나요?,ko,-0.136,0.0,0.5,0.833,2.079,1,3.276
korean_content_1302,세상에서 가장 오랜 기간 개발한 게임은 무엇인가?,ko,2.184,1.0,0.3,1.0,2.197,0,6.681
korean_content_10414,인간의 3대 욕구는 무엇인가?,ko,-0.816,0.0,0.2,1.0,1.792,0,2.176
korean_content_290,김구 선생은 몇 세에 사망했는가?,ko,-0.816,0.0,0.4,1.0,1.946,0,2.53
korean_polar_46,리튬이온전지 충전시 리튬이온이 양극에서 음극으로 다시 이동하여 제자리를 찾게 되나요?,ko,-1.136,1.0,0.5,0.9,2.485,1,3.749
korean_polar_17,1991년 이후 현재 대한민국 민법은 배우자를 포함한 친족의 범위를 8촌 이내의 혈족과 4촌 이내의 인척으로 규정하고 있나요?,ko,0.864,1.0,0.75,0.882,2.944,1,6.44
korean_polar_158,단종은 현덕왕후의 아들인가요?,ko,-2.136,0.0,0.5,1.0,1.609,1,0.973
korean_polar_172,온도의 국제 단위는 켈빈(K)인가요?,ko,-0.136,1.0,0.25,1.0,2.079,1,4.193
korean_content_1211,다마스쿠스 전쟁에서 십자군에 맞선 군대는 무엇인가?,ko,1.184,1.0,0.3,1.0,2.079,0,5.563
korean_polar_219,오쇼가쓰(正月)란 원래 도시가미사마(歳神様)라고 하는 그 해의 풍작을 관장하는 신을 맞이하는 행사인가요?,ko,2.864,1.0,0.2,0.857,2.833,1,7.754
korean_content_683,2019년 대구시장은 누구인가?,ko,-1.816,0.0,0.4,1.0,1.609,0,1.193
korean_polar_333,교통은 교통서비스라는 특수한 즉시재 성질을 갖고 있나요?,ko,-1.136,1.0,0.167,0.857,2.197,1,3.085
korean_polar_122,렙톤은 물리학에서 스핀이 ½인가요?,ko,-2.136,0.0,0.75,1.0,1.792,1,1.406
korean_polar_354,구이도 3세는 샤를마뉴의 먼 후손인가요?,ko,-1.136,0.0,0.75,0.8,1.946,1,2.36
korean_polar_146,독일은 징병제를 폐지하였나요?,ko,-2.136,0.0,0.5,1.0,1.609,1,0.973
korean_content_1590,기동전사 건담 방송사는 어디인가요?,ko,-0.816,0.0,0.2,1.0,1.792,0,2.176
korean_polar_35,마켓 가든 작전은 독일이 승리했나요,ko,-0.136,1.0,0.375,1.0,1.792,1,4.031
korean_polar_6,"대법원의 판례공보 인용은, 미국, 독일과 같은 방식을 사용하나요?",ko,-0.136,0.0,0.5,0.875,2.485,1,3.724
korean_content_7862,시칠리아에서 가장 높은 건물은 무엇인가?,ko,0.184,0.0,0.2,1.0,1.946,0,3.33
korean_polar_242,디젤 기관은 실린더 안에 공기를 압축해서 온도를 높인 후 연료를 실린더 안에 분출하면서 스스로 점화되도록 하는 장치인가요?,ko,1.864,1.0,0.5,0.824,2.944,1,7.132
korean_polar_329,초자아는 자아의 방위를 일으키는 원인인가요?,ko,-0.136,1.0,0.375,1.0,1.946,1,4.185
korean_content_5948,LG의 설립년도는 언제인가?,ko,-0.816,0.0,0.2,1.0,1.609,0,1.993
korean_content_4361,역사상 가장 많은 식민지를 가졌던 나라는 무엇인가?,ko,2.184,1.0,0.3,1.0,2.197,0,6.681
korean_content_1598,히틀러는 어느 나라에서 죽었는가?,ko,-0.816,0.0,0.4,0.75,1.792,0,2.126
korean_polar_56,신구약 성경의 원본은 존재하는가?,ko,-0.136,0.0,0.25,1.0,1.792,1,2.906
korean_content_562,카툰 네트워크는 언제 설립 되었는가?,ko,-0.816,0.0,0.6,1.0,1.946,0,2.73
korean_content_2252,흑사병은 언제 사라졌는가?,ko,-1.816,0.0,0.4,1.0,1.609,0,1.193
korean_polar_99,창세기는 구약으로는 모세오경 첫 번째 권에 해당하나요?,ko,-0.136,0.0,0.75,0.857,2.197,1,3.668
korean_polar_362,샤를 드 골의 아버지는 앙리 드골인가요?,ko,-0.136,0.0,0.5,1.0,2.079,1,3.443
korean_content_6388,역사상 가장 오래된 책은 무엇인가?,ko,0.184,1.0,0.3,1.0,1.946,0,4.43
korean_content_947,1차 산업혁명은 언제 일어났는가?,ko,-0.816,0.0,0.4,1.0,1.792,0,2.376
korean_content_8243,세상에서 가장 더운 나라는 어디인가?,ko,0.184,0.0,0.2,1.0,1.946,0,3.33
korean_content_5107,2018년 한해동안 가장 많이 판매된 카메라는 무엇인가?,ko,1.184,1.0,0.3,1.0,2.197,0,5.681
korean_polar_76,대폭발은 우주의 처음을 설명하는 우주론 모형인가요?,ko,-0.136,1.0,0.5,1.0,2.079,1,4.443
korean_polar_206,사냥의 몫은 암사자들인가요?,ko,-1.136,0.0,0.25,1.0,1.609,1,1.723
korean_polar_16,알루미늄은 좋은 전기 도체인가?,ko,-2.136,0.0,0.75,1.0,1.792,1,1.406
korean_polar_368,ROM 이미지는 임베디드 컴퓨터용인가요?,ko,-1.136,0.0,0.5,0.75,1.792,1,1.906
korean_content_779,벨기에에서 가장 큰 호수는 무엇인가?,ko,0.184,0.0,0.2,1.0,1.946,0,3.33
korean_polar_262,알렉산드르 2세 출생지는 러시아 어디인가요?,ko,-0.136,0.0,0.5,1.0,1.946,1,3.31
korean_content_548,멀티미디어에서 사용자의 상호작용을 제공하여 컴퓨터 게임이나 컴퓨터 기반 훈련을 사용하여 진행 상황을 제어할 수는 콘텐츠는 무엇을 말하나요?,ko,4.184,2.0,0.4,0.765,2.944,0,10.293
korean_polar_114,1906 년 조지 레버 웨일랜드가 닳고 연마된 석영 자갈이 플레시오사우루스와 용각류 공룡과 함께 발견된 것을 보고하고 이 돌을을 위석으로 해석하였나요?,ko,3.864,1.0,0.583,0.7,3.091,1,9.238
korean_content_11154,버지니아주는 미국 합중국에 언제 가입했나요?,ko,-0.816,0.0,0.6,1.0,1.946,0,2.73
korean_polar_195,산스크리트어는 베다 산스크리트어의 발전형인가요?,ko,-1.136,0.0,0.5,1.0,1.792,1,2.156
korean_polar_193,"1914년 4월 1일 개성군, 풍덕군을 통폐합하여 개성군을 설치하였나요?",ko,-0.136,0.0,0.75,0.875,2.398,1,3.887
korean_polar_345,"팔분위각(八分位角)은 세미스퀘어(semi-square, SSq)는 45°의 각도인가요?",ko,-1.136,0.0,0.75,0.444,2.639,1,2.697
korean_polar_236,독일의 프랑스 침공은 성공하였는가?,ko,-1.136,0.0,0.25,1.0,1.792,1,1.906
korean_content_6518,모차르트는 어느 나라 사람인가?,ko,-0.816,0.0,0.4,0.75,1.792,0,2.126
korean_content_8795,이탈리아에서 가장 큰 주는 무엇인가?,ko,0.184,0.0,0.2,1.0,1.946,0,3.33
korean_polar_49,산스크리트어는 인도의 고전어인가요?,ko,-2.136,0.0,0.5,1.0,1.609,1,0.973
korean_polar_70,도미니카 공화국의 모든 지역은 섬으로 구성되어 있나요?,ko,-0.136,0.0,0.5,0.857,2.197,1,3.418
korean_content_11396,"2019년 기준, 세상에서 가장 빠른 항공기는 무엇인가?",ko,0.184,0.0,0.4,1.0,2.303,0,3.887
korean_polar_380,오픈 액세스의 진정한 의미의 시작은 1995년 6월 미국 스탠포드 대학교 도서관의 HighWire에서 찾을 수 있나요?,ko,1.864,1.0,0.333,1.0,2.833,1,7.03
korean_content_242,중국에 가장 많은 민족은 무엇인가?,ko,0.184,0.0,0.2,1.0,1.946,0,3.33
korean_polar_53,스코틀랜드에는 영국 의회의 하원 의석 가운데 72석이 할당되어 있나요?,ko,1.864,0.0,0.5,0.778,2.398,1,5.54
korean_content_3422,성취목표이론과 내적동기이론은 어떤 차이가 있는가?,ko,-0.816,0.0,0.0,0.6,1.946,0,1.73
korean_content_5158,코미디 센트럴 미국 개국일은 언제인가요?,ko,0.184,0.0,0.2,1.0,1.946,0,3.33
korean_polar_39,움직임 보상(영어: Motion Compensation)은 대부분의 동영상 압축 기술들에서 사용하고 있는 기술이다.,ko,0.864,1.0,0.25,0.692,2.773,1,5.579
korean_content_6797,그리스에서 가장 오래된 건축물은 무엇인가?,ko,0.184,1.0,0.3,1.0,1.946,0,4.43
korean_content_9760,디아블로1은 몇 년도에 출시되었는가?,ko,-0.816,0.0,0.4,1.0,1.792,0,2.376
korean_polar_267,사회주의는 기존의 민주주의나 자본주의에 비해 훨씬 진보된 체제(ex: 민주사회주의 또는 사회민주주의)를 의미하나요?,ko,2.864,1.0,0.5,0.643,2.89,1,7.897
korean_polar_371,열대야는 야간의 최저 기온이 25℃ 이상인 밤을 뜻하나요?,ko,0.864,1.0,0.5,1.0,2.303,1,5.667
korean_content_2133,2019년 기준 비공식 국가는 몇 개국인가?,ko,0.184,0.0,0.4,1.0,2.079,0,3.663
korean_polar_211,고대 이집트 문명은 나일 강 하류에서 번성한 문명인가요?,ko,0.864,1.0,0.375,1.0,2.303,1,5.542
korean_polar_269,일본에서는 사형제도가 시행되고 있는가?,ko,-2.136,0.0,0.5,0.75,1.792,1,0.906
korean_polar_176,지구 대기권은 다섯 층으로 나누나요?,ko,-1.136,0.0,0.5,0.8,1.946,1,2.11
korean_polar_279,중세는 기독교 사상에 의해 시대적 통일성이 형성된 시기인가요?,ko,0.864,1.0,0.5,0.875,2.303,1,5.542
korean_content_6963,자금성은 언제 완공되엇는가?,ko,-1.816,0.0,0.4,1.0,1.609,0,1.193
korean_content_5362,프랑스 지리 좌표는 무엇인가요?,ko,0.184,0.0,0.2,1.0,1.792,0,3.176
korean_content_10355,말갈은 현재의 어느 국가인가?,ko,-1.816,0.0,0.6,0.75,1.792,0,1.326
korean_content_8074,중국에는 몇 개의 강이 있는가?,ko,0.184,0.0,0.0,1.0,1.946,0,3.13
korean_content_5817,세상에서 가장 큰 차는 무엇인가?,ko,0.184,0.0,0.2,1.0,1.946,0,3.33
korean_content_1346,일본에서 가장 오래된 학교는 무엇인가?,ko,0.184,1.0,0.3,1.0,1.946,0,4.43
korean_polar_100,한국에서 목사는 4년제 대학교를 족업해야 하나요?,ko,-1.136,0.0,0.75,0.833,2.079,1,2.526
korean_polar_188,스웨덴에 시구르드는 이름이 새겨진 암각화가 있나요?,ko,-0.136,1.0,0.5,1.0,2.079,1,4.443
korean_content_10293,한국에는 몇 개의 법원이 있는가?,ko,0.184,0.0,0.0,1.0,1.946,0,3.13
korean_content_8694,2008년 대학수학능력시험 날짜는 언제인가요?,ko,-0.816,0.0,0.4,1.0,1.792,0,2.376
korean_polar_50,미토콘드리아의 내막은 구불구불 접혀져 있나요?,ko,-1.136,0.0,0.5,0.8,1.946,1,2.11
korean_polar_217,화랑도의 이념은 오로지 개인의 수양과 단련을 통한 국가에의 봉사인가요?,ko,0.864,1.0,0.625,0.889,2.398,1,5.776
korean_content_5497,르네상스 운동을 부흥시킨 사람은 누구인가요?,ko,1.184,1.0,0.2,1.0,1.946,0,5.33
korean_polar_251,세포막은 인지질 이중층이라는 두 겹의 인지질로 구성되어 있나요?,ko,-0.136,1.0,0.375,0.75,2.303,1,4.292
korean_polar_155,"모빌슈트는 정비 및 보급, 승무원 거주가 가능한 전함급 함정에서 운용되는 것을 전제로 하나요?",ko,3.864,1.0,0.417,0.923,2.773,1,8.977
korean_polar_311,오행이라는 것은 목·화·토·금·수의 오원소를 말하나요?,ko,-1.136,1.0,0.25,1.0,1.946,1,3.06
korean_polar_253,"세포의 영어 낱말 cell(셀)은 작은 방을 의미하는 라틴어의 ""켈라(cella)""에서 유래하였나요?",ko,1.864,1.0,0.375,0.714,2.996,1,6.949
korean_polar_134,십자군은 중세 라틴 교회의 공인을 받은 종교전쟁인가요?,ko,1.864,1.0,0.375,1.0,2.197,1,6.436
korean_content_1453,체르노빌 원전 사고로 사망한 인원은 몇 명인가?,ko,2.184,1.0,0.3,1.0,2.197,0,6.681
korean_content_3101,러시아의 첫번째 대통령은 누구인가요?,ko,-0.816,0.0,0.2,1.0,1.792,0,2.176
korean_polar_327,레오니트 일리치 브레주네프는 언제 공산당 청년조직인 콤소몰에 참가하였나요?,ko,-0.136,1.0,0.5,1.0,2.303,1,4.667
korean_content_303,이슬람은 몇 년도에 시작되었는가?,ko,-0.816,0.0,0.4,1.0,1.792,0,2.376
korean_content_2111,경기도에는 몇개의 도시가 있나요?,ko,-0.816,0.0,0.4,0.75,1.792,0,2.126
korean_content_6104,일본에서 가장 많은 판매수를 기록한 만화책은 무엇인가?,ko,2.184,1.0,0.3,1.0,2.197,0,6.681
korean_content_5755,세상에서 가장 큰 규모의 쿠테타는 무엇인가?,ko,1.184,0.0,0.2,1.0,2.079,0,4.463
korean_polar_212,창세기는 타나크의 율법서 토라의 첫 번째 권인가요?,ko,-0.136,0.0,0.75,0.857,2.197,1,3.668
korean_polar_63,심리극은 연극의 틀과 기법을 이용한 심리 요법인가요?,ko,0.864,1.0,0.5,0.857,2.197,1,5.418
korean_polar_220,위석(Gastrolith)은 위를 뜻하는 그리스어 가스트로(gastro)와 돌을 뜻하는 그리스어 리토스(lithos)를 조합한 단어인가요?,ko,1.864,1.0,0.312,0.75,2.996,1,6.922
korean_polar_102,지구의 대기권은 기체층으로 지표에서 고도 약 1000 km까지 존재하나요?,ko,-1.136,0.0,1.0,0.889,2.398,1,3.151
korean_content_1468,노인과 바다는 몇 년도에 쓰여졌는가?,ko,-0.816,0.0,0.4,0.8,1.946,0,2.33
korean_content_1099,일본에는 총 몇 명의 무장이 있었나?,ko,0.184,0.0,0.0,1.0,2.079,0,3.263
korean_content_8999,호주의 2019년 지도자는 누구인가?,ko,-0.816,0.0,0.2,1.0,1.792,0,2.176
korean_content_6109,역사상 가장 많이 공연된 오페라는 무엇인가?,ko,1.184,1.0,0.3,1.0,2.079,0,5.563
korean_content_2672,전주 현재 도지사는 누구인가요?,ko,-0.816,0.0,0.4,1.0,1.792,0,2.376
korean_content_856,닛타 요시사다의 묘소는 어디인가요?,ko,0.184,0.0,0.2,1.0,1.792,0,3.176
korean_content_1365,아칸소주는 언제 미국 연방에 가입했나요?,ko,-0.816,0.0,0.6,1.0,1.946,0,2.73
korean_polar_265,"기업결합은 그것이 시장에서의 경쟁에 미치는 효과를 기준으로 수평기업결합, 수직기업결합, 혼합기업결합으로 구분할 수 있다.",ko,1.864,1.0,0.75,0.923,2.833,1,7.37
korean_polar_80,"스피노자에게 있어서 자연, 신, 그리고 단 하나뿐인 실체는 같은 개념인가요?",ko,0.864,1.0,0.5,0.8,2.639,1,5.803
korean_content_3837,중국국제항공 창립주는 누구인가요?,ko,-0.816,0.0,0.2,1.0,1.609,0,1.993
korean_content_7591,일본은 언제 진주만 공격을 시작했나요?,ko,-1.816,0.0,0.8,1.0,1.946,0,1.93
korean_polar_68,그래핀의 열 전도도는 5000k로 높은 열 전도도를 가진 다이아몬드의 2배 이상인가요?,ko,1.864,1.0,0.5,1.0,2.565,1,6.929
korean_polar_318,대한민국에서 아파트 한 채의 규모는 건축법시행령의 규정에서 밝힌 바닥면적을 기준으로 하나요?,ko,0.864,1.0,0.625,0.909,2.565,1,5.963
korean_content_11108,중국은 몇 개의 도시로 이루어져있는가?,ko,0.184,0.0,0.4,1.0,1.946,0,3.53
korean_content_5160,브라질의 거대예수상이 만들어진 년도는 언제인가?,ko,1.184,1.0,0.2,1.0,1.946,0,5.33
korean_content_9380,2018년 덴마크에서 가장 높은 빌딩은 무엇인가?,ko,0.184,0.0,0.4,1.0,2.079,0,3.663
korean_polar_90,오세트인은 이란계 민족인가요?,ko,-2.136,0.0,0.5,1.0,1.609,1,0.973
korean_polar_316,엘라 피츠제럴드는 재즈 가수인가요?,ko,-1.136,0.0,0.5,1.0,1.792,1,2.156
korean_polar_1,현대의 물리학이 고찰할 수 있는 최초의 우주는 대폭발 이후 10−43초 부터인가요?,ko,0.864,1.0,0.625,1.0,2.565,1,6.054
korean_content_7581,한국의 불교는 언제 전해졌는가?,ko,-0.816,0.0,0.4,1.0,1.792,0,2.376
korean_content_988,2018년 한국에 알콜 중독자는 몇명인가?,ko,-0.816,0.0,0.6,1.0,1.946,0,2.73
korean_content_10213,데니스 키스 로드먼의 생일은 언제인가요?,ko,0.184,0.0,0.2,1.0,1.946,0,3.33
korean_polar_268,"그래핀의 결정 구조는, 한 꼭짓점에 세 개의 결합이 붙는 원자 구조(sp2 결합)에 의해 육각형 형태의 연결이 2차원 방향으로 뻗어나간 모양을 하나요?",ko,4.864,1.0,0.583,0.783,3.258,1,10.488
korean_content_10971,가장 많은 비틀즈의 곡을 작곡한 사람은 누구인가?,ko,2.184,1.0,0.2,1.0,2.197,0,6.581
korean_content_250,기엠 9세의 모국어는 무엇인가요?,ko,0.184,0.0,0.2,0.75,1.792,0,2.926
korean_polar_323,샤를 드 골의 어머니는 릴의 부유한 사업가 집안 후손인가요?,ko,-0.136,0.0,0.25,1.0,2.398,1,3.512
korean_polar_112,"버스 데이는 가면라이더 버스가 여섯 개의 셀 메달을 넣어, 여섯 개의 버스 CLAWs 유닛들을 모두 장착한 형태인가요?",ko,0.864,1.0,0.625,0.765,2.996,1,6.25
korean_content_6611,2018년 프랑스를 방문한 관광객은 몇 명인가?,ko,0.184,1.0,0.4,1.0,2.079,0,4.663
korean_content_5673,최초로 천체 망원경을 개발한 사람은 누구인가?,ko,1.184,1.0,0.3,1.0,2.079,0,5.563
korean_polar_276,일본은 군도 국가인가요?,ko,-2.136,0.0,0.5,1.0,1.609,1,0.973
korean_polar_85,아우토슈타트에는 자동차 제조에 헌신한 7개의 전시관이 있나요?,ko,0.864,1.0,0.375,0.857,2.197,1,5.293
korean_content_3431,세상에서 가장 빠른 네발동물은 무엇인가?,ko,0.184,0.0,0.2,1.0,1.946,0,3.33
korean_content_10639,초나라가 멸망한 이유는 무엇인가?,ko,0.184,1.0,0.2,1.0,1.792,0,4.176
korean_content_6767,세상에서 가장 산도가 높은 기체는 무엇인가?,ko,0.184,0.0,0.2,1.0,2.079,0,3.463
korean_content_5096,냉전은 언제 시작 되었는가?,ko,-1.816,0.0,0.6,1.0,1.792,0,1.576
korean_polar_51,한국 법률상의 친족 사이에서는 혼인이 금지되나요?,ko,0.864,0.0,0.5,1.0,2.079,1,4.443
korean_content_2273,서로마의 수도는 어디인가요?,ko,-0.816,0.0,0.2,1.0,1.609,0,1.993
korean_polar_7,독점규제법에서는 누구든지 직접 또는 특수관계인을 통하여 다른 회사와의 합병을 함으로써 일정한 거래분야에서 경쟁을 실질적으로 제한하는 행위를 제한하나요?,ko,3.864,1.0,0.583,0.882,2.944,1,9.273
korean_content_3502,폴란드에서 개발한 게임 중 가장 많이 판매된게임은 무엇인가?,ko,2.184,1.0,0.2,1.0,2.303,0,6.687
korean_polar_28,실재주의 기본 핵심원리는 독립성의 원리인가요?,ko,-1.136,0.0,0.5,1.0,1.946,1,2.31
korean_content_2869,뉴욕 양키스 구단 창단주는 누구인가요?,ko,1.184,0.0,0.2,1.0,1.946,0,4.33
korean_polar_174,영국에서 레즈비언은 합법적으로 결혼할 수 있나요?,ko,-1.136,1.0,0.5,1.0,2.079,1,3.443
korean_content_8879,기타 잇키의 생일은 언제인가요?,ko,0.184,0.0,0.2,1.0,1.792,0,3.176
korean_content_5803,로마 가톨릭교회는 언제 만들어졌는가?,ko,-0.816,0.0,0.4,1.0,1.792,0,2.376
korean_polar_346,주체사상(主體思想)은 조선민주주의인민공화국의 공식 이념인가요?,ko,-1.136,0.0,0.75,0.833,2.197,1,2.644
korean_content_3454,일리노이주 지리 좌표는 무엇인가요?,ko,0.184,0.0,0.2,1.0,1.792,0,3.176
korean_polar_336,포도당의 상태는 고체인가요?,ko,-1.136,0.0,0.25,1.0,1.609,1,1.723
korean_content_9078,아메리칸 항공 1420편 활주로 이탈사고가 일어난 이유는 무엇인가?,ko,3.184,1.0,0.3,1.0,2.303,0,7.787
korean_polar_137,이슬람은 알라 이외에 다른 신은 없다고 믿는 유일신 종교인가요?,ko,-0.136,1.0,0.5,1.0,2.398,1,4.762
korean_content_4923,이탈리아에서 가장 큰 교회는 무엇인가?,ko,0.184,0.0,0.2,1.0,1.946,0,3.33
korean_polar_121,1986년에는 구리-페롭스카이트(perovskite) 계 세라믹 물질에서 임계 온도가 90 K(켈빈)을 넘는 고온 초전도체가 발견 하나요?,ko,1.864,1.0,0.875,0.706,2.996,1,7.441
korean_content_2280,2018년 롤렉스사의 소유주는 누구인가?,ko,-0.816,0.0,0.4,1.0,1.792,0,2.376
korean_polar_372,삼배팔분위각(三倍八分位角) 또는 세스퀴쿼드레이트(sesquiquadrate 또는 Ses)는 135°의 각도인가요?,ko,0.864,0.0,0.5,0.4,2.565,1,4.329
korean_content_2916,알렉산더 대왕은 언제 사망했는가?,ko,-0.816,0.0,0.4,1.0,1.792,0,2.376
korean_polar_126,단당류는 수용성의 결정성 고체인가요?,ko,-2.136,0.0,0.75,1.0,1.792,1,1.406
korean_content_835,터키에는 기독교 인구가 얼마나 되니?,ko,-0.816,0.0,0.6,1.0,1.946,0,2.73
korean_polar_326,마르크스는 사회주의 혁명가인가요?,ko,-2.136,0.0,0.5,1.0,1.609,1,0.973
korean_polar_225,리투아니아는 발트 3국 가운데 가장 영토가 넓나요?,ko,-0.136,0.0,1.0,1.0,2.197,1,4.061
korean_polar_26,금속은 전기를 전도할 수 있는가?,ko,-1.136,0.0,0.75,1.0,1.946,1,2.56
korean_content_10801,버지니아주의 크기는 얼마인가?,ko,-0.816,0.0,0.2,1.0,1.609,0,1.993
korean_polar_208,커피 벨트는 커피나무를 재배할 수 있는 위도 범위를 뜻하나요?,ko,0.864,1.0,0.5,1.0,2.398,1,5.762
korean_polar_314,화의군은 세종과 영빈 강씨의 아들인가요?,ko,-0.136,0.0,0.5,0.8,1.946,1,3.11
korean_polar_300,뇌와 척수는 연합 뉴런으로 이루어져 있나요?,ko,-1.136,0.0,0.5,0.667,2.079,1,2.11
korean_polar_55,오페라는 각본이 있는 음악 장르인가요?,ko,-1.136,0.0,0.75,1.0,1.946,1,2.56
korean_polar_96,쇼와 시대는 20세기 일본의 연호의 하나인가요?,ko,-0.136,0.0,0.5,1.0,2.079,1,3.443
korean_polar_74,용은 십이지 중 다섯 번째 동물이자 유일한 상상의 동물인가요?,ko,-1.136,0.0,0.375,0.778,2.398,1,2.415
korean_polar_78,브리튼 제도 또는 영국 제도(British Isles)는 유럽의 서쪽에 자리잡은 그레이트브리튼섬과 아일랜드섬을 비롯한 주위의 여러 작은 섬으로 이루어진 제도인가요,ko,4.864,1.0,0.375,0.75,3.091,1,10.08
korean_polar_21,영국은 모병제를 실시하고 있나요?,ko,-2.136,0.0,0.5,0.75,1.792,1,0.906
korean_content_3386,덴포의 개혁은 언제 끝났나요?,ko,-0.816,0.0,0.4,1.0,1.792,0,2.376
korean_polar_135,월드 와이드 웹(WWW)는 1989년 CERN의 팀 버너스 리가 만들었나요?,ko,-0.136,0.0,0.75,1.0,2.485,1,4.099
korean_content_4690,프랑스 카톨릭 교회의 초대 추기경은 누구인가?,ko,0.184,0.0,0.2,1.0,2.079,0,3.463
korean_content_4859,지토 천황 전임자는 누구인가요?,ko,0.184,0.0,0.2,1.0,1.792,0,3.176
korean_content_3861,역사상 가장 큰 공룡은 무엇인가?,ko,0.184,0.0,0.2,1.0,1.946,0,3.33
korean_polar_75,용의 등에는 81장의 큰 비늘이 한 줄로 있나요?,ko,-1.136,0.0,0.75,0.75,2.303,1,2.667
korean_polar_239,무슬림은 꾸란을 믿나요?,ko,-2.136,0.0,0.5,1.0,1.609,1,0.973
korean_polar_36,조선은 일본의 통치를 몇 년간 받았나?,ko,-1.136,0.0,0.75,1.0,2.079,1,2.693
korean_polar_57,"영국의 에드먼드 핼리가 핼리 혜성의 주기를 계산, 다음 출현을 예견함으로써 태양계의 천체임을 입증하였나요?",ko,1.864,0.0,0.75,1.0,2.773,1,6.387
korean_content_1564,호주의 수도는 언제 정해졌는가?,ko,-0.816,0.0,0.4,1.0,1.792,0,2.376
korean_content_1645,미국 역사상 최연소 무기징역을 선고받은 범죄자는 누구인가?,ko,1.184,1.0,0.3,1.0,2.197,0,5.681
korean_content_5820,알고리즘의 특징 중 변하지 않는 명확한 작업 단계를 가지는 특징을 무엇이라 하나요?,ko,5.184,1.0,0.16,0.917,2.639,0,9.9
korean_polar_335,오토 레하겔은 언제 키커스 오펜바흐의 감독을 맡았나요?,ko,-0.136,0.0,0.75,1.0,2.197,1,3.811
korean_content_8151,닥터 후는 언제 첫방송 되었나요?,ko,-0.816,0.0,0.6,1.0,1.946,0,2.73
korean_polar_222,로마는 지중해성 기후인가요?,ko,-2.136,0.0,0.5,1.0,1.609,1,0.973
korean_content_3514,서울교통공사는 언제 창단했나요?,ko,-1.816,0.0,0.4,1.0,1.609,0,1.193
korean_polar_377,매스 이펙트는 캐나다 회사인가요?,ko,-1.136,0.0,0.5,1.0,1.792,1,2.156
korean_content_9995,한국에서 지진은 몇 차례 발생했나요?,ko,-0.816,0.0,0.6,1.0,1.946,0,2.73
korean_content_1485,존 웨슬리가 감리교를 설립한 년도는 언제인가?,ko,1.184,1.0,0.3,1.0,2.079,0,5.563
korean_polar_18,교토는 일본의 역사적인 도시인가요?,ko,-2.136,1.0,0.375,1.0,1.792,1,2.031
korean_content_11380,조선의 제13대 임금은 누구인가요?,ko,-0.816,0.0,0.2,0.75,1.792,0,1.926
korean_content_9888,미국의 첫 대통령은 누구인가?,ko,-0.816,0.0,0.2,0.75,1.792,0,1.926
korean_content_6925,일본의 올림픽은 언제 열리나요?,ko,-0.816,0.0,0.4,1.0,1.792,0,2.376
korean_content_6476,액체의 용해점은 무엇인가?,ko,-0.816,0.0,0.2,1.0,1.609,0,1.993
korean_content_6634,양성평등이 의미하는 것은 무엇인가?,ko,0.184,1.0,0.2,1.0,1.792,0,4.176
korean_polar_291,뇌졸중이 죽음을 일으킬 수 있는가?,ko,-1.136,0.0,0.75,1.0,1.946,1,2.56
korean_content_1807,멕시코에서 가장 높은 건물은 무엇인가?,ko,0.184,0.0,0.2,1.0,1.946,0,3.33
korean_polar_286,성리학을 주자학이라고도 하나요?,ko,-1.136,0.0,0.25,1.0,1.609,1,1.723
korean_content_6920,일본의 첫 지하철은 무엇인가?,ko,-0.816,0.0,0.2,0.75,1.792,0,1.926
korean_content_6033,자본주의 국가 중 가장 큰 국가는 어디인가?,ko,1.184,0.0,0.2,1.0,2.197,0,4.581
korean_content_10459,최초로 만들어진 록 밴드는 무엇인가?,ko,0.184,1.0,0.2,1.0,1.946,0,4.33
korean_content_8576,최초로 노벨 물리학상을 수상한 사람은 누구인가?,ko,1.184,1.0,0.3,1.0,2.079,0,5.563
korean_content_10742,북극성은 언제 처음 관측되었는가?,ko,-0.816,0.0,0.4,1.0,1.792,0,2.376
korean_content_1009,프랑스 대혁명은 언제 끝나나요?,ko,-0.816,0.0,0.4,1.0,1.792,0,2.376
korean_polar_108,일반상대성이론에서 중력파는 시공간의 곡률이 변화하는 상황에서 생기게 하나요?,ko,0.864,1.0,0.5,0.875,2.303,1,5.542
korean_content_11159,2018년 중국에서 가장 많이 판매된 자동차는 무엇인가?,ko,1.184,1.0,0.4,1.0,2.197,0,5.781
korean_content_613,일본에서 가장 긴 지하철은 무엇인가?,ko,0.184,0.0,0.2,1.0,1.946,0,3.33
korean_polar_214,덴포의 개혁의 목적은 막부 재정을 재건하기 위한 목적인가요?,ko,0.864,2.0,0.333,1.0,2.303,1,6.5
korean_polar_332,터키 이스탄불의 원래 이름을 비잔티움이라고 하나요?,ko,-0.136,0.0,0.25,1.0,2.079,1,3.193
korean_content_4442,세상에서 가장 많은 상을 수상한 영화감독은 누구인가?,ko,2.184,1.0,0.3,1.0,2.197,0,6.681
korean_content_2247,미국에서 첫번째로 기네스북에 오른 사람은 누구인가요?,ko,0.184,1.0,0.4,1.0,2.079,0,4.663
korean_polar_154,예쁜꼬마선충은 가장 먼저 전체 DNA의 염기서열이 분석된 동물인가요?,ko,0.864,1.0,0.5,1.0,2.303,1,5.667
korean_polar_274,인권은 법이 있는가?,ko,-2.136,0.0,0.0,1.0,1.609,1,0.473
korean_polar_317,"코스피 지수(KOrea composite Stock Price Index, 약어 :KOSPI)는 한국거래소의 유가증권시장에 상장된 회사들에 주식에 대한 총합인 시가총액의 기준시점과 비교시점을 비교하여 나타낸 지표인가요?",ko,3.864,1.333,0.35,0.609,3.296,1,9.452
korean_content_8929,그리스에서 가장 많은 논문을 발표한 사람은 누구인가?,ko,2.184,1.0,0.3,1.0,2.197,0,6.681
korean_polar_40,현재의 영상을 부호화 하기 위하여 기존에 부호화 된 영상의 영역을 가져와서 예측을 하도록 하는 것이 주 목적인가요?,ko,3.864,1.0,0.562,0.824,2.944,1,9.194
korean_polar_306,토종벌낭충봉아부패병의 원인 바이러스는 한국형 낭충봉아부패병 바이러스인가요?,ko,-1.136,0.0,0.5,1.0,2.079,1,2.443
korean_polar_143,"박피(debarking) – 조각만들기(chipping) – 스크리닝 – 펄핑(화학적, 기계적) 순으로 펄프를 만드나요?",ko,1.864,1.0,0.5,0.818,3.091,1,7.273
korean_content_1584,늑대의 등 뒤는 무슨 색을 띄나요?,ko,0.184,0.0,0.4,0.833,2.079,0,3.496
korean_polar_44,거성은 광도가 10배에서 수천 배 사이인가요?,ko,-1.136,0.0,1.0,0.833,2.079,1,2.776
korean_content_1121,동탁은 몇 년도에 죽었는가?,ko,-0.816,0.0,0.4,1.0,1.792,0,2.376
korean_content_9560,세상에서 가장 많은 결혼을 한 사람은 누구인가?,ko,2.184,1.0,0.3,1.0,2.197,0,6.681
korean_content_2496,프랑스에는 몇 개의 국립도서관이 있나요?,ko,0.184,0.0,0.4,1.0,1.946,0,3.53
korean_content_11321,스위스 수도는 어디인가요?,ko,-0.816,0.0,0.2,1.0,1.609,0,1.993
korean_polar_69,반환 지향 프로그래밍은 스택 스매싱의 진화된 버전인가요?,ko,-0.136,1.0,0.375,1.0,2.197,1,4.436
korean_content_5992,전통적인 소고의 지름은 몇 센티미터인가?,ko,0.184,1.0,0.2,1.0,1.946,0,4.33
korean_content_1522,백악관은 어디에 있는가?,ko,-1.816,0.0,0.0,1.0,1.609,0,0.793
korean_content_8828,세상에서 가장 큰 왕국은 무엇인가?,ko,0.184,0.0,0.2,1.0,1.946,0,3.33
korean_content_7347,공룡이 멸종한 이유는 무엇인가?,ko,0.184,1.0,0.2,1.0,1.792,0,4.176
korean_polar_59,리투아니아는 빙하로 조각된 나라인가요?,ko,-1.136,1.0,0.375,1.0,1.792,1,3.031
korean_content_11254,분자에서 입자를 분리시켜 전리시킬수 있는 방사선은 무엇인가요?,ko,2.184,1.0,0.2,0.857,2.197,0,6.438
korean_polar_244,정보 이론에서 정보량은 확률에 반비례 하나요?,ko,-1.136,0.0,1.0,1.0,2.079,1,2.943
korean_content_4160,처음으로 성전환수술을 받은 사람은 누구인가?,ko,0.184,1.0,0.3,1.0,1.946,0,4.43
korean_content_2659,세상에서 가장 긴 터널은 무엇인가?,ko,0.184,0.0,0.2,1.0,1.946,0,3.33
korean_content_3713,레몬을 심으려면 어떤 토양이 필요한가?,ko,0.184,0.0,0.2,0.6,1.946,0,2.93
korean_polar_312,노브고로드 공화국 입법은 베체 체제인가요?,ko,-0.136,0.0,0.5,1.0,1.946,1,3.31
korean_content_5774,케네디는 언제 암살을 당했는가?,ko,-1.816,0.0,0.6,1.0,1.792,0,1.576
korean_content_9148,3D펜은 언제 개발되었는가?,ko,-1.816,0.0,0.4,0.667,1.609,0,0.86
korean_content_981,이황은 자는 무엇인가?,ko,-1.816,0.0,0.4,1.0,1.609,0,1.193
korean_content_3118,이경규는 언제 데뷔했는가?,ko,-1.816,0.0,0.4,1.0,1.609,0,1.193
korean_polar_266,독점규제법 상의 「기업결합심사기준」은 기업결합을 이와 같이 세 가지 유형으로 구분하여 경쟁제한성을 판단하나요?,ko,0.864,0.0,0.75,0.692,2.773,1,5.079
korean_polar_347,김대중 납치한 사건은 미제사건인가?,ko,-0.136,1.0,0.25,1.0,1.792,1,3.906
korean_polar_210,극초신성은 일반적인 초신성보다 훨씬 더 밝고 강렬한 희귀한 유형의 초신성인가요?,ko,1.864,1.0,0.25,0.9,2.485,1,6.499
korean_polar_233,태양은 빛과 함께 대전된 입자를 발산하나요?,ko,0.864,1.0,0.375,0.833,2.079,1,5.151
korean_content_3372,정여립은 언제 사망했나요?,ko,-1.816,0.0,0.4,1.0,1.609,0,1.193
korean_polar_131,"서양 철학은 자유의지와 관련해 크게 양립가능론(compatibilism), 양립불가론(incompatibilism)으로 나누나요?",ko,-0.136,0.0,0.75,0.6,2.639,1,3.853
korean_content_3182,트리케라톱스의 화석이 전시되어있는 박물관은 어디인가?,ko,1.184,1.0,0.2,1.0,1.946,0,5.33
korean_polar_168,태양계의 바깥쪽 지대는 거대한 가스 행성과 행성급 덩치를 지닌 위성이 존재하는 곳인가요?,ko,2.864,1.0,0.25,0.917,2.639,1,7.67
korean_content_11089,하이텔은 언제 처음 사용되기 시작한 서비스인가요?,ko,0.184,2.0,0.333,1.0,2.079,0,5.596
korean_content_2174,누가 시를 발명했는가?,ko,-1.816,0.0,0.4,0.667,1.609,0,0.86
korean_content_4465,가장 많은 앨범을 판매한 한국 가수는 누구인가?,ko,2.184,1.0,0.2,1.0,2.197,0,6.581
korean_content_8677,이과수 폭포는 어느 나라에 있는가?,ko,-0.816,0.0,0.0,0.8,1.946,0,1.93
korean_content_726,오세창은 언제 대한제국의 관료가 되었는가?,ko,-0.816,0.0,0.6,1.0,1.946,0,2.73
korean_content_537,2018년 가장 높은 수익을 올린 특허는 무엇인가?,ko,2.184,1.0,0.3,1.0,2.197,0,6.681
korean_content_10306,성폭력 형량이 가장 긴 나라는 무엇인가?,ko,1.184,0.0,0.2,1.0,2.079,0,4.463
korean_polar_199,소프트웨어 공학에서 프론트 엔드와 백엔드라는 용어는 소프트웨어의 presentation layer (프론트 엔드)과 data access layer (백엔드) 또는 물리구조 또는 하드웨어 사이의 관심사를 분리하는 것을 의미하나요?,ko,4.864,1.0,0.333,0.64,3.401,1,10.238
korean_polar_139,오페라 부파는 오페라 세리아와 대립되는 말인가요?,ko,-1.136,0.0,0.25,0.833,2.079,1,2.026
korean_content_4629,1810년 미국 대통령은 누구인가요?,ko,-0.816,0.0,0.4,1.0,1.792,0,2.376
korean_polar_325,모노프탈모스는 애꾸눈이란 뜻인가요?,ko,-2.136,1.0,0.25,1.0,1.609,1,1.723
korean_content_7241,한국전쟁이 일어난 이유는 무엇인가?,ko,0.184,1.0,0.2,1.0,1.792,0,4.176
korean_content_10312,2007 UEFA 챔피언스리그에 참여한 참여한 팀은 총 몇개인가?,ko,2.184,1.0,0.2,0.75,2.303,0,6.437
korean_polar_43,인도는 핵무기를 가지고 있는가?,ko,-2.136,0.0,0.5,0.75,1.792,1,0.906
korean_polar_58,총리대신 이완용은 고종에게 순종의 황제 대리청정을 진언하였나요?,ko,-0.136,0.0,0.75,1.0,2.197,1,3.811
korean_polar_281,이슬람교와 기독교는 동일한 절대자를 숭배하나요?,ko,-1.136,0.0,0.25,0.8,1.946,1,1.86
korean_content_8976,일본에는 몇개의 유치원이 있나요?,ko,-0.816,0.0,0.4,0.75,1.792,0,2.126
korean_content_8277,히틀러가 죽은 날은 언제인가?,ko,0.184,1.0,0.2,1.0,1.792,0,4.176
korean_content_3130,프리드리히 2세의 후임자는 누구인가요?,ko,0.184,0.0,0.2,0.75,1.792,0,2.926
korean_content_3194,인간 배아를 이용한 줄기세포의 종류는 무엇인가요?,ko,2.184,1.0,0.2,1.0,2.079,0,6.463
korean_content_3480,이성계가 건국한 나라는 어디인가?,ko,0.184,1.0,0.2,1.0,1.792,0,4.176
korean_polar_218,혜성의 본체는 핵으로 불리나요?,ko,-1.136,0.0,0.5,1.0,1.792,1,2.156
korean_polar_113,촉매 활성을 개선하는 화학종을 공촉매라고 하나요?,ko,0.864,1.0,0.25,1.0,2.079,1,5.193
korean_polar_192,렙톤은 강한 핵력에 영향을 받지 않는 기본 입자인가요?,ko,-0.136,1.0,0.625,0.875,2.303,1,4.667
korean_content_9204,오스트레일리아 최대 도시는 어디인가요?,ko,0.184,0.0,0.2,1.0,1.792,0,3.176
korean_polar_227,한국은 핵무기를 가지고 있는가?,ko,-2.136,0.0,0.5,0.75,1.792,1,0.906
korean_content_47,벨기에의 GDP는 무엇인가?,ko,-0.816,0.0,0.2,1.0,1.609,0,1.993
korean_polar_290,바빌론은 고대 메소포타미아에 있는 고대 도시인가요?,ko,-0.136,0.0,0.75,1.0,2.079,1,3.693
korean_polar_125,오행이라는 것은 목·화·토·금·수의 오원소를 말하나요?,ko,-1.136,1.0,0.25,1.0,1.946,1,3.06
korean_polar_270,프랑스어는 로망스어군에 속하는 언어인가요?,ko,-1.136,1.0,0.375,1.0,1.792,1,3.031
korean_content_939,인도네시아 인구는 얼마인가?,ko,-0.816,0.0,0.2,1.0,1.609,0,1.993
korean_content_7644,가시광선의 가장 긴 파장은 무엇인가?,ko,0.184,0.0,0.2,1.0,1.946,0,3.33
korean_polar_238,구지가는 고대 시가의 하나인가요?,ko,-1.136,0.0,0.5,1.0,1.792,1,2.156
korean_content_6497,백강은 금강의 어디 구간을 부르는 이름인가요?,ko,0.184,1.0,0.3,0.833,2.079,0,4.396
korean_content_2365,성남에서 가장 높은 건물은 무엇인가?,ko,0.184,0.0,0.2,1.0,1.946,0,3.33
korean_polar_257,일본은 양원제를 채택하고 있나요?,ko,-2.136,0.0,0.5,0.75,1.792,1,0.906
korean_polar_149,흡연이 암을 유발할 수 있는가?,ko,-1.136,0.0,0.75,1.0,1.946,1,2.56
korean_polar_309,목성은 생물이 살수있는 기후를 가지고있는가?,ko,-0.136,1.0,0.375,1.0,1.946,1,4.185
korean_content_7160,세상에서 가장 오래된 책은 무엇인가?,ko,0.184,1.0,0.3,1.0,1.946,0,4.43
korean_polar_339,경국대전은 조선 최고의 법전인가요?,ko,-1.136,0.0,0.5,1.0,1.792,1,2.156
korean_polar_173,인터넷은 통신 프로토콜을 이용해 정보를 주고받는 컴퓨터 네트워크인가요?,ko,0.864,1.0,0.625,0.875,2.303,1,5.667
korean_content_10838,디아블로 III의 출시일은 언제인가요?,ko,-0.816,0.0,0.4,1.0,1.792,0,2.376
korean_content_7004,세상에서 가장 큰 금융거래소는 어디인가?,ko,0.184,0.0,0.2,1.0,1.946,0,3.33
korean_polar_321,하이에나는 암컷이 무리에서 우두머리인가요?,ko,-2.136,0.0,0.75,1.0,1.792,1,1.406
korean_content_2849,선천성 기형은 신생아의 몇 퍼센트인가요?,ko,-0.816,0.0,0.6,1.0,1.946,0,2.73
korean_content_3329,가장 처음 발견된 공룡 화석은 무엇인가?,ko,0.184,1.0,0.3,1.0,2.079,0,4.563
korean_polar_179,난민의 지위에 관한 협약(Convention Relating to the Status of Refugees)은 국제사회에 널리 적용되고 있는 난민에 대한 다자 조약인가요?,ko,0.864,1.0,0.438,0.55,3.135,1,5.987
korean_content_4672,대한민국 국보 중 가장 큰 것은 무엇인가?,ko,2.184,0.0,0.2,1.0,2.197,0,5.581
korean_content_466,2019년 기준 북한과 동맹관계에 있는 나라는 몇 개국인가?,ko,2.184,0.0,0.4,0.875,2.303,0,5.762
korean_content_3175,일본에서 가장 지진이 약한 섬은 어디인가?,ko,0.184,0.0,0.2,1.0,2.079,0,3.463
korean_content_11207,스위스에는 몇 개의 초등학교가 있나요?,ko,0.184,0.0,0.4,1.0,1.946,0,3.53
korean_content_2938,2019년 5월 기준 하버드에 재학중인 한국인은 몇 명인가?,ko,2.184,1.0,0.4,1.0,2.303,0,6.887
korean_content_2669,나치 강제수용소에 수용된 사람은 몇 명인가?,ko,1.184,1.0,0.3,1.0,2.079,0,5.563
korean_content_11135,알제리의 수도는 어디인가요?,ko,-0.816,0.0,0.2,1.0,1.609,0,1.993
korean_polar_164,스페인 헌법에서는 국명을 에스파냐(España)로 표기하고 있나요?,ko,-1.136,0.0,0.75,0.625,2.398,1,2.637
korean_polar_182,불교에서 의지(意志)는 심조작성(心造作性)의 성질 즉 사(思)의 마음작용을 가리키나요?,ko,0.864,0.0,0.75,0.692,2.996,1,5.302
korean_content_26,2018년 일본에서 가장 많이 판매된 음료수는 무엇인가?,ko,1.184,1.0,0.4,1.0,2.197,0,5.781
korean_polar_24,라소는 르네상스 시대 음악가인가요?,ko,-1.136,0.0,0.5,1.0,1.792,1,2.156
korean_polar_241,폴란드는 단일 국가인가요?,ko,-2.136,0.0,0.5,1.0,1.609,1,0.973
korean_content_3225,세상에서 가장 규모가 큰 연구소는 무엇인가?,ko,0.184,0.0,0.2,1.0,2.079,0,3.463
korean_polar_304,윌리엄 하워드 태프트는 미국 역사상 행정부와 사법부의 수장을 모두 지낸 인물인가요?,ko,0.864,1.0,0.625,0.909,2.565,1,5.963
korean_polar_360,호흡(呼吸)은 일반적으로 활물이 체내에 산소를 받아들이고 이산화탄소를 배출하는 생명 활동인가요?,ko,-0.136,0.0,0.875,0.818,2.639,1,4.196
korean_polar_94,그리스어는 2019년에도 사용하는 나라가 있는가?,ko,-0.136,1.0,0.25,1.0,1.946,1,4.06
korean_content_1697,중국에서 가장 인구밀도가 낮은 도시는 어디인가?,ko,0.184,0.0,0.2,1.0,2.079,0,3.463
korean_polar_202,전류의 SI 단위는 암페어로 1 암페어는 1 초 당 1 쿨롱의 전하가 흐르는 것을 뜻하나요?,ko,3.864,1.0,0.625,0.733,2.833,1,9.055
korean_polar_127,포틀랜드는 장미의 도시라는 별명을 갖고있나요?,ko,-0.136,1.0,0.375,1.0,1.946,1,4.185
korean_polar_338,아담은 창조신화에 최초로 등장하는 인간인가요?,ko,-1.136,1.0,0.5,1.0,1.946,1,3.31
korean_polar_145,코트니 러브는 언제 골든 글로브상 여우주연상 부문에 입후보 하였나요?,ko,0.864,0.0,1.0,1.0,2.398,1,5.262
korean_polar_110,디젤 기관은 압축점화기관형태인가요?,ko,-1.136,0.0,0.25,1.0,1.609,1,1.723
korean_polar_47,조정래의 아버지는 승려인가요?,ko,-1.136,0.0,0.25,1.0,1.609,1,1.723
korean_content_203,오스트리아는 언제 건국되었는가?,ko,-1.816,0.0,0.4,1.0,1.609,0,1.193
korean_polar_357,링구아 프랑카는 이탈리아어인가요?,ko,-1.136,0.0,0.25,1.0,1.609,1,1.723
korean_content_2359,발레 작품중 백조의 호수는 몇시간동안 공연하는가?,ko,0.184,0.0,0.4,1.0,2.079,0,3.663
korean_polar_334,"냉각재는 핵분열 과정에서 발생한 열에너지를 흡수 및 운반하여 증기를 발생시키고, 증기의 운동에너지를 발전기의 터빈으로 전달해 터빈이 돌아가면서 전기에너지가 만들어지게 하는 열매체인가요?",ko,1.864,1.0,0.417,0.714,3.178,1,7.173
korean_content_11183,2018년 한국의 성비는 어떤가?,ko,-0.816,0.0,0.4,1.0,1.792,0,2.376
korean_polar_271,스칸디나비아에서는 동성결혼이 합법적인가?,ko,-2.136,0.0,0.5,1.0,1.609,1,0.973
korean_content_6307,감시와 처벌이 첫번째로 쓰여진 언어는 무엇인가요?,ko,1.184,1.0,0.3,0.833,2.079,0,5.396
korean_content_10705,샤한샤의 의미는 무엇인가?,ko,-0.816,0.0,0.2,1.0,1.609,0,1.993
korean_polar_119,헤라클레스는 그리스 신들 중 한 명인가?,ko,-0.136,0.0,0.75,0.833,2.079,1,3.526
korean_polar_177,확률이 낮을수록 어떤 정보일지는 불확실하게 될 때 엔트로피가 높다고 표현하나요?,ko,1.864,1.0,0.333,0.7,2.485,1,6.382
korean_polar_29,하와이주는 미국의 최남단 주인가요?,ko,-2.136,0.0,0.75,1.0,1.792,1,1.406
korean_content_5419,태양의 부피는 지구에 몇배인가요?,ko,-0.816,0.0,0.4,1.0,1.792,0,2.376
korean_content_5026,"크리스토퍼 놀란의 영화에서, 하비덴트의 직업은 무엇인가?",ko,0.184,0.0,0.4,1.0,2.197,0,3.781
korean_polar_45,심리극의 창시자는 유대인의 후손인가요?,ko,-1.136,0.0,0.5,1.0,1.792,1,2.156
korean_content_7483,장수말벌이 가장 많은 나라는 어디인가?,ko,0.184,0.0,0.2,1.0,1.946,0,3.33
korean_content_8207,디 토튼 호젠의 공식 웹사이트는 어디인가요?,ko,0.184,0.0,0.2,1.0,2.079,0,3.463
korean_content_36,"2019년 5월 기준, 가장 많이 사용되고있는 소셜 미디어는 무엇인가?",ko,1.184,1.0,0.3,1.0,2.485,0,5.969
korean_polar_287,두툽상어는 저생성 생물인가요?,ko,-2.136,0.0,0.5,1.0,1.609,1,0.973
korean_content_10531,영국의 초대왕은 누구인가?,ko,-0.816,0.0,0.2,1.0,1.609,0,1.993
korean_polar_77,촉매 활동은 기호 z로 표시 되나요?,ko,-1.136,0.0,0.75,1.0,2.079,1,2.693
korean_polar_132,순수과학은 자연을 탐구하여 그것의 작동 원리를 체계화시키는 작업을 말하나요?,ko,0.864,1.0,0.5,0.778,2.398,1,5.54
korean_content_2230,당나라는 언제 멸망했는가?,ko,-1.816,0.0,0.4,1.0,1.609,0,1.193
korean_content_6583,세계 최초로 석유를 추출한 나라는 어디인가?,ko,1.184,1.0,0.3,1.0,2.079,0,5.563
korean_content_4813,프랑스에서 가장 큰 주는 어디인가?,ko,0.184,0.0,0.2,1.0,1.946,0,3.33
korean_content_7283,"2019년 기준, 브라질은 월드컵 우승을 몇 번 했는가?",ko,-0.816,0.0,0.8,1.0,2.398,0,3.382
korean_content_10984,세상에서 가장 긴 팝송은 무엇인가?,ko,0.184,0.0,0.2,1.0,1.946,0,3.33
korean_content_10053,Gala Inc.의 최고 매출 게임은 무엇인가?,ko,0.184,0.0,0.2,0.833,2.079,0,3.296
korean_polar_328,도시철도(都市鐵道)는 도시 혹은 광역권 내부 지역 간의 교통을 담당하기 위해 건설 된 철도인가요?,ko,4.864,1.0,0.417,0.867,2.89,1,10.038
korean_content_6921,이화령-문경 전투의 한국 지휘관에서 제 6사단장 대령은 누구인가요?,ko,0.184,0.0,0.4,1.0,2.303,0,3.887
korean_content_4045,아일랜드에서 가장 큰 도시는 어디인가?,ko,0.184,0.0,0.2,1.0,1.946,0,3.33
korean_polar_97,타이머는 주기적 시간을 얻을 때 사용하는 디지털 카운터 회로 모듈인가요?,ko,2.864,1.0,0.333,1.0,2.485,1,7.682
korean_content_9227,세상에서 가장 비싼 원료는 무엇인가?,ko,0.184,0.0,0.2,1.0,1.946,0,3.33
korean_polar_221,R/S 명명법은 글리세르알데하이드와 같이 기준 분자가 없는 거울상 이성질체를 나타내는 데 주요하게 사용되는 명명법인가요?,ko,3.864,1.0,0.417,0.714,2.773,1,8.768
korean_polar_61,거울상 이성질체는 원자의 부분적인 배치에 의해서 명명될 수도 있나요?,ko,-0.136,1.0,0.25,0.889,2.398,1,4.401
korean_polar_198,미토콘드리아는 인지질 2중층으로 이루어진 내막과 외막을 가지고 있나요?,ko,1.864,1.0,0.375,0.75,2.303,1,6.292
korean_content_10267,2019년까지 지진으로 인한 가장 큰 피해를 입은 나라는 어디인가?,ko,2.184,1.0,0.267,1.0,2.398,0,6.849
korean_content_8400,앨버타주에서 캐나다 오일샌드 생산의 중심지 도시는 어디인가요?,ko,0.184,0.0,0.4,1.0,2.197,0,3.781
korean_content_4335,6.25전쟁 당시 남한 편에서 싸운 나라는 몇 개국인가?,ko,1.184,1.0,0.4,1.0,2.303,0,5.887
korean_content_10684,이최응의 가문은 무엇인가요?,ko,-0.816,0.0,0.2,1.0,1.609,0,1.993
korean_polar_341,스피노자는 속성이원론에 근접한 사람인가요?,ko,-1.136,1.0,0.375,1.0,1.792,1,3.031
korean_content_6607,공룡은 언제 멸종되나요?,ko,-1.816,0.0,0.4,1.0,1.609,0,1.193
korean_polar_379,사우스다코타는 대륙성 기후를 가지고 있나요?,ko,-1.136,0.0,0.5,0.8,1.946,1,2.11
korean_polar_272,한국의 강간에 대한 처벌을 받는가?,ko,0.864,1.0,0.25,1.0,1.946,1,5.06
korean_content_11539,최초로 지문 인식 센서사 탑제된 스마트폰은 무엇인가?,ko,2.184,1.0,0.3,1.0,2.197,0,6.681
korean_content_4114,트라프의 자서전은 첫 출간일은 언제인가?,ko,-0.816,0.0,0.4,0.8,1.946,0,2.33
korean_polar_215,덴마크는 입헌 군주국인가요?,ko,-2.136,0.0,0.5,1.0,1.609,1,0.973
korean_content_2633,닌텐도 회사의 첫 설립 자본금은 얼마인가요?,ko,0.184,0.0,0.2,1.0,2.079,0,3.463
korean_content_9357,세계에서 제일 높이가 큰 나무는 무엇인가요?,ko,0.184,0.0,0.2,1.0,2.079,0,3.463
korean_content_10469,2018년 세상에서 가장 많은 태풍이 활동했던 나라는 어디인가?,ko,2.184,1.0,0.4,1.0,2.303,0,6.887
korean_polar_144,리튬이온전지는 이차 전지의 일종인가요?,ko,-1.136,0.0,0.5,1.0,1.792,1,2.156
korean_polar_130,채무(債務)란 채권관계에서 어떤 급부를 이행해야만 하는 의무를 뜻하나요?,ko,0.864,0.0,0.25,0.8,2.639,1,4.553
korean_polar_303,아우토슈타트는 폭스바겐 자동차의 생산 단계를 기록하고 2000년에 개최될 독일 하노버 엑스포에서 회사의 공정을 소개하기 위한 컨셉으로 1994년 처음 고안되었나요?,ko,1.864,1.5,0.5,0.947,3.045,1,7.856
korean_content_10215,영국 축구 국가대표팀 현재 감독은 누구인가요?,ko,1.184,0.0,0.2,1.0,2.079,0,4.463
korean_content_2294,헐리우드가 설립된 해는 언제인가?,ko,0.184,1.0,0.2,1.0,1.792,0,4.176
korean_content_3636,일본에서 가장 많이 판매된 만화책은 무엇인가?,ko,1.184,1.0,0.3,1.0,2.079,0,5.563
korean_content_5561,제3공화국 당시 지도자는 누구였는가?,ko,0.184,0.0,0.2,0.75,1.792,0,2.926
korean_polar_109,"가톨릭교회의 4대 교리는 천주존재(天主存在), 삼위일체(三位一體), 상선벌악(賞善罰惡), 강생구속(降生救贖)인가요?",ko,-1.136,0.0,1.0,1.0,3.045,1,3.909
korean_polar_308,한국은 단일 민족 국가인가?,ko,-2.136,0.0,0.75,1.0,1.792,1,1.406
korean_content_4108,웨일스 지리 좌표는 무엇인가요?,ko,0.184,0.0,0.2,1.0,1.792,0,3.176
korean_polar_136,하늘의 색은 확산 일사의 결과인가요?,ko,-1.136,0.0,0.5,1.0,1.946,1,2.31
korean_content_6620,미국에서 가장 많이 판매되는 신문은 무엇인가?,ko,1.184,1.0,0.3,1.0,2.079,0,5.563
korean_content_9852,2018년 중국에서 가장 많이 플레이된 온라인 게임은 무엇인가?,ko,1.184,1.0,0.4,1.0,2.303,0,5.887
korean_polar_223,"율령에서 율(律)은 형법, 령(令)은 공사 제반의 제도에 관한 규정인가요?",ko,0.864,1.0,0.5,0.818,2.833,1,6.015
korean_polar_201,바빌론의 공중 정원은 고대 세계 7대 불가사의 중의 하나인가요?,ko,0.864,0.0,0.5,1.0,2.398,1,4.762
korean_content_7464,비생물학적 요인의 종류는 무엇인가?,ko,0.184,0.0,0.2,1.0,1.792,0,3.176
korean_polar_160,미토콘드리아에는 호흡 사슬이 있나요?,ko,-1.136,0.0,0.5,1.0,1.792,1,2.156
korean_content_6098,2018년 남초 현상이 제일 높은 나라는 어디인가요?,ko,1.184,0.0,0.4,1.0,2.197,0,4.781
korean_content_2270,한국의 민주당은 언제 창당했나요?,ko,-0.816,0.0,0.4,1.0,1.792,0,2.376
korean_content_1542,알고리즘의 이름은 어디서 따온 말인가요?,ko,-0.816,1.0,0.3,1.0,1.946,0,3.43
korean_polar_89,손빈병법은 손빈이 저작한 병법인가요?,ko,-1.136,1.0,0.375,1.0,1.792,1,3.031
korean_polar_105,베드로는 예수를 대신하여 교회의 새로운 지도자가 되었나요?,ko,-1.136,0.0,0.75,0.857,2.197,1,2.668
korean_polar_138,홍콩은 중국의 특별행정구인가요?,ko,-2.136,0.0,0.5,1.0,1.609,1,0.973
korean_content_10321,2018년 일본 프로야구 리그에서 장외홈런은 몇 번있었나?,ko,0.184,0.0,0.6,1.0,2.197,0,3.981
korean_content_4291,원산시는 어느 도에 있는 도시인가?,ko,0.184,0.0,0.4,0.8,1.946,0,3.33
korean_polar_292,감정표현규칙은 특히 감정노동이 수반되는 서비스 직종에서 중요한 개념인가요?,ko,-0.136,1.0,0.417,1.0,2.303,1,4.584
korean_content_8869,중국에서 가장 큰 다리는 무엇인가?,ko,0.184,0.0,0.2,1.0,1.946,0,3.33
korean_polar_189,반증이 불가능한 명제가 있는가?,ko,-0.136,0.0,0.25,1.0,1.792,1,2.906
korean_polar_376,초신성 발견은 국제천문연맹(IAU)의 중앙천문전보국(CBAT)로 보고되나요?,ko,-0.136,0.0,0.5,0.556,2.565,1,3.485
korean_polar_293,지온 공국은 건담 시리즈에 등장하는 가공의 국가인가요?,ko,-0.136,1.0,0.333,1.0,2.197,1,4.394
korean_content_10182,세상에서 가장 긴 철도는 무엇인가?,ko,0.184,0.0,0.2,1.0,1.946,0,3.33
korean_polar_123,가톨릭교회의 지도는 성품성사를 받은 성직자들이 맡고 있나요?,ko,-0.136,1.0,0.375,0.857,2.197,1,4.293
korean_content_7388,엔리코 페르미의 생일은 언제인가요?,ko,0.184,0.0,0.2,1.0,1.792,0,3.176
korean_polar_103,오픈스택은 우분투와 레드햇 배포판에 포함되어 있나요?,ko,-0.136,0.0,0.5,0.667,2.079,1,3.11
korean_content_755,세포분열은 어떻게 이루어지는가?,ko,-1.816,0.0,0.4,0.667,1.609,0,0.86
korean_polar_255,인도에 종교재판소가 들어 온 것은 포르투갈과 정부와 함께 온 예수회로부터인가요?,ko,-0.136,2.0,0.312,0.8,2.485,1,5.461
korean_polar_209,HIV를 치료할 수 있는가?,ko,-1.136,0.0,0.5,1.0,1.792,1,2.156
korean_polar_10,"상시 4륜구동(full-time 4WD, 풀 타임 4WD)는 항상 4륜으로 주행하는 것으로 전/후륜의 동력비율을 가변적으로 조절하도록 되어 있는 방식인가요?",ko,0.864,1.0,0.5,0.684,3.135,1,6.183
korean_polar_315,매슬로우의 5단계 욕구 중 제 1수준은 생리적 욕구인가요?,ko,0.864,0.0,0.5,0.875,2.303,1,4.542
korean_content_8702,아시아에서 가장 작은 나라는 무엇인가?,ko,0.184,0.0,0.2,1.0,1.946,0,3.33
korean_content_1074,누가 자기장을 발견하는가?,ko,-1.816,0.0,0.4,0.333,1.609,0,0.526
korean_content_6722,염색질의 구조는 어떻게 되는가?,ko,-0.816,0.0,0.4,0.75,1.792,0,2.126
korean_content_2890,고등고시와 현재 수능은 무엇이 다른가?,ko,0.184,0.0,0.0,0.6,1.946,0,2.73
korean_content_1382,스칸디나비아에는 얼마나 많은 사람들이 살고 있는가?,ko,0.184,0.0,0.4,0.833,2.079,0,3.496
korean_polar_228,스베티츠호벨리 대성당의 내부 벽에는 프레스코화들이 그려져 있나요?,ko,-0.136,0.0,0.5,0.857,2.197,1,3.418
korean_polar_62,스코틀랜드는 유럽 연합에서 가장 많은 석유가 매장되어 있는 곳인가요?,ko,0.864,1.0,0.5,0.889,2.398,1,5.651
