experiment_type,language,task,submetric,control_index,metric,value
finetune,ar,complexity,None,None,loss,0.042425019294023515
finetune,ar,complexity,None,None,mse,0.04214346408843994
finetune,ar,complexity,None,None,rmse,0.20528873346689033
finetune,ar,complexity,None,None,r2,0.27346545457839966
finetune,ar,question_type,None,None,loss,0.7428455591201782
finetune,ar,question_type,None,None,accuracy,0.7402597402597403
finetune,ar,question_type,None,None,f1,0.6875
finetune,ar,question_type,None,None,precision,0.5238095238095238
finetune,ar,question_type,None,None,recall,1.0
finetune,en,complexity,None,None,loss,0.020505619634475027
finetune,en,complexity,None,None,mse,0.02062632143497467
finetune,en,complexity,None,None,rmse,0.1436186667358205
finetune,en,complexity,None,None,r2,0.46478813886642456
finetune,en,question_type,None,None,loss,0.5510337267603193
finetune,en,question_type,None,None,accuracy,0.9181818181818182
finetune,en,question_type,None,None,f1,0.9217391304347826
finetune,en,question_type,None,None,precision,0.8833333333333333
finetune,en,question_type,None,None,recall,0.9636363636363636
finetune,fi,complexity,None,None,loss,0.030095573514699936
finetune,fi,complexity,None,None,mse,0.030247559770941734
finetune,fi,complexity,None,None,rmse,0.173918256002473
finetune,fi,complexity,None,None,r2,0.2339869737625122
finetune,fi,question_type,None,None,loss,0.54856190936906
finetune,fi,question_type,None,None,accuracy,0.9272727272727272
finetune,fi,question_type,None,None,f1,0.9298245614035088
finetune,fi,question_type,None,None,precision,0.8983050847457628
finetune,fi,question_type,None,None,recall,0.9636363636363636
finetune,id,complexity,None,None,loss,0.029883310198783875
finetune,id,complexity,None,None,mse,0.029735727235674858
finetune,id,complexity,None,None,rmse,0.17244050346619513
finetune,id,complexity,None,None,r2,0.27072030305862427
finetune,id,question_type,None,None,loss,0.6024368916239057
finetune,id,question_type,None,None,accuracy,0.7363636363636363
finetune,id,question_type,None,None,f1,0.6666666666666666
finetune,id,question_type,None,None,precision,0.90625
finetune,id,question_type,None,None,recall,0.5272727272727272
finetune,ja,complexity,None,None,loss,0.029252508965631325
finetune,ja,complexity,None,None,mse,0.029344333335757256
finetune,ja,complexity,None,None,rmse,0.17130187779401967
finetune,ja,complexity,None,None,r2,0.43632060289382935
finetune,ja,question_type,None,None,loss,0.5427728245655695
finetune,ja,question_type,None,None,accuracy,0.8804347826086957
finetune,ja,question_type,None,None,f1,0.907563025210084
finetune,ja,question_type,None,None,precision,0.84375
finetune,ja,question_type,None,None,recall,0.9818181818181818
finetune,ko,complexity,None,None,loss,0.030692162790468762
finetune,ko,complexity,None,None,mse,0.030765419825911522
finetune,ko,complexity,None,None,rmse,0.17540074066523073
finetune,ko,complexity,None,None,r2,0.044728100299835205
finetune,ko,question_type,None,None,loss,0.550518946988242
finetune,ko,question_type,None,None,accuracy,0.9181818181818182
finetune,ko,question_type,None,None,f1,0.9108910891089109
finetune,ko,question_type,None,None,precision,1.0
finetune,ko,question_type,None,None,recall,0.8363636363636363
finetune,ru,complexity,None,None,loss,0.045698177335517745
finetune,ru,complexity,None,None,mse,0.04553604498505592
finetune,ru,complexity,None,None,rmse,0.2133917640984673
finetune,ru,complexity,None,None,r2,-0.15179145336151123
finetune,ru,question_type,None,None,loss,0.5275429998125348
finetune,ru,question_type,None,None,accuracy,0.9636363636363636
finetune,ru,question_type,None,None,f1,0.9649122807017544
finetune,ru,question_type,None,None,precision,0.9322033898305084
finetune,ru,question_type,None,None,recall,1.0
finetune,ar,complexity,None,1,loss,0.058346182107925415
finetune,ar,complexity,None,1,mse,0.057651303708553314
finetune,ar,complexity,None,1,rmse,0.24010685893691858
finetune,ar,complexity,None,1,r2,0.00611722469329834
finetune,ar,complexity,None,2,loss,0.05723264068365097
finetune,ar,complexity,None,2,mse,0.05651538446545601
finetune,ar,complexity,None,2,rmse,0.237729645743765
finetune,ar,complexity,None,2,r2,0.025699913501739502
finetune,ar,complexity,None,3,loss,0.05757724642753601
finetune,ar,complexity,None,3,mse,0.05681005120277405
finetune,ar,complexity,None,3,rmse,0.23834859177845807
finetune,ar,complexity,None,3,r2,0.020619988441467285
finetune,ar,question_type,None,1,loss,0.6947960138320923
finetune,ar,question_type,None,1,accuracy,0.7142857142857143
finetune,ar,question_type,None,1,f1,0.0
finetune,ar,question_type,None,1,precision,0.0
finetune,ar,question_type,None,1,recall,0.0
finetune,ar,question_type,None,2,loss,0.6941935896873475
finetune,ar,question_type,None,2,accuracy,0.7402597402597403
finetune,ar,question_type,None,2,f1,0.16666666666666666
finetune,ar,question_type,None,2,precision,1.0
finetune,ar,question_type,None,2,recall,0.09090909090909091
finetune,ar,question_type,None,3,loss,0.6954205274581909
finetune,ar,question_type,None,3,accuracy,0.7142857142857143
finetune,ar,question_type,None,3,f1,0.0
finetune,ar,question_type,None,3,precision,0.0
finetune,ar,question_type,None,3,recall,0.0
finetune,en,complexity,None,1,loss,0.03838132108960833
finetune,en,complexity,None,1,mse,0.03841328248381615
finetune,en,complexity,None,1,rmse,0.19599306743815237
finetune,en,complexity,None,1,r2,0.003252089023590088
finetune,en,complexity,None,2,loss,0.04003453840102468
finetune,en,complexity,None,2,mse,0.04002934321761131
finetune,en,complexity,None,2,rmse,0.2000733445954541
finetune,en,complexity,None,2,r2,-0.0386815071105957
finetune,en,complexity,None,3,loss,0.04064037624214377
finetune,en,complexity,None,3,mse,0.0406411811709404
finetune,en,complexity,None,3,rmse,0.20159658025606586
finetune,en,complexity,None,3,r2,-0.0545574426651001
finetune,en,question_type,None,1,loss,0.6929375273840768
finetune,en,question_type,None,1,accuracy,0.5
finetune,en,question_type,None,1,f1,0.0
finetune,en,question_type,None,1,precision,0.0
finetune,en,question_type,None,1,recall,0.0
finetune,en,question_type,None,2,loss,0.6931214588029044
finetune,en,question_type,None,2,accuracy,0.5
finetune,en,question_type,None,2,f1,0.0
finetune,en,question_type,None,2,precision,0.0
finetune,en,question_type,None,2,recall,0.0
finetune,en,question_type,None,3,loss,0.6917045031275068
finetune,en,question_type,None,3,accuracy,0.5
finetune,en,question_type,None,3,f1,0.0
finetune,en,question_type,None,3,precision,0.0
finetune,en,question_type,None,3,recall,0.0
finetune,fi,complexity,None,1,loss,0.04047184091593538
finetune,fi,complexity,None,1,mse,0.040652479976415634
finetune,fi,complexity,None,1,rmse,0.20162460161502027
finetune,fi,complexity,None,1,r2,-0.029515385627746582
finetune,fi,complexity,None,2,loss,0.039231963721769195
finetune,fi,complexity,None,2,mse,0.03945787623524666
finetune,fi,complexity,None,2,rmse,0.19864006704400464
finetune,fi,complexity,None,2,r2,0.0007377266883850098
finetune,fi,complexity,None,3,loss,0.03829312085040978
finetune,fi,complexity,None,3,mse,0.03850947320461273
finetune,fi,complexity,None,3,rmse,0.1962383071793393
finetune,fi,complexity,None,3,r2,0.02475583553314209
finetune,fi,question_type,None,1,loss,0.6931370837347848
finetune,fi,question_type,None,1,accuracy,0.5
finetune,fi,question_type,None,1,f1,0.0
finetune,fi,question_type,None,1,precision,0.0
finetune,fi,question_type,None,1,recall,0.0
finetune,fi,question_type,None,2,loss,0.6903542024748666
finetune,fi,question_type,None,2,accuracy,0.4909090909090909
finetune,fi,question_type,None,2,f1,0.0967741935483871
finetune,fi,question_type,None,2,precision,0.42857142857142855
finetune,fi,question_type,None,2,recall,0.05454545454545454
finetune,fi,question_type,None,3,loss,0.693140549319131
finetune,fi,question_type,None,3,accuracy,0.5
finetune,fi,question_type,None,3,f1,0.0
finetune,fi,question_type,None,3,precision,0.0
finetune,fi,question_type,None,3,recall,0.0
finetune,id,complexity,None,1,loss,0.04211725401026862
finetune,id,complexity,None,1,mse,0.04208469018340111
finetune,id,complexity,None,1,rmse,0.20514553415417336
finetune,id,complexity,None,1,r2,-0.0321425199508667
finetune,id,complexity,None,2,loss,0.04359222948551178
finetune,id,complexity,None,2,mse,0.043470658361911774
finetune,id,complexity,None,2,rmse,0.20849618308715337
finetune,id,complexity,None,2,r2,-0.06613397598266602
finetune,id,complexity,None,3,loss,0.04486375195639474
finetune,id,complexity,None,3,mse,0.04473017901182175
finetune,id,complexity,None,3,rmse,0.21149510399019109
finetune,id,complexity,None,3,r2,-0.09702408313751221
finetune,id,question_type,None,1,loss,0.6929954205240522
finetune,id,question_type,None,1,accuracy,0.5
finetune,id,question_type,None,1,f1,0.0
finetune,id,question_type,None,1,precision,0.0
finetune,id,question_type,None,1,recall,0.0
finetune,id,question_type,None,2,loss,0.6932960663522992
finetune,id,question_type,None,2,accuracy,0.5
finetune,id,question_type,None,2,f1,0.0
finetune,id,question_type,None,2,precision,0.0
finetune,id,question_type,None,2,recall,0.0
finetune,id,question_type,None,3,loss,0.6928122554506574
finetune,id,question_type,None,3,accuracy,0.5
finetune,id,question_type,None,3,f1,0.0
finetune,id,question_type,None,3,precision,0.0
finetune,id,question_type,None,3,recall,0.0
finetune,ja,complexity,None,1,loss,0.05630692187696695
finetune,ja,complexity,None,1,mse,0.056981440633535385
finetune,ja,complexity,None,1,rmse,0.23870785624594634
finetune,ja,complexity,None,1,r2,-0.09456443786621094
finetune,ja,complexity,None,2,loss,0.05717386522640785
finetune,ja,complexity,None,2,mse,0.057753246277570724
finetune,ja,complexity,None,2,rmse,0.24031905100838494
finetune,ja,complexity,None,2,r2,-0.10939013957977295
finetune,ja,complexity,None,3,loss,0.058992739766836166
finetune,ja,complexity,None,3,mse,0.059668343514204025
finetune,ja,complexity,None,3,rmse,0.24427104518178985
finetune,ja,complexity,None,3,r2,-0.1461775302886963
finetune,ja,question_type,None,1,loss,0.6854105989138285
finetune,ja,question_type,None,1,accuracy,0.40217391304347827
finetune,ja,question_type,None,1,f1,0.0
finetune,ja,question_type,None,1,precision,0.0
finetune,ja,question_type,None,1,recall,0.0
finetune,ja,question_type,None,2,loss,0.6906378269195557
finetune,ja,question_type,None,2,accuracy,0.40217391304347827
finetune,ja,question_type,None,2,f1,0.0
finetune,ja,question_type,None,2,precision,0.0
finetune,ja,question_type,None,2,recall,0.0
finetune,ja,question_type,None,3,loss,0.6901339391867319
finetune,ja,question_type,None,3,accuracy,0.40217391304347827
finetune,ja,question_type,None,3,f1,0.0
finetune,ja,question_type,None,3,precision,0.0
finetune,ja,question_type,None,3,recall,0.0
finetune,ko,complexity,None,1,loss,0.03760975572679724
finetune,ko,complexity,None,1,mse,0.03768235445022583
finetune,ko,complexity,None,1,rmse,0.19411943346874322
finetune,ko,complexity,None,1,r2,-0.1700439453125
finetune,ko,complexity,None,2,loss,0.038027924352458546
finetune,ko,complexity,None,2,mse,0.03807395324110985
finetune,ko,complexity,None,2,rmse,0.19512548075817737
finetune,ko,complexity,None,2,r2,-0.18220317363739014
finetune,ko,complexity,None,3,loss,0.040486204837049754
finetune,ko,complexity,None,3,mse,0.04053252935409546
finetune,ko,complexity,None,3,rmse,0.20132692158301993
finetune,ko,complexity,None,3,r2,-0.25854241847991943
finetune,ko,question_type,None,1,loss,0.6928490655762809
finetune,ko,question_type,None,1,accuracy,0.5
finetune,ko,question_type,None,1,f1,0.0
finetune,ko,question_type,None,1,precision,0.0
finetune,ko,question_type,None,1,recall,0.0
finetune,ko,question_type,None,2,loss,0.6929465787751334
finetune,ko,question_type,None,2,accuracy,0.5
finetune,ko,question_type,None,2,f1,0.0
finetune,ko,question_type,None,2,precision,0.0
finetune,ko,question_type,None,2,recall,0.0
finetune,ko,question_type,None,3,loss,0.6931115218571254
finetune,ko,question_type,None,3,accuracy,0.5
finetune,ko,question_type,None,3,f1,0.0
finetune,ko,question_type,None,3,precision,0.0
finetune,ko,question_type,None,3,recall,0.0
finetune,ru,complexity,None,1,loss,0.05410240803446088
finetune,ru,complexity,None,1,mse,0.05394832044839859
finetune,ru,complexity,None,1,rmse,0.23226777746471547
finetune,ru,complexity,None,1,r2,-0.3645719289779663
finetune,ru,complexity,None,2,loss,0.05574591085314751
finetune,ru,complexity,None,2,mse,0.05561229959130287
finetune,ru,complexity,None,2,rmse,0.23582260195176982
finetune,ru,complexity,None,2,r2,-0.406660795211792
finetune,ru,complexity,None,3,loss,0.05912355785923345
finetune,ru,complexity,None,3,mse,0.058987438678741455
finetune,ru,complexity,None,3,rmse,0.24287329758279616
finetune,ru,complexity,None,3,r2,-0.49203169345855713
finetune,ru,question_type,None,1,loss,0.6931957347052438
finetune,ru,question_type,None,1,accuracy,0.5
finetune,ru,question_type,None,1,f1,0.0
finetune,ru,question_type,None,1,precision,0.0
finetune,ru,question_type,None,1,recall,0.0
finetune,ru,question_type,None,2,loss,0.6918963875089373
finetune,ru,question_type,None,2,accuracy,0.5
finetune,ru,question_type,None,2,f1,0.0
finetune,ru,question_type,None,2,precision,0.0
finetune,ru,question_type,None,2,recall,0.0
finetune,ru,question_type,None,3,loss,0.6927726439067295
finetune,ru,question_type,None,3,accuracy,0.5
finetune,ru,question_type,None,3,f1,0.0
finetune,ru,question_type,None,3,precision,0.0
finetune,ru,question_type,None,3,recall,0.0
finetune,ar,single_submetric,avg_links_len,None,loss,0.05795477665960789
finetune,ar,single_submetric,avg_links_len,None,mse,0.05610014498233795
finetune,ar,single_submetric,avg_links_len,None,rmse,0.2368546917042978
finetune,ar,single_submetric,avg_links_len,None,r2,-0.21127259731292725
finetune,ar,single_submetric,avg_max_depth,None,loss,0.038163870200514795
finetune,ar,single_submetric,avg_max_depth,None,mse,0.038009028881788254
finetune,ar,single_submetric,avg_max_depth,None,rmse,0.1949590441138555
finetune,ar,single_submetric,avg_max_depth,None,r2,0.2293441891670227
finetune,ar,single_submetric,avg_subordinate_chain_len,None,loss,0.0698704544454813
finetune,ar,single_submetric,avg_subordinate_chain_len,None,mse,0.06973201781511307
finetune,ar,single_submetric,avg_subordinate_chain_len,None,rmse,0.2640682067480163
finetune,ar,single_submetric,avg_subordinate_chain_len,None,r2,-0.2626006603240967
finetune,ar,single_submetric,avg_verb_edges,None,loss,0.10510768443346023
finetune,ar,single_submetric,avg_verb_edges,None,mse,0.10596301406621933
finetune,ar,single_submetric,avg_verb_edges,None,rmse,0.3255196062700668
finetune,ar,single_submetric,avg_verb_edges,None,r2,-0.5352530479431152
finetune,ar,single_submetric,lexical_density,None,loss,0.05472542345523834
finetune,ar,single_submetric,lexical_density,None,mse,0.05432123318314552
finetune,ar,single_submetric,lexical_density,None,rmse,0.23306915965683989
finetune,ar,single_submetric,lexical_density,None,r2,0.0639183521270752
finetune,ar,single_submetric,n_tokens,None,loss,0.05797166302800179
finetune,ar,single_submetric,n_tokens,None,mse,0.056492216885089874
finetune,ar,single_submetric,n_tokens,None,rmse,0.2376809140109695
finetune,ar,single_submetric,n_tokens,None,r2,0.24579298496246338
finetune,en,single_submetric,avg_links_len,None,loss,0.007887725518750293
finetune,en,single_submetric,avg_links_len,None,mse,0.007811257615685463
finetune,en,single_submetric,avg_links_len,None,rmse,0.08838131938190029
finetune,en,single_submetric,avg_links_len,None,r2,0.16018110513687134
finetune,en,single_submetric,avg_max_depth,None,loss,0.021831140720418522
finetune,en,single_submetric,avg_max_depth,None,mse,0.021944722160696983
finetune,en,single_submetric,avg_max_depth,None,rmse,0.14813751098454767
finetune,en,single_submetric,avg_max_depth,None,r2,0.223710298538208
finetune,en,single_submetric,avg_subordinate_chain_len,None,loss,0.019541154748627117
finetune,en,single_submetric,avg_subordinate_chain_len,None,mse,0.01948358304798603
finetune,en,single_submetric,avg_subordinate_chain_len,None,rmse,0.13958360594276834
finetune,en,single_submetric,avg_subordinate_chain_len,None,r2,0.2033960223197937
finetune,en,single_submetric,avg_verb_edges,None,loss,0.039423322305083275
finetune,en,single_submetric,avg_verb_edges,None,mse,0.03950449079275131
finetune,en,single_submetric,avg_verb_edges,None,rmse,0.1987573666376955
finetune,en,single_submetric,avg_verb_edges,None,r2,0.3358818292617798
finetune,en,single_submetric,lexical_density,None,loss,0.023060537608606473
finetune,en,single_submetric,lexical_density,None,mse,0.0231483094394207
finetune,en,single_submetric,lexical_density,None,rmse,0.15214568491883265
finetune,en,single_submetric,lexical_density,None,r2,0.19096910953521729
finetune,en,single_submetric,n_tokens,None,loss,0.019991231683109487
finetune,en,single_submetric,n_tokens,None,mse,0.020085450261831284
finetune,en,single_submetric,n_tokens,None,rmse,0.1417231465281211
finetune,en,single_submetric,n_tokens,None,r2,-0.0619049072265625
finetune,fi,single_submetric,avg_links_len,None,loss,0.02444045139210565
finetune,fi,single_submetric,avg_links_len,None,mse,0.024471750482916832
finetune,fi,single_submetric,avg_links_len,None,rmse,0.1564344926252418
finetune,fi,single_submetric,avg_links_len,None,r2,-0.3493232727050781
finetune,fi,single_submetric,avg_max_depth,None,loss,0.02313134340303285
finetune,fi,single_submetric,avg_max_depth,None,mse,0.0231600571423769
finetune,fi,single_submetric,avg_max_depth,None,rmse,0.15218428677881596
finetune,fi,single_submetric,avg_max_depth,None,r2,0.2404821515083313
finetune,fi,single_submetric,avg_subordinate_chain_len,None,loss,0.045485135300883224
finetune,fi,single_submetric,avg_subordinate_chain_len,None,mse,0.04554532840847969
finetune,fi,single_submetric,avg_subordinate_chain_len,None,rmse,0.2134135150558176
finetune,fi,single_submetric,avg_subordinate_chain_len,None,r2,-0.02594280242919922
finetune,fi,single_submetric,avg_verb_edges,None,loss,0.0791839419731072
finetune,fi,single_submetric,avg_verb_edges,None,mse,0.0791853591799736
finetune,fi,single_submetric,avg_verb_edges,None,rmse,0.28139893244284636
finetune,fi,single_submetric,avg_verb_edges,None,r2,-0.11904263496398926
finetune,fi,single_submetric,lexical_density,None,loss,0.043761146920067925
finetune,fi,single_submetric,lexical_density,None,mse,0.0439804382622242
finetune,fi,single_submetric,lexical_density,None,rmse,0.20971513598742508
finetune,fi,single_submetric,lexical_density,None,r2,0.01653987169265747
finetune,fi,single_submetric,n_tokens,None,loss,0.011284461045371634
finetune,fi,single_submetric,n_tokens,None,mse,0.011379255913197994
finetune,fi,single_submetric,n_tokens,None,rmse,0.1066735952014274
finetune,fi,single_submetric,n_tokens,None,r2,0.17699682712554932
finetune,id,single_submetric,avg_links_len,None,loss,0.031529221683740616
finetune,id,single_submetric,avg_links_len,None,mse,0.03141351789236069
finetune,id,single_submetric,avg_links_len,None,rmse,0.17723859030233988
finetune,id,single_submetric,avg_links_len,None,r2,-0.4149719476699829
finetune,id,single_submetric,avg_max_depth,None,loss,0.02763734066060611
finetune,id,single_submetric,avg_max_depth,None,mse,0.02766597270965576
finetune,id,single_submetric,avg_max_depth,None,rmse,0.16633091327127306
finetune,id,single_submetric,avg_max_depth,None,r2,0.14124011993408203
finetune,id,single_submetric,avg_subordinate_chain_len,None,loss,0.04316129961184093
finetune,id,single_submetric,avg_subordinate_chain_len,None,mse,0.04321357235312462
finetune,id,single_submetric,avg_subordinate_chain_len,None,rmse,0.2078787443514238
finetune,id,single_submetric,avg_subordinate_chain_len,None,r2,0.17580103874206543
finetune,id,single_submetric,avg_verb_edges,None,loss,0.046119293464081626
finetune,id,single_submetric,avg_verb_edges,None,mse,0.04596462845802307
finetune,id,single_submetric,avg_verb_edges,None,rmse,0.21439362970485637
finetune,id,single_submetric,avg_verb_edges,None,r2,0.2803419828414917
finetune,id,single_submetric,lexical_density,None,loss,0.03854018556220191
finetune,id,single_submetric,lexical_density,None,mse,0.038831453770399094
finetune,id,single_submetric,lexical_density,None,rmse,0.19705698102426894
finetune,id,single_submetric,lexical_density,None,r2,0.05102407932281494
finetune,id,single_submetric,n_tokens,None,loss,0.026594836530940875
finetune,id,single_submetric,n_tokens,None,mse,0.026504237204790115
finetune,id,single_submetric,n_tokens,None,rmse,0.16280121991186097
finetune,id,single_submetric,n_tokens,None,r2,0.10278213024139404
finetune,ja,single_submetric,avg_links_len,None,loss,0.10682731866836548
finetune,ja,single_submetric,avg_links_len,None,mse,0.1058201864361763
finetune,ja,single_submetric,avg_links_len,None,rmse,0.3253001482264899
finetune,ja,single_submetric,avg_links_len,None,r2,-1.4887704849243164
finetune,ja,single_submetric,avg_max_depth,None,loss,0.06646412548919518
finetune,ja,single_submetric,avg_max_depth,None,mse,0.06754720956087112
finetune,ja,single_submetric,avg_max_depth,None,rmse,0.2598984600971524
finetune,ja,single_submetric,avg_max_depth,None,r2,0.0021149516105651855
finetune,ja,single_submetric,avg_subordinate_chain_len,None,loss,0.05976657569408417
finetune,ja,single_submetric,avg_subordinate_chain_len,None,mse,0.06065336987376213
finetune,ja,single_submetric,avg_subordinate_chain_len,None,rmse,0.2462790487917357
finetune,ja,single_submetric,avg_subordinate_chain_len,None,r2,0.17571890354156494
finetune,ja,single_submetric,avg_verb_edges,None,loss,0.07680859913428624
finetune,ja,single_submetric,avg_verb_edges,None,mse,0.07801588624715805
finetune,ja,single_submetric,avg_verb_edges,None,rmse,0.279313240372092
finetune,ja,single_submetric,avg_verb_edges,None,r2,0.1833091378211975
finetune,ja,single_submetric,lexical_density,None,loss,0.07011127596100171
finetune,ja,single_submetric,lexical_density,None,mse,0.07125593721866608
finetune,ja,single_submetric,lexical_density,None,rmse,0.2669380774986328
finetune,ja,single_submetric,lexical_density,None,r2,-0.35983598232269287
finetune,ja,single_submetric,n_tokens,None,loss,0.03548473740617434
finetune,ja,single_submetric,n_tokens,None,mse,0.03533237800002098
finetune,ja,single_submetric,n_tokens,None,rmse,0.18796908788420766
finetune,ja,single_submetric,n_tokens,None,r2,0.4077555537223816
finetune,ko,single_submetric,avg_links_len,None,loss,0.024843685728098665
finetune,ko,single_submetric,avg_links_len,None,mse,0.02501477301120758
finetune,ko,single_submetric,avg_links_len,None,rmse,0.15816059247235886
finetune,ko,single_submetric,avg_links_len,None,r2,-0.08703804016113281
finetune,ko,single_submetric,avg_max_depth,None,loss,0.028649848087557724
finetune,ko,single_submetric,avg_max_depth,None,mse,0.028801297768950462
finetune,ko,single_submetric,avg_max_depth,None,rmse,0.169709451030137
finetune,ko,single_submetric,avg_max_depth,None,r2,0.17510145902633667
finetune,ko,single_submetric,avg_subordinate_chain_len,None,loss,0.046613960926021845
finetune,ko,single_submetric,avg_subordinate_chain_len,None,mse,0.0464717261493206
finetune,ko,single_submetric,avg_subordinate_chain_len,None,rmse,0.21557301813845026
finetune,ko,single_submetric,avg_subordinate_chain_len,None,r2,0.08032125234603882
finetune,ko,single_submetric,avg_verb_edges,None,loss,0.03398316672870091
finetune,ko,single_submetric,avg_verb_edges,None,mse,0.03390464559197426
finetune,ko,single_submetric,avg_verb_edges,None,rmse,0.18413214165912006
finetune,ko,single_submetric,avg_verb_edges,None,r2,0.02275669574737549
finetune,ko,single_submetric,lexical_density,None,loss,0.07421251599277769
finetune,ko,single_submetric,lexical_density,None,mse,0.0743877962231636
finetune,ko,single_submetric,lexical_density,None,rmse,0.2727412624139655
finetune,ko,single_submetric,lexical_density,None,r2,-0.8608797788619995
finetune,ko,single_submetric,n_tokens,None,loss,0.07044929053102221
finetune,ko,single_submetric,n_tokens,None,mse,0.07002145797014236
finetune,ko,single_submetric,n_tokens,None,rmse,0.26461567975111067
finetune,ko,single_submetric,n_tokens,None,r2,-0.6791485548019409
finetune,ru,single_submetric,avg_links_len,None,loss,0.014833830430039338
finetune,ru,single_submetric,avg_links_len,None,mse,0.014618780463933945
finetune,ru,single_submetric,avg_links_len,None,rmse,0.12090814887315886
finetune,ru,single_submetric,avg_links_len,None,r2,0.13216149806976318
finetune,ru,single_submetric,avg_max_depth,None,loss,0.016912565167461122
finetune,ru,single_submetric,avg_max_depth,None,mse,0.016949046403169632
finetune,ru,single_submetric,avg_max_depth,None,rmse,0.13018850334484083
finetune,ru,single_submetric,avg_max_depth,None,r2,0.30513298511505127
finetune,ru,single_submetric,avg_subordinate_chain_len,None,loss,0.04672559377338205
finetune,ru,single_submetric,avg_subordinate_chain_len,None,mse,0.046408385038375854
finetune,ru,single_submetric,avg_subordinate_chain_len,None,rmse,0.2154260546878577
finetune,ru,single_submetric,avg_subordinate_chain_len,None,r2,-0.22881221771240234
finetune,ru,single_submetric,avg_verb_edges,None,loss,0.0388107318431139
finetune,ru,single_submetric,avg_verb_edges,None,mse,0.03845399245619774
finetune,ru,single_submetric,avg_verb_edges,None,rmse,0.19609689558021498
finetune,ru,single_submetric,avg_verb_edges,None,r2,0.06043189764022827
finetune,ru,single_submetric,lexical_density,None,loss,0.043247445087347715
finetune,ru,single_submetric,lexical_density,None,mse,0.042912065982818604
finetune,ru,single_submetric,lexical_density,None,rmse,0.20715227728127586
finetune,ru,single_submetric,lexical_density,None,r2,-0.06746673583984375
finetune,ru,single_submetric,n_tokens,None,loss,0.005862301415098565
finetune,ru,single_submetric,n_tokens,None,mse,0.005937651731073856
finetune,ru,single_submetric,n_tokens,None,rmse,0.07705615959203947
finetune,ru,single_submetric,n_tokens,None,r2,0.4780306816101074
finetune,ar,single_submetric,avg_links_len,1,loss,0.0676881093531847
finetune,ar,single_submetric,avg_links_len,1,mse,0.06560792773962021
finetune,ar,single_submetric,avg_links_len,1,rmse,0.25614044534126235
finetune,ar,single_submetric,avg_links_len,1,r2,-0.41655755043029785
finetune,ar,single_submetric,avg_links_len,2,loss,0.06671207100152969
finetune,ar,single_submetric,avg_links_len,2,mse,0.06471289694309235
finetune,ar,single_submetric,avg_links_len,2,rmse,0.2543872971339024
finetune,ar,single_submetric,avg_links_len,2,r2,-0.3972327709197998
finetune,ar,single_submetric,avg_links_len,3,loss,0.06637989655137062
finetune,ar,single_submetric,avg_links_len,3,mse,0.06432957202196121
finetune,ar,single_submetric,avg_links_len,3,rmse,0.25363275029451776
finetune,ar,single_submetric,avg_links_len,3,r2,-0.38895630836486816
finetune,ar,single_submetric,avg_max_depth,1,loss,0.05379345789551735
finetune,ar,single_submetric,avg_max_depth,1,mse,0.05370607599616051
finetune,ar,single_submetric,avg_max_depth,1,rmse,0.2317457140836924
finetune,ar,single_submetric,avg_max_depth,1,r2,-0.08892285823822021
finetune,ar,single_submetric,avg_max_depth,2,loss,0.05068509876728058
finetune,ar,single_submetric,avg_max_depth,2,mse,0.050602108240127563
finetune,ar,single_submetric,avg_max_depth,2,rmse,0.22494912367050368
finetune,ar,single_submetric,avg_max_depth,2,r2,-0.025988101959228516
finetune,ar,single_submetric,avg_max_depth,3,loss,0.05594992861151695
finetune,ar,single_submetric,avg_max_depth,3,mse,0.05585632100701332
finetune,ar,single_submetric,avg_max_depth,3,rmse,0.23633941907141373
finetune,ar,single_submetric,avg_max_depth,3,r2,-0.13252043724060059
finetune,ar,single_submetric,avg_subordinate_chain_len,1,loss,0.06420844830572606
finetune,ar,single_submetric,avg_subordinate_chain_len,1,mse,0.06419453024864197
finetune,ar,single_submetric,avg_subordinate_chain_len,1,rmse,0.2533663952631484
finetune,ar,single_submetric,avg_subordinate_chain_len,1,r2,-0.1623363494873047
finetune,ar,single_submetric,avg_subordinate_chain_len,2,loss,0.07706810534000397
finetune,ar,single_submetric,avg_subordinate_chain_len,2,mse,0.07687929272651672
finetune,ar,single_submetric,avg_subordinate_chain_len,2,rmse,0.27727115379447015
finetune,ar,single_submetric,avg_subordinate_chain_len,2,r2,-0.3920125961303711
finetune,ar,single_submetric,avg_subordinate_chain_len,3,loss,0.0673154603689909
finetune,ar,single_submetric,avg_subordinate_chain_len,3,mse,0.06726094335317612
finetune,ar,single_submetric,avg_subordinate_chain_len,3,rmse,0.259347148342094
finetune,ar,single_submetric,avg_subordinate_chain_len,3,r2,-0.2178581953048706
finetune,ar,single_submetric,avg_verb_edges,1,loss,0.1303728401660919
finetune,ar,single_submetric,avg_verb_edges,1,mse,0.13123470544815063
finetune,ar,single_submetric,avg_verb_edges,1,rmse,0.3622633095528039
finetune,ar,single_submetric,avg_verb_edges,1,r2,-0.9014037847518921
finetune,ar,single_submetric,avg_verb_edges,2,loss,0.12694913893938065
finetune,ar,single_submetric,avg_verb_edges,2,mse,0.12783221900463104
finetune,ar,single_submetric,avg_verb_edges,2,rmse,0.3575363184414012
finetune,ar,single_submetric,avg_verb_edges,2,r2,-0.8521066904067993
finetune,ar,single_submetric,avg_verb_edges,3,loss,0.12801168411970137
finetune,ar,single_submetric,avg_verb_edges,3,mse,0.1289372593164444
finetune,ar,single_submetric,avg_verb_edges,3,rmse,0.35907834704482583
finetune,ar,single_submetric,avg_verb_edges,3,r2,-0.8681172132492065
finetune,ar,single_submetric,lexical_density,1,loss,0.06081148013472557
finetune,ar,single_submetric,lexical_density,1,mse,0.06041445583105087
finetune,ar,single_submetric,lexical_density,1,rmse,0.24579352276057007
finetune,ar,single_submetric,lexical_density,1,r2,-0.041082143783569336
finetune,ar,single_submetric,lexical_density,2,loss,0.05995495840907097
finetune,ar,single_submetric,lexical_density,2,mse,0.05943501368165016
finetune,ar,single_submetric,lexical_density,2,rmse,0.24379297299481412
finetune,ar,single_submetric,lexical_density,2,r2,-0.024204015731811523
finetune,ar,single_submetric,lexical_density,3,loss,0.061572519689798356
finetune,ar,single_submetric,lexical_density,3,mse,0.060995183885097504
finetune,ar,single_submetric,lexical_density,3,rmse,0.2469720305724871
finetune,ar,single_submetric,lexical_density,3,r2,-0.05108940601348877
finetune,ar,single_submetric,n_tokens,1,loss,0.0813287153840065
finetune,ar,single_submetric,n_tokens,1,mse,0.07946557551622391
finetune,ar,single_submetric,n_tokens,1,rmse,0.281896391456549
finetune,ar,single_submetric,n_tokens,1,r2,-0.06091594696044922
finetune,ar,single_submetric,n_tokens,2,loss,0.08255203813314438
finetune,ar,single_submetric,n_tokens,2,mse,0.08077418059110641
finetune,ar,single_submetric,n_tokens,2,rmse,0.2842079882605456
finetune,ar,single_submetric,n_tokens,2,r2,-0.07838666439056396
finetune,ar,single_submetric,n_tokens,3,loss,0.08024768978357315
finetune,ar,single_submetric,n_tokens,3,mse,0.07845080643892288
finetune,ar,single_submetric,n_tokens,3,rmse,0.2800907110900375
finetune,ar,single_submetric,n_tokens,3,r2,-0.04736804962158203
finetune,en,single_submetric,avg_links_len,1,loss,0.010410818603954144
finetune,en,single_submetric,avg_links_len,1,mse,0.010332790203392506
finetune,en,single_submetric,avg_links_len,1,rmse,0.1016503330215524
finetune,en,single_submetric,avg_links_len,1,r2,-0.11091876029968262
finetune,en,single_submetric,avg_links_len,2,loss,0.012752932962030172
finetune,en,single_submetric,avg_links_len,2,mse,0.012640041299164295
finetune,en,single_submetric,avg_links_len,2,rmse,0.1124279382500822
finetune,en,single_submetric,avg_links_len,2,r2,-0.3589804172515869
finetune,en,single_submetric,avg_links_len,3,loss,0.009245260984503798
finetune,en,single_submetric,avg_links_len,3,mse,0.009160357527434826
finetune,en,single_submetric,avg_links_len,3,rmse,0.09570975669927714
finetune,en,single_submetric,avg_links_len,3,r2,0.015134155750274658
finetune,en,single_submetric,avg_max_depth,1,loss,0.02686769568494388
finetune,en,single_submetric,avg_max_depth,1,mse,0.026916861534118652
finetune,en,single_submetric,avg_max_depth,1,rmse,0.16406358990988418
finetune,en,single_submetric,avg_max_depth,1,r2,0.04782193899154663
finetune,en,single_submetric,avg_max_depth,2,loss,0.028697446786931584
finetune,en,single_submetric,avg_max_depth,2,mse,0.028751783072948456
finetune,en,single_submetric,avg_max_depth,2,rmse,0.16956350749187885
finetune,en,single_submetric,avg_max_depth,2,r2,-0.017087936401367188
finetune,en,single_submetric,avg_max_depth,3,loss,0.02794510032981634
finetune,en,single_submetric,avg_max_depth,3,mse,0.0280161015689373
finetune,en,single_submetric,avg_max_depth,3,rmse,0.16738011103155984
finetune,en,single_submetric,avg_max_depth,3,r2,0.008936583995819092
finetune,en,single_submetric,avg_subordinate_chain_len,1,loss,0.027192622556218078
finetune,en,single_submetric,avg_subordinate_chain_len,1,mse,0.026969047263264656
finetune,en,single_submetric,avg_subordinate_chain_len,1,rmse,0.16422255406388203
finetune,en,single_submetric,avg_subordinate_chain_len,1,r2,-0.1026538610458374
finetune,en,single_submetric,avg_subordinate_chain_len,2,loss,0.026828714779445102
finetune,en,single_submetric,avg_subordinate_chain_len,2,mse,0.026636337861418724
finetune,en,single_submetric,avg_subordinate_chain_len,2,rmse,0.1632064271449465
finetune,en,single_submetric,avg_subordinate_chain_len,2,r2,-0.0890507698059082
finetune,en,single_submetric,avg_subordinate_chain_len,3,loss,0.025641803363604204
finetune,en,single_submetric,avg_subordinate_chain_len,3,mse,0.025449709966778755
finetune,en,single_submetric,avg_subordinate_chain_len,3,rmse,0.15952965231197225
finetune,en,single_submetric,avg_subordinate_chain_len,3,r2,-0.040534377098083496
finetune,en,single_submetric,avg_verb_edges,1,loss,0.056317822209426334
finetune,en,single_submetric,avg_verb_edges,1,mse,0.05641791224479675
finetune,en,single_submetric,avg_verb_edges,1,rmse,0.23752455082537627
finetune,en,single_submetric,avg_verb_edges,1,r2,0.05154675245285034
finetune,en,single_submetric,avg_verb_edges,2,loss,0.05841035449079105
finetune,en,single_submetric,avg_verb_edges,2,mse,0.05853547528386116
finetune,en,single_submetric,avg_verb_edges,2,rmse,0.24194105745792954
finetune,en,single_submetric,avg_verb_edges,2,r2,0.015947937965393066
finetune,en,single_submetric,avg_verb_edges,3,loss,0.057199673993246894
finetune,en,single_submetric,avg_verb_edges,3,mse,0.05733288824558258
finetune,en,single_submetric,avg_verb_edges,3,rmse,0.2394428705256905
finetune,en,single_submetric,avg_verb_edges,3,r2,0.03616487979888916
finetune,en,single_submetric,lexical_density,1,loss,0.030533667919891223
finetune,en,single_submetric,lexical_density,1,mse,0.03071199730038643
finetune,en,single_submetric,lexical_density,1,rmse,0.17524838744018853
finetune,en,single_submetric,lexical_density,1,r2,-0.07338094711303711
finetune,en,single_submetric,lexical_density,2,loss,0.03041630344731467
finetune,en,single_submetric,lexical_density,2,mse,0.03057464212179184
finetune,en,single_submetric,lexical_density,2,rmse,0.17485606115257155
finetune,en,single_submetric,lexical_density,2,r2,-0.06858038902282715
finetune,en,single_submetric,lexical_density,3,loss,0.029567800196153775
finetune,en,single_submetric,lexical_density,3,mse,0.029706360772252083
finetune,en,single_submetric,lexical_density,3,rmse,0.17235533288022184
finetune,en,single_submetric,lexical_density,3,r2,-0.03823411464691162
finetune,en,single_submetric,n_tokens,1,loss,0.024129833760006086
finetune,en,single_submetric,n_tokens,1,mse,0.02423255704343319
finetune,en,single_submetric,n_tokens,1,rmse,0.15566809899087605
finetune,en,single_submetric,n_tokens,1,r2,-0.2811598777770996
finetune,en,single_submetric,n_tokens,2,loss,0.02724203946334975
finetune,en,single_submetric,n_tokens,2,mse,0.027373922988772392
finetune,en,single_submetric,n_tokens,2,rmse,0.16545066632918826
finetune,en,single_submetric,n_tokens,2,r2,-0.4472419023513794
finetune,en,single_submetric,n_tokens,3,loss,0.026844901697976247
finetune,en,single_submetric,n_tokens,3,mse,0.02695351466536522
finetune,en,single_submetric,n_tokens,3,rmse,0.16417525594731144
finetune,en,single_submetric,n_tokens,3,r2,-0.4250152111053467
finetune,fi,single_submetric,avg_links_len,1,loss,0.02497345528432301
finetune,fi,single_submetric,avg_links_len,1,mse,0.025025706738233566
finetune,fi,single_submetric,avg_links_len,1,rmse,0.15819515396570644
finetune,fi,single_submetric,avg_links_len,1,r2,-0.3798673152923584
finetune,fi,single_submetric,avg_links_len,2,loss,0.025645141622849872
finetune,fi,single_submetric,avg_links_len,2,mse,0.025719299912452698
finetune,fi,single_submetric,avg_links_len,2,rmse,0.16037237889503508
finetune,fi,single_submetric,avg_links_len,2,r2,-0.418110728263855
finetune,fi,single_submetric,avg_links_len,3,loss,0.023608906726752008
finetune,fi,single_submetric,avg_links_len,3,mse,0.023668987676501274
finetune,fi,single_submetric,avg_links_len,3,rmse,0.1538472868675339
finetune,fi,single_submetric,avg_links_len,3,r2,-0.3050605058670044
finetune,fi,single_submetric,avg_max_depth,1,loss,0.03395341682646956
finetune,fi,single_submetric,avg_max_depth,1,mse,0.033956099301576614
finetune,fi,single_submetric,avg_max_depth,1,rmse,0.18427180821161063
finetune,fi,single_submetric,avg_max_depth,1,r2,-0.11356651782989502
finetune,fi,single_submetric,avg_max_depth,2,loss,0.03094590162592275
finetune,fi,single_submetric,avg_max_depth,2,mse,0.03097456507384777
finetune,fi,single_submetric,avg_max_depth,2,rmse,0.17599592345803858
finetune,fi,single_submetric,avg_max_depth,2,r2,-0.015789270401000977
finetune,fi,single_submetric,avg_max_depth,3,loss,0.03015632421842643
finetune,fi,single_submetric,avg_max_depth,3,mse,0.030186984688043594
finetune,fi,single_submetric,avg_max_depth,3,rmse,0.17374402058212995
finetune,fi,single_submetric,avg_max_depth,3,r2,0.010038971900939941
finetune,fi,single_submetric,avg_subordinate_chain_len,1,loss,0.048860587046614716
finetune,fi,single_submetric,avg_subordinate_chain_len,1,mse,0.04894337058067322
finetune,fi,single_submetric,avg_subordinate_chain_len,1,rmse,0.22123148641337928
finetune,fi,single_submetric,avg_subordinate_chain_len,1,r2,-0.10248637199401855
finetune,fi,single_submetric,avg_subordinate_chain_len,2,loss,0.05206576096160071
finetune,fi,single_submetric,avg_subordinate_chain_len,2,mse,0.05214604735374451
finetune,fi,single_submetric,avg_subordinate_chain_len,2,rmse,0.22835509049229558
finetune,fi,single_submetric,avg_subordinate_chain_len,2,r2,-0.1746290922164917
finetune,fi,single_submetric,avg_subordinate_chain_len,3,loss,0.052683300737823756
finetune,fi,single_submetric,avg_subordinate_chain_len,3,mse,0.05277940258383751
finetune,fi,single_submetric,avg_subordinate_chain_len,3,rmse,0.22973768211557613
finetune,fi,single_submetric,avg_subordinate_chain_len,3,r2,-0.1888958215713501
finetune,fi,single_submetric,avg_verb_edges,1,loss,0.090634252343859
finetune,fi,single_submetric,avg_verb_edges,1,mse,0.09064892679452896
finetune,fi,single_submetric,avg_verb_edges,1,rmse,0.30107960208976126
finetune,fi,single_submetric,avg_verb_edges,1,r2,-0.2810450792312622
finetune,fi,single_submetric,avg_verb_edges,2,loss,0.08587705556835447
finetune,fi,single_submetric,avg_verb_edges,2,mse,0.08588621765375137
finetune,fi,single_submetric,avg_verb_edges,2,rmse,0.2930635044725825
finetune,fi,single_submetric,avg_verb_edges,2,r2,-0.2137387990951538
finetune,fi,single_submetric,avg_verb_edges,3,loss,0.08890221693686076
finetune,fi,single_submetric,avg_verb_edges,3,mse,0.08887450397014618
finetune,fi,single_submetric,avg_verb_edges,3,rmse,0.2981182717817648
finetune,fi,single_submetric,avg_verb_edges,3,r2,-0.2559690475463867
finetune,fi,single_submetric,lexical_density,1,loss,0.054322607815265656
finetune,fi,single_submetric,lexical_density,1,mse,0.054578736424446106
finetune,fi,single_submetric,lexical_density,1,rmse,0.2336209246288656
finetune,fi,single_submetric,lexical_density,1,r2,-0.2204519510269165
finetune,fi,single_submetric,lexical_density,2,loss,0.04751653064574514
finetune,fi,single_submetric,lexical_density,2,mse,0.04782301187515259
finetune,fi,single_submetric,lexical_density,2,rmse,0.21868473169188696
finetune,fi,single_submetric,lexical_density,2,r2,-0.06938517093658447
finetune,fi,single_submetric,lexical_density,3,loss,0.049949980207851956
finetune,fi,single_submetric,lexical_density,3,mse,0.05026404932141304
finetune,fi,single_submetric,lexical_density,3,rmse,0.22419645251745854
finetune,fi,single_submetric,lexical_density,3,r2,-0.1239699125289917
finetune,fi,single_submetric,n_tokens,1,loss,0.014615147175001246
finetune,fi,single_submetric,n_tokens,1,mse,0.014740683138370514
finetune,fi,single_submetric,n_tokens,1,rmse,0.12141121504362978
finetune,fi,single_submetric,n_tokens,1,r2,-0.06611788272857666
finetune,fi,single_submetric,n_tokens,2,loss,0.015389252720134599
finetune,fi,single_submetric,n_tokens,2,mse,0.015519808977842331
finetune,fi,single_submetric,n_tokens,2,rmse,0.12457852534783967
finetune,fi,single_submetric,n_tokens,2,r2,-0.12246811389923096
finetune,fi,single_submetric,n_tokens,3,loss,0.013862603610115392
finetune,fi,single_submetric,n_tokens,3,mse,0.013997429050505161
finetune,fi,single_submetric,n_tokens,3,rmse,0.11831073091864981
finetune,fi,single_submetric,n_tokens,3,r2,-0.012362122535705566
finetune,id,single_submetric,avg_links_len,1,loss,0.04014098537819726
finetune,id,single_submetric,avg_links_len,1,mse,0.04004240781068802
finetune,id,single_submetric,avg_links_len,1,rmse,0.200105991441256
finetune,id,single_submetric,avg_links_len,1,r2,-0.8036466836929321
finetune,id,single_submetric,avg_links_len,2,loss,0.02919845176594598
finetune,id,single_submetric,avg_links_len,2,mse,0.02899622544646263
finetune,id,single_submetric,avg_links_len,2,rmse,0.1702827808278413
finetune,id,single_submetric,avg_links_len,2,r2,-0.30608880519866943
finetune,id,single_submetric,avg_links_len,3,loss,0.035757353263241906
finetune,id,single_submetric,avg_links_len,3,mse,0.03558593988418579
finetune,id,single_submetric,avg_links_len,3,rmse,0.18864235972915996
finetune,id,single_submetric,avg_links_len,3,r2,-0.602912187576294
finetune,id,single_submetric,avg_max_depth,1,loss,0.03258135435836656
finetune,id,single_submetric,avg_max_depth,1,mse,0.03273671865463257
finetune,id,single_submetric,avg_max_depth,1,rmse,0.18093291202717257
finetune,id,single_submetric,avg_max_depth,1,r2,-0.01615726947784424
finetune,id,single_submetric,avg_max_depth,2,loss,0.03416493641478675
finetune,id,single_submetric,avg_max_depth,2,mse,0.03428806737065315
finetune,id,single_submetric,avg_max_depth,2,rmse,0.18517037390104593
finetune,id,single_submetric,avg_max_depth,2,r2,-0.06431162357330322
finetune,id,single_submetric,avg_max_depth,3,loss,0.0354659091681242
finetune,id,single_submetric,avg_max_depth,3,mse,0.03551343455910683
finetune,id,single_submetric,avg_max_depth,3,rmse,0.18845008505996177
finetune,id,single_submetric,avg_max_depth,3,r2,-0.10234737396240234
finetune,id,single_submetric,avg_subordinate_chain_len,1,loss,0.06529803414429937
finetune,id,single_submetric,avg_subordinate_chain_len,1,mse,0.06572070717811584
finetune,id,single_submetric,avg_subordinate_chain_len,1,rmse,0.25636050237529934
finetune,id,single_submetric,avg_subordinate_chain_len,1,r2,-0.2534705400466919
finetune,id,single_submetric,avg_subordinate_chain_len,2,loss,0.0745309330523014
finetune,id,single_submetric,avg_subordinate_chain_len,2,mse,0.07511546462774277
finetune,id,single_submetric,avg_subordinate_chain_len,2,rmse,0.2740720062825512
finetune,id,single_submetric,avg_subordinate_chain_len,2,r2,-0.4326537847518921
finetune,id,single_submetric,avg_subordinate_chain_len,3,loss,0.06549545962895666
finetune,id,single_submetric,avg_subordinate_chain_len,3,mse,0.06594621390104294
finetune,id,single_submetric,avg_subordinate_chain_len,3,rmse,0.2567999491842686
finetune,id,single_submetric,avg_subordinate_chain_len,3,r2,-0.25777149200439453
finetune,id,single_submetric,avg_verb_edges,1,loss,0.0670016376035554
finetune,id,single_submetric,avg_verb_edges,1,mse,0.06661659479141235
finetune,id,single_submetric,avg_verb_edges,1,rmse,0.2581019077639922
finetune,id,single_submetric,avg_verb_edges,1,r2,-0.04300129413604736
finetune,id,single_submetric,avg_verb_edges,2,loss,0.06772806601864952
finetune,id,single_submetric,avg_verb_edges,2,mse,0.06744862347841263
finetune,id,single_submetric,avg_verb_edges,2,rmse,0.2597087281521602
finetune,id,single_submetric,avg_verb_edges,2,r2,-0.05602824687957764
finetune,id,single_submetric,avg_verb_edges,3,loss,0.06750540701406342
finetune,id,single_submetric,avg_verb_edges,3,mse,0.06708836555480957
finetune,id,single_submetric,avg_verb_edges,3,rmse,0.25901421882747977
finetune,id,single_submetric,avg_verb_edges,3,r2,-0.05038774013519287
finetune,id,single_submetric,lexical_density,1,loss,0.04790738836995193
finetune,id,single_submetric,lexical_density,1,mse,0.04823343828320503
finetune,id,single_submetric,lexical_density,1,rmse,0.21962112440110362
finetune,id,single_submetric,lexical_density,1,r2,-0.17874479293823242
finetune,id,single_submetric,lexical_density,2,loss,0.04880108391599996
finetune,id,single_submetric,lexical_density,2,mse,0.04912172257900238
finetune,id,single_submetric,lexical_density,2,rmse,0.22163420895476035
finetune,id,single_submetric,lexical_density,2,r2,-0.20045292377471924
finetune,id,single_submetric,lexical_density,3,loss,0.04733646794089249
finetune,id,single_submetric,lexical_density,3,mse,0.04768901690840721
finetune,id,single_submetric,lexical_density,3,rmse,0.21837815116995385
finetune,id,single_submetric,lexical_density,3,r2,-0.16543996334075928
finetune,id,single_submetric,n_tokens,1,loss,0.03308912459760904
finetune,id,single_submetric,n_tokens,1,mse,0.03308543935418129
finetune,id,single_submetric,n_tokens,1,rmse,0.18189403331110476
finetune,id,single_submetric,n_tokens,1,r2,-0.12000381946563721
finetune,id,single_submetric,n_tokens,2,loss,0.033316860374595435
finetune,id,single_submetric,n_tokens,2,mse,0.03333374857902527
finetune,id,single_submetric,n_tokens,2,rmse,0.18257532302867566
finetune,id,single_submetric,n_tokens,2,r2,-0.12840962409973145
finetune,id,single_submetric,n_tokens,3,loss,0.03395323508552143
finetune,id,single_submetric,n_tokens,3,mse,0.033936113119125366
finetune,id,single_submetric,n_tokens,3,rmse,0.18421757006085324
finetune,id,single_submetric,n_tokens,3,r2,-0.14880084991455078
finetune,ja,single_submetric,avg_links_len,1,loss,0.10897469893097878
finetune,ja,single_submetric,avg_links_len,1,mse,0.10810594260692596
finetune,ja,single_submetric,avg_links_len,1,rmse,0.3287946815368612
finetune,ja,single_submetric,avg_links_len,1,r2,-1.5425286293029785
finetune,ja,single_submetric,avg_links_len,2,loss,0.1093522384762764
finetune,ja,single_submetric,avg_links_len,2,mse,0.10845249891281128
finetune,ja,single_submetric,avg_links_len,2,rmse,0.32932127005829925
finetune,ja,single_submetric,avg_links_len,2,r2,-1.5506792068481445
finetune,ja,single_submetric,avg_links_len,3,loss,0.10857097121576469
finetune,ja,single_submetric,avg_links_len,3,mse,0.10770505666732788
finetune,ja,single_submetric,avg_links_len,3,rmse,0.3281844857200411
finetune,ja,single_submetric,avg_links_len,3,r2,-1.5331003665924072
finetune,ja,single_submetric,avg_max_depth,1,loss,0.08560166197518508
finetune,ja,single_submetric,avg_max_depth,1,mse,0.08713167905807495
finetune,ja,single_submetric,avg_max_depth,1,rmse,0.2951807565849694
finetune,ja,single_submetric,avg_max_depth,1,r2,-0.28720927238464355
finetune,ja,single_submetric,avg_max_depth,2,loss,0.08503291259209315
finetune,ja,single_submetric,avg_max_depth,2,mse,0.08646593987941742
finetune,ja,single_submetric,avg_max_depth,2,rmse,0.2940509137537536
finetune,ja,single_submetric,avg_max_depth,2,r2,-0.277374267578125
finetune,ja,single_submetric,avg_max_depth,3,loss,0.0793566033244133
finetune,ja,single_submetric,avg_max_depth,3,mse,0.08062709867954254
finetune,ja,single_submetric,avg_max_depth,3,rmse,0.2839491128345756
finetune,ja,single_submetric,avg_max_depth,3,r2,-0.19111621379852295
finetune,ja,single_submetric,avg_subordinate_chain_len,1,loss,0.08926897806425889
finetune,ja,single_submetric,avg_subordinate_chain_len,1,mse,0.09095422923564911
finetune,ja,single_submetric,avg_subordinate_chain_len,1,rmse,0.3015861887349106
finetune,ja,single_submetric,avg_subordinate_chain_len,1,r2,-0.2360706329345703
finetune,ja,single_submetric,avg_subordinate_chain_len,2,loss,0.09096283217271169
finetune,ja,single_submetric,avg_subordinate_chain_len,2,mse,0.09269443899393082
finetune,ja,single_submetric,avg_subordinate_chain_len,2,rmse,0.3044576144456414
finetune,ja,single_submetric,avg_subordinate_chain_len,2,r2,-0.2597200870513916
finetune,ja,single_submetric,avg_subordinate_chain_len,3,loss,0.08385497704148293
finetune,ja,single_submetric,avg_subordinate_chain_len,3,mse,0.08534815162420273
finetune,ja,single_submetric,avg_subordinate_chain_len,3,rmse,0.29214405971062074
finetune,ja,single_submetric,avg_subordinate_chain_len,3,r2,-0.15988397598266602
finetune,ja,single_submetric,avg_verb_edges,1,loss,0.1068526121477286
finetune,ja,single_submetric,avg_verb_edges,1,mse,0.10839679092168808
finetune,ja,single_submetric,avg_verb_edges,1,rmse,0.3292366791863994
finetune,ja,single_submetric,avg_verb_edges,1,r2,-0.1347261667251587
finetune,ja,single_submetric,avg_verb_edges,2,loss,0.10704585661490758
finetune,ja,single_submetric,avg_verb_edges,2,mse,0.10878295451402664
finetune,ja,single_submetric,avg_verb_edges,2,rmse,0.32982261067735585
finetune,ja,single_submetric,avg_verb_edges,2,r2,-0.13876855373382568
finetune,ja,single_submetric,avg_verb_edges,3,loss,0.10442986401418845
finetune,ja,single_submetric,avg_verb_edges,3,mse,0.10595972836017609
finetune,ja,single_submetric,avg_verb_edges,3,rmse,0.3255145593674361
finetune,ja,single_submetric,avg_verb_edges,3,r2,-0.10921430587768555
finetune,ja,single_submetric,lexical_density,1,loss,0.06240018270909786
finetune,ja,single_submetric,lexical_density,1,mse,0.06305631995201111
finetune,ja,single_submetric,lexical_density,1,rmse,0.2511101749272839
finetune,ja,single_submetric,lexical_density,1,r2,-0.20335590839385986
finetune,ja,single_submetric,lexical_density,2,loss,0.06354384745160739
finetune,ja,single_submetric,lexical_density,2,mse,0.06425818055868149
finetune,ja,single_submetric,lexical_density,2,rmse,0.25349197336144885
finetune,ja,single_submetric,lexical_density,2,r2,-0.22629201412200928
finetune,ja,single_submetric,lexical_density,3,loss,0.06390162681539853
finetune,ja,single_submetric,lexical_density,3,mse,0.06457299739122391
finetune,ja,single_submetric,lexical_density,3,rmse,0.25411217481896436
finetune,ja,single_submetric,lexical_density,3,r2,-0.23229992389678955
finetune,ja,single_submetric,n_tokens,1,loss,0.06000568407277266
finetune,ja,single_submetric,n_tokens,1,mse,0.06006373092532158
finetune,ja,single_submetric,n_tokens,1,rmse,0.24507902995834135
finetune,ja,single_submetric,n_tokens,1,r2,-0.006793498992919922
finetune,ja,single_submetric,n_tokens,2,loss,0.061410405983527504
finetune,ja,single_submetric,n_tokens,2,mse,0.06151346489787102
finetune,ja,single_submetric,n_tokens,2,rmse,0.24801908172128817
finetune,ja,single_submetric,n_tokens,2,r2,-0.031094074249267578
finetune,ja,single_submetric,n_tokens,3,loss,0.060041420782605805
finetune,ja,single_submetric,n_tokens,3,mse,0.05992601066827774
finetune,ja,single_submetric,n_tokens,3,rmse,0.24479789759774845
finetune,ja,single_submetric,n_tokens,3,r2,-0.004485130310058594
finetune,ko,single_submetric,avg_links_len,1,loss,0.02570464209254299
finetune,ko,single_submetric,avg_links_len,1,mse,0.025881728157401085
finetune,ko,single_submetric,avg_links_len,1,rmse,0.1608779915258799
finetune,ko,single_submetric,avg_links_len,1,r2,-0.12471222877502441
finetune,ko,single_submetric,avg_links_len,2,loss,0.02609948574432305
finetune,ko,single_submetric,avg_links_len,2,mse,0.026264844462275505
finetune,ko,single_submetric,avg_links_len,2,rmse,0.1620643219906081
finetune,ko,single_submetric,avg_links_len,2,r2,-0.14136087894439697
finetune,ko,single_submetric,avg_links_len,3,loss,0.027807113049285754
finetune,ko,single_submetric,avg_links_len,3,mse,0.027957748621702194
finetune,ko,single_submetric,avg_links_len,3,rmse,0.16720570750336902
finetune,ko,single_submetric,avg_links_len,3,r2,-0.2149275541305542
finetune,ko,single_submetric,avg_max_depth,1,loss,0.035633670166134834
finetune,ko,single_submetric,avg_max_depth,1,mse,0.035781748592853546
finetune,ko,single_submetric,avg_max_depth,1,rmse,0.18916064229340507
finetune,ko,single_submetric,avg_max_depth,1,r2,-0.0248258113861084
finetune,ko,single_submetric,avg_max_depth,2,loss,0.03676109441689083
finetune,ko,single_submetric,avg_max_depth,2,mse,0.03688262030482292
finetune,ko,single_submetric,avg_max_depth,2,rmse,0.19204848425546847
finetune,ko,single_submetric,avg_max_depth,2,r2,-0.056355953216552734
finetune,ko,single_submetric,avg_max_depth,3,loss,0.038047883925693374
finetune,ko,single_submetric,avg_max_depth,3,mse,0.038148242980241776
finetune,ko,single_submetric,avg_max_depth,3,rmse,0.1953157520023456
finetune,ko,single_submetric,avg_max_depth,3,r2,-0.0926046371459961
finetune,ko,single_submetric,avg_subordinate_chain_len,1,loss,0.05304475820490292
finetune,ko,single_submetric,avg_subordinate_chain_len,1,mse,0.05304088070988655
finetune,ko,single_submetric,avg_subordinate_chain_len,1,rmse,0.2303060587780672
finetune,ko,single_submetric,avg_subordinate_chain_len,1,r2,-0.0496828556060791
finetune,ko,single_submetric,avg_subordinate_chain_len,2,loss,0.051817560834544044
finetune,ko,single_submetric,avg_subordinate_chain_len,2,mse,0.05178763344883919
finetune,ko,single_submetric,avg_subordinate_chain_len,2,rmse,0.22756896415996447
finetune,ko,single_submetric,avg_subordinate_chain_len,2,r2,-0.02488088607788086
finetune,ko,single_submetric,avg_subordinate_chain_len,3,loss,0.05538183131388256
finetune,ko,single_submetric,avg_subordinate_chain_len,3,mse,0.05537126213312149
finetune,ko,single_submetric,avg_subordinate_chain_len,3,rmse,0.23531099025145744
finetune,ko,single_submetric,avg_subordinate_chain_len,3,r2,-0.09580123424530029
finetune,ko,single_submetric,avg_verb_edges,1,loss,0.034576445019670894
finetune,ko,single_submetric,avg_verb_edges,1,mse,0.03453175723552704
finetune,ko,single_submetric,avg_verb_edges,1,rmse,0.1858272241506261
finetune,ko,single_submetric,avg_verb_edges,1,r2,0.004681289196014404
finetune,ko,single_submetric,avg_verb_edges,2,loss,0.03481503762304783
finetune,ko,single_submetric,avg_verb_edges,2,mse,0.03477902337908745
finetune,ko,single_submetric,avg_verb_edges,2,rmse,0.18649134934116232
finetune,ko,single_submetric,avg_verb_edges,2,r2,-0.002445697784423828
finetune,ko,single_submetric,avg_verb_edges,3,loss,0.03481039271822998
finetune,ko,single_submetric,avg_verb_edges,3,mse,0.03476539999246597
finetune,ko,single_submetric,avg_verb_edges,3,rmse,0.1864548202446533
finetune,ko,single_submetric,avg_verb_edges,3,r2,-0.0020530223846435547
finetune,ko,single_submetric,lexical_density,1,loss,0.0760460974914687
finetune,ko,single_submetric,lexical_density,1,mse,0.07616611570119858
finetune,ko,single_submetric,lexical_density,1,rmse,0.2759820930806899
finetune,ko,single_submetric,lexical_density,1,r2,-0.9053663015365601
finetune,ko,single_submetric,lexical_density,2,loss,0.07686996938926834
finetune,ko,single_submetric,lexical_density,2,mse,0.0769684687256813
finetune,ko,single_submetric,lexical_density,2,rmse,0.27743191728004424
finetune,ko,single_submetric,lexical_density,2,r2,-0.9254378080368042
finetune,ko,single_submetric,lexical_density,3,loss,0.07826767755406243
finetune,ko,single_submetric,lexical_density,3,mse,0.07840308547019958
finetune,ko,single_submetric,lexical_density,3,rmse,0.28000550971400473
finetune,ko,single_submetric,lexical_density,3,r2,-0.961326003074646
finetune,ko,single_submetric,n_tokens,1,loss,0.07544239876525742
finetune,ko,single_submetric,n_tokens,1,mse,0.07490625232458115
finetune,ko,single_submetric,n_tokens,1,rmse,0.2736900661781153
finetune,ko,single_submetric,n_tokens,1,r2,-0.7962884902954102
finetune,ko,single_submetric,n_tokens,2,loss,0.07402194610663823
finetune,ko,single_submetric,n_tokens,2,mse,0.07348570227622986
finetune,ko,single_submetric,n_tokens,2,rmse,0.2710824639777163
finetune,ko,single_submetric,n_tokens,2,r2,-0.7622230052947998
finetune,ko,single_submetric,n_tokens,3,loss,0.07591539674571582
finetune,ko,single_submetric,n_tokens,3,mse,0.07537295669317245
finetune,ko,single_submetric,n_tokens,3,rmse,0.2745413569813708
finetune,ko,single_submetric,n_tokens,3,r2,-0.8074802160263062
finetune,ru,single_submetric,avg_links_len,1,loss,0.01624811746712242
finetune,ru,single_submetric,avg_links_len,1,mse,0.016193313524127007
finetune,ru,single_submetric,avg_links_len,1,rmse,0.12725295094467165
finetune,ru,single_submetric,avg_links_len,1,r2,0.03868991136550903
finetune,ru,single_submetric,avg_links_len,2,loss,0.017248015850782394
finetune,ru,single_submetric,avg_links_len,2,mse,0.017177080735564232
finetune,ru,single_submetric,avg_links_len,2,rmse,0.13106136248171782
finetune,ru,single_submetric,avg_links_len,2,r2,-0.019711017608642578
finetune,ru,single_submetric,avg_links_len,3,loss,0.016326251040611948
finetune,ru,single_submetric,avg_links_len,3,mse,0.016241267323493958
finetune,ru,single_submetric,avg_links_len,3,rmse,0.12744123086149928
finetune,ru,single_submetric,avg_links_len,3,r2,0.03584325313568115
finetune,ru,single_submetric,avg_max_depth,1,loss,0.023117954709700177
finetune,ru,single_submetric,avg_max_depth,1,mse,0.02314549870789051
finetune,ru,single_submetric,avg_max_depth,1,rmse,0.1521364476642284
finetune,ru,single_submetric,avg_max_depth,1,r2,0.05109459161758423
finetune,ru,single_submetric,avg_max_depth,2,loss,0.022024222516587803
finetune,ru,single_submetric,avg_max_depth,2,mse,0.022058870643377304
finetune,ru,single_submetric,avg_max_depth,2,rmse,0.148522290055659
finetune,ru,single_submetric,avg_max_depth,2,r2,0.09564346075057983
finetune,ru,single_submetric,avg_max_depth,3,loss,0.023282380641571114
finetune,ru,single_submetric,avg_max_depth,3,mse,0.02332417666912079
finetune,ru,single_submetric,avg_max_depth,3,rmse,0.15272254800493865
finetune,ru,single_submetric,avg_max_depth,3,r2,0.04376918077468872
finetune,ru,single_submetric,avg_subordinate_chain_len,1,loss,0.05237826332449913
finetune,ru,single_submetric,avg_subordinate_chain_len,1,mse,0.052064865827560425
finetune,ru,single_submetric,avg_subordinate_chain_len,1,rmse,0.2281772684286505
finetune,ru,single_submetric,avg_subordinate_chain_len,1,r2,-0.3785858154296875
finetune,ru,single_submetric,avg_subordinate_chain_len,2,loss,0.05585799366235733
finetune,ru,single_submetric,avg_subordinate_chain_len,2,mse,0.0555521696805954
finetune,ru,single_submetric,avg_subordinate_chain_len,2,rmse,0.23569507776064266
finetune,ru,single_submetric,avg_subordinate_chain_len,2,r2,-0.4709235429763794
finetune,ru,single_submetric,avg_subordinate_chain_len,3,loss,0.0516425541469029
finetune,ru,single_submetric,avg_subordinate_chain_len,3,mse,0.0513361357152462
finetune,ru,single_submetric,avg_subordinate_chain_len,3,rmse,0.22657479055545038
finetune,ru,single_submetric,avg_subordinate_chain_len,3,r2,-0.3592904806137085
finetune,ru,single_submetric,avg_verb_edges,1,loss,0.04305454210511276
finetune,ru,single_submetric,avg_verb_edges,1,mse,0.04270005598664284
finetune,ru,single_submetric,avg_verb_edges,1,rmse,0.2066399186668511
finetune,ru,single_submetric,avg_verb_edges,1,r2,-0.043314576148986816
finetune,ru,single_submetric,avg_verb_edges,2,loss,0.04287182007517133
finetune,ru,single_submetric,avg_verb_edges,2,mse,0.04253073036670685
finetune,ru,single_submetric,avg_verb_edges,2,rmse,0.2062297998997886
finetune,ru,single_submetric,avg_verb_edges,2,r2,-0.03917741775512695
finetune,ru,single_submetric,avg_verb_edges,3,loss,0.0449054946324655
finetune,ru,single_submetric,avg_verb_edges,3,mse,0.04452165961265564
finetune,ru,single_submetric,avg_verb_edges,3,rmse,0.21100156305737558
finetune,ru,single_submetric,avg_verb_edges,3,r2,-0.08782291412353516
finetune,ru,single_submetric,lexical_density,1,loss,0.04682436878127711
finetune,ru,single_submetric,lexical_density,1,mse,0.046488843858242035
finetune,ru,single_submetric,lexical_density,1,rmse,0.2156127172924687
finetune,ru,single_submetric,lexical_density,1,r2,-0.1564415693283081
finetune,ru,single_submetric,lexical_density,2,loss,0.043370653076895645
finetune,ru,single_submetric,lexical_density,2,mse,0.04310252517461777
finetune,ru,single_submetric,lexical_density,2,rmse,0.2076114765002594
finetune,ru,single_submetric,lexical_density,2,r2,-0.07220458984375
finetune,ru,single_submetric,lexical_density,3,loss,0.04686510895511934
finetune,ru,single_submetric,lexical_density,3,mse,0.04655017703771591
finetune,ru,single_submetric,lexical_density,3,rmse,0.21575490037937936
finetune,ru,single_submetric,lexical_density,3,r2,-0.15796732902526855
finetune,ru,single_submetric,n_tokens,1,loss,0.011080061750752586
finetune,ru,single_submetric,n_tokens,1,mse,0.01119085680693388
finetune,ru,single_submetric,n_tokens,1,rmse,0.10578684609597679
finetune,ru,single_submetric,n_tokens,1,r2,0.016229987144470215
finetune,ru,single_submetric,n_tokens,2,loss,0.010440686850675516
finetune,ru,single_submetric,n_tokens,2,mse,0.010578631423413754
finetune,ru,single_submetric,n_tokens,2,rmse,0.10285247407531699
finetune,ru,single_submetric,n_tokens,2,r2,0.0700497031211853
finetune,ru,single_submetric,n_tokens,3,loss,0.010608525946736336
finetune,ru,single_submetric,n_tokens,3,mse,0.0107347397133708
finetune,ru,single_submetric,n_tokens,3,rmse,0.10360858899420838
finetune,ru,single_submetric,n_tokens,3,r2,0.056326448917388916
